{"strategy":{"CoralTrendMix":{"trades":[{"pair":"BTC/USDT","stake_amount":9000,"amount":0.23469141,"open_date":"2022-02-01 02:30:00+00:00","close_date":"2022-02-01 11:15:00+00:00","open_rate":38348.23,"close_rate":38363.5723604721,"fee_open":0.0002,"fee_close":0.0002,"trade_duration":525,"profit_ratio":-6.123e-05,"profit_abs":-0.551209,"exit_reason":"roi","initial_stop_loss_abs":29604.833560000003,"initial_stop_loss_ratio":-0.228,"stop_loss_abs":29604.833560000003,"stop_loss_ratio":-0.228,"min_rate":37969.0,"max_rate":39100.0,"is_open":false,"enter_tag":null,"is_short":false,"open_timestamp":1643682600000,"close_timestamp":1643714100000,"orders":[{"amount":0.23469141,"safe_price":38348.23,"ft_order_side":"buy","order_filled_timestamp":1643682600000,"ft_is_entry":true},{"amount":0.23469141,"safe_price":38363.5723604721,"ft_order_side":"sell","order_filled_timestamp":1643714100000,"ft_is_entry":false}]},{"pair":"BTC/USDT","stake_amount":9000,"amount":0.23455819,"open_date":"2022-02-01 11:30:00+00:00","close_date":"2022-02-01 20:15:00+00:00","open_rate":38370.01,"close_rate":38524.73,"fee_open":0.0002,"fee_close":0.0002,"trade_duration":525,"profit_ratio":0.00369371,"profit_abs":33.250077,"exit_reason":"roi","initial_stop_loss_abs":29621.64772,"initial_stop_loss_ratio":-0.228,"stop_loss_abs":29621.64772,"stop_loss_ratio":-0.228,"min_rate":38170.89,"max_rate":39260.26,"is_open":false,"enter_tag":null,"is_short":false,"open_timestamp":1643715000000,"close_timestamp":1643746500000,"orders":[{"amount":0.23455819,"safe_price":38370.01,"ft_order_side":"buy","order_filled_timestamp":1643715000000,"ft_is_entry":true},{"amount":0.23455819,"safe_price":38524.73,"ft_order_side":"sell","order_filled_timestamp":1643746500000,"ft_is_entry":false}]},{"pair":"BTC/USDT","stake_amount":9000,"amount":0.2405642,"open_date":"2022-02-02 20:45:00+00:00","close_date":"2022-02-03 05:30:00+00:00","open_rate":37412.05,"close_rate":36978.0,"fee_open":0.0002,"fee_close":0.0002,"trade_duration":525,"profit_ratio":0.01113034,"profit_abs":100.15298665,"exit_reason":"roi","initial_stop_loss_abs":45941.9974,"initial_stop_loss_ratio":-0.228,"stop_loss_abs":45941.9974,"stop_loss_ratio":-0.228,"min_rate":36529.81,"max_rate":37620.0,"is_open":false,"enter_tag":null,"is_short":true,"open_timestamp":1643834700000,"close_timestamp":1643866200000,"orders":[{"amount":0.2405642,"safe_price":37412.05,"ft_order_side":"sell","order_filled_timestamp":1643834700000,"ft_is_entry":true},{"amount":0.2405642,"safe_price":36978.0,"ft_order_side":"buy","order_filled_timestamp":1643866200000,"ft_is_entry":false}]},{"pair":"BTC/USDT","stake_amount":9000,"amount":0.2443209,"open_date":"2022-02-03 06:30:00+00:00","close_date":"2022-02-03 15:15:00+00:00","open_rate":36836.8,"close_rate":36592.53,"fee_open":0.0002,"fee_close":0.0002,"trade_duration":525,"profit_ratio":0.00624545,"profit_abs":56.19777512,"exit_reason":"roi","initial_stop_loss_abs":45235.5904,"initial_stop_loss_ratio":-0.228,"stop_loss_abs":45235.5904,"stop_loss_ratio":-0.228,"min_rate":36204.3,"max_rate":37084.63,"is_open":false,"enter_tag":null,"is_short":true,"open_timestamp":1643869800000,"close_timestamp":1643901300000,"orders":[{"amount":0.2443209,"safe_price":36836.8,"ft_order_side":"sell","order_filled_timestamp":1643869800000,"ft_is_entry":true},{"amount":0.2443209,"safe_price":36592.53,"ft_order_side":"buy","order_filled_timestamp":1643901300000,"ft_is_entry":false}]},{"pair":"BTC/USDT","stake_amount":9000,"amount":0.24099605,"open_date":"2022-02-04 02:45:00+00:00","close_date":"2022-02-04 11:30:00+00:00","open_rate":37345.01,"close_rate":37880.8,"fee_open":0.0002,"fee_close":0.0002,"trade_duration":525,"profit_ratio":0.01402825,"profit_abs":126.27945587,"exit_reason":"roi","initial_stop_loss_abs":28830.34772,"initial_stop_loss_ratio":-0.228,"stop_loss_abs":28830.34772,"stop_loss_ratio":-0.228,"min_rate":37226.41,"max_rate":38239.0,"is_open":false,"enter_tag":null,"is_short":false,"open_timestamp":1643942700000,"close_timestamp":1643974200000,"orders":[{"amount":0.24099605,"safe_price":37345.01,"ft_order_side":"buy","order_filled_timestamp":1643942700000,"ft_is_entry":true},{"amount":0.24099605,"safe_price":37880.8,"ft_order_side":"sell","order_filled_timestamp":1643974200000,"ft_is_entry":false}]},{"pair":"BTC/USDT","stake_amount":9000,"amount":0.23717409,"open_date":"2022-02-04 13:00:00+00:00","close_date":"2022-02-04 16:30:00+00:00","open_rate":37946.81,"close_rate":40101.45,"fee_open":0.0002,"fee_close":0.0002,"trade_duration":210,"profit_ratio":0.05625388,"profit_abs":506.38617217,"exit_reason":"roi","initial_stop_loss_abs":29294.937319999997,"initial_stop_loss_ratio":-0.228,"stop_loss_abs":29294.937319999997,"stop_loss_ratio":-0.228,"min_rate":37278.93,"max_rate":40449.99,"is_open":false,"enter_tag":null,"is_short":false,"open_timestamp":1643979600000,"close_timestamp":1643992200000,"orders":[{"amount":0.23717409,"safe_price":37946.81,"ft_order_side":"buy","order_filled_timestamp":1643979600000,"ft_is_entry":true},{"amount":0.23717409,"safe_price":40101.45,"ft_order_side":"sell","order_filled_timestamp":1643992200000,"ft_is_entry":false}]},{"pair":"BTC/USDT","stake_amount":9000,"amount":0.22223045,"open_date":"2022-02-04 19:45:00+00:00","close_date":"2022-02-05 04:30:00+00:00","open_rate":40498.5,"close_rate":41622.13,"fee_open":0.0002,"fee_close":0.0002,"trade_duration":525,"profit_ratio":0.02725747,"profit_abs":245.36630446,"exit_reason":"roi","initial_stop_loss_abs":31264.842,"initial_stop_loss_ratio":-0.228,"stop_loss_abs":31264.842,"stop_loss_ratio":-0.228,"min_rate":40357.04,"max_rate":41922.0,"is_open":false,"enter_tag":null,"is_short":false,"open_timestamp":1644003900000,"close_timestamp":1644035400000,"orders":[{"amount":0.22223045,"safe_price":40498.5,"ft_order_side":"buy","order_filled_timestamp":1644003900000,"ft_is_entry":true},{"amount":0.22223045,"safe_price":41622.13,"ft_order_side":"sell","order_filled_timestamp":1644035400000,"ft_is_entry":false}]},{"pair":"BTC/USDT","stake_amount":9000,"amount":0.21738947,"open_date":"2022-02-05 08:45:00+00:00","close_date":"2022-02-05 17:30:00+00:00","open_rate":41400.35,"close_rate":41416.91345269054,"fee_open":0.0002,"fee_close":0.0002,"trade_duration":525,"profit_ratio":-0.00010078,"profit_abs":-0.90720408,"exit_reason":"roi","initial_stop_loss_abs":31961.0702,"initial_stop_loss_ratio":-0.228,"stop_loss_abs":31961.0702,"stop_loss_ratio":-0.228,"min_rate":40920.0,"max_rate":41875.43,"is_open":false,"enter_tag":null,"is_short":false,"open_timestamp":1644050700000,"close_timestamp":1644082200000,"orders":[{"amount":0.21738947,"safe_price":41400.35,"ft_order_side":"buy","order_filled_timestamp":1644050700000,"ft_is_entry":true},{"amount":0.21738947,"safe_price":41416.91345269054,"ft_order_side":"sell","order_filled_timestamp":1644082200000,"ft_is_entry":false}]},{"pair":"BTC/USDT","stake_amount":9000,"amount":0.21791768,"open_date":"2022-02-06 15:00:00+00:00","close_date":"2022-02-17 18:00:00+00:00","open_rate":41300.0,"close_rate":41283.48330333933,"fee_open":0.0002,"fee_close":0.0002,"trade_duration":16020,"profit_ratio":0.00214299,"profit_abs":19.28306276,"exit_reason":"roi","initial_stop_loss_abs":50716.4,"initial_stop_loss_ratio":-0.228,"stop_loss_abs":50716.4,"stop_loss_ratio":-0.228,"min_rate":41089.0,"max_rate":45847.5,"is_open":false,"enter_tag":null,"is_short":true,"open_timestamp":1644159600000,"close_timestamp":1645120800000,"orders":[{"amount":0.21791768,"safe_price":41300.0,"ft_order_side":"sell","order_filled_timestamp":1644159600000,"ft_is_entry":true},{"amount":0.21791768,"safe_price":41283.48330333933,"ft_order_side":"buy","order_filled_timestamp":1645120800000,"ft_is_entry":false}]},{"pair":"BTC/USDT","stake_amount":9000,"amount":0.22185466,"open_date":"2022-02-18 00:30:00+00:00","close_date":"2022-02-18 11:00:00+00:00","open_rate":40567.1,"close_rate":40550.876404719056,"fee_open":0.0002,"fee_close":0.0002,"trade_duration":630,"profit_ratio":-2.929e-05,"profit_abs":-0.26352394,"exit_reason":"roi","initial_stop_loss_abs":49816.398799999995,"initial_stop_loss_ratio":-0.228,"stop_loss_abs":49816.398799999995,"stop_loss_ratio":-0.228,"min_rate":40330.0,"max_rate":40944.1,"is_open":false,"enter_tag":null,"is_short":true,"open_timestamp":1645144200000,"close_timestamp":1645182000000,"orders":[{"amount":0.22185466,"safe_price":40567.1,"ft_order_side":"sell","order_filled_timestamp":1645144200000,"ft_is_entry":true},{"amount":0.22185466,"safe_price":40550.876404719056,"ft_order_side":"buy","order_filled_timestamp":1645182000000,"ft_is_entry":false}]},{"pair":"BTC/USDT","stake_amount":9000,"amount":0.22704511,"open_date":"2022-02-18 14:45:00+00:00","close_date":"2022-02-19 11:30:00+00:00","open_rate":39639.7,"close_rate":39623.84729054189,"fee_open":0.0002,"fee_close":0.0002,"trade_duration":1245,"profit_ratio":0.0001012,"profit_abs":0.91064805,"exit_reason":"roi","initial_stop_loss_abs":48677.5516,"initial_stop_loss_ratio":-0.228,"stop_loss_abs":48677.5516,"stop_loss_ratio":-0.228,"min_rate":39422.0,"max_rate":40782.9,"is_open":false,"enter_tag":null,"is_short":true,"open_timestamp":1645195500000,"close_timestamp":1645270200000,"orders":[{"amount":0.22704511,"safe_price":39639.7,"ft_order_side":"sell","order_filled_timestamp":1645195500000,"ft_is_entry":true},{"amount":0.22704511,"safe_price":39623.84729054189,"ft_order_side":"buy","order_filled_timestamp":1645270200000,"ft_is_entry":false}]},{"pair":"BTC/USDT","stake_amount":9000,"amount":0.22654675,"open_date":"2022-02-19 11:45:00+00:00","close_date":"2022-02-20 03:30:00+00:00","open_rate":39726.9,"close_rate":39711.012417516504,"fee_open":0.0002,"fee_close":0.0002,"trade_duration":945,"profit_ratio":0.00010803,"profit_abs":0.97209915,"exit_reason":"roi","initial_stop_loss_abs":48784.633200000004,"initial_stop_loss_ratio":-0.228,"stop_loss_abs":48784.633200000004,"stop_loss_ratio":-0.228,"min_rate":39610.3,"max_rate":40341.5,"is_open":false,"enter_tag":null,"is_short":true,"open_timestamp":1645271100000,"close_timestamp":1645327800000,"orders":[{"amount":0.22654675,"safe_price":39726.9,"ft_order_side":"sell","order_filled_timestamp":1645271100000,"ft_is_entry":true},{"amount":0.22654675,"safe_price":39711.012417516504,"ft_order_side":"buy","order_filled_timestamp":1645327800000,"ft_is_entry":false}]},{"pair":"BTC/USDT","stake_amount":9000,"amount":0.2346512,"open_date":"2022-02-20 08:30:00+00:00","close_date":"2022-02-20 17:15:00+00:00","open_rate":38354.8,"close_rate":38328.4,"fee_open":0.0002,"fee_close":0.0002,"trade_duration":525,"profit_ratio":0.00021341,"profit_abs":1.92030857,"exit_reason":"roi","initial_stop_loss_abs":47099.6944,"initial_stop_loss_ratio":-0.228,"stop_loss_abs":47099.6944,"stop_loss_ratio":-0.228,"min_rate":37905.0,"max_rate":38594.0,"is_open":false,"enter_tag":null,"is_short":true,"open_timestamp":1645345800000,"close_timestamp":1645377300000,"orders":[{"amount":0.2346512,"safe_price":38354.8,"ft_order_side":"sell","order_filled_timestamp":1645345800000,"ft_is_entry":true},{"amount":0.2346512,"safe_price":38328.4,"ft_order_side":"buy","order_filled_timestamp":1645377300000,"ft_is_entry":false}]},{"pair":"BTC/USDT","stake_amount":9000,"amount":0.23503543,"open_date":"2022-02-20 20:15:00+00:00","close_date":"2022-02-21 10:30:00+00:00","open_rate":38292.1,"close_rate":38276.78622275545,"fee_open":0.0002,"fee_close":0.0002,"trade_duration":855,"profit_ratio":1.901e-05,"profit_abs":0.17104206,"exit_reason":"roi","initial_stop_loss_abs":47022.6988,"initial_stop_loss_ratio":-0.228,"stop_loss_abs":47022.6988,"stop_loss_ratio":-0.228,"min_rate":38026.2,"max_rate":39510.0,"is_open":false,"enter_tag":null,"is_short":true,"open_timestamp":1645388100000,"close_timestamp":1645439400000,"orders":[{"amount":0.23503543,"safe_price":38292.1,"ft_order_side":"sell","order_filled_timestamp":1645388100000,"ft_is_entry":true},{"amount":0.23503543,"safe_price":38276.78622275545,"ft_order_side":"buy","order_filled_timestamp":1645439400000,"ft_is_entry":false}]},{"pair":"BTC/USDT","stake_amount":9000,"amount":0.24394343,"open_date":"2022-02-22 02:30:00+00:00","close_date":"2022-02-24 00:30:00+00:00","open_rate":36893.8,"close_rate":36879.04543091382,"fee_open":0.0002,"fee_close":0.0002,"trade_duration":2760,"profit_ratio":-0.00013375,"profit_abs":-1.2034685,"exit_reason":"roi","initial_stop_loss_abs":45305.5864,"initial_stop_loss_ratio":-0.228,"stop_loss_abs":45305.5864,"stop_loss_ratio":-0.228,"min_rate":36310.1,"max_rate":39250.0,"is_open":false,"enter_tag":null,"is_short":true,"open_timestamp":1645497000000,"close_timestamp":1645662600000,"orders":[{"amount":0.24394343,"safe_price":36893.8,"ft_order_side":"sell","order_filled_timestamp":1645497000000,"ft_is_entry":true},{"amount":0.24394343,"safe_price":36879.04543091382,"ft_order_side":"buy","order_filled_timestamp":1645662600000,"ft_is_entry":false}]},{"pair":"BTC/USDT","stake_amount":9000,"amount":0.25756895,"open_date":"2022-02-24 07:45:00+00:00","close_date":"2022-02-28 22:30:00+00:00","open_rate":34942.1,"close_rate":42908.898799999995,"fee_open":0.0002,"fee_close":0.0002,"trade_duration":6645,"profit_ratio":-0.22857058,"profit_abs":-2056.72383142,"exit_reason":"stop_loss","initial_stop_loss_abs":42908.898799999995,"initial_stop_loss_ratio":-0.228,"stop_loss_abs":42908.898799999995,"stop_loss_ratio":-0.228,"min_rate":34763.2,"max_rate":44341.0,"is_open":false,"enter_tag":null,"is_short":true,"open_timestamp":1645688700000,"close_timestamp":1646087400000,"orders":[{"amount":0.25756895,"safe_price":34942.1,"ft_order_side":"sell","order_filled_timestamp":1645688700000,"ft_is_entry":true},{"amount":0.25756895,"safe_price":42908.898799999995,"ft_order_side":"buy","order_filled_timestamp":1646087400000,"ft_is_entry":false}]}],"locks":[],"best_pair":{"key":"BTC/USDT","trades":16,"profit_mean":-0.006731368125000001,"profit_mean_pct":-0.6731368125000001,"profit_sum":-0.10770189000000002,"profit_sum_pct":-10.77,"profit_total_abs":-968.7593050800001,"profit_total":-0.09687593050800002,"profit_total_pct":-9.69,"duration_avg":"1 day, 10:54:00","wins":11,"draws":0,"losses":5},"worst_pair":{"key":"BTC/USDT","trades":16,"profit_mean":-0.006731368125000001,"profit_mean_pct":-0.6731368125000001,"profit_sum":-0.10770189000000002,"profit_sum_pct":-10.77,"profit_total_abs":-968.7593050800001,"profit_total":-0.09687593050800002,"profit_total_pct":-9.69,"duration_avg":"1 day, 10:54:00","wins":11,"draws":0,"losses":5},"results_per_pair":[{"key":"BTC/USDT","trades":16,"profit_mean":-0.006731368125000001,"profit_mean_pct":-0.6731368125000001,"profit_sum":-0.10770189000000002,"profit_sum_pct":-10.77,"profit_total_abs":-968.7593050800001,"profit_total":-0.09687593050800002,"profit_total_pct":-9.69,"duration_avg":"1 day, 10:54:00","wins":11,"draws":0,"losses":5},{"key":"TOTAL","trades":16,"profit_mean":-0.006731368125000001,"profit_mean_pct":-0.6731368125000001,"profit_sum":-0.10770189000000002,"profit_sum_pct":-10.77,"profit_total_abs":-968.7593050800001,"profit_total":-0.09687593050800002,"profit_total_pct":-9.69,"duration_avg":"1 day, 10:54:00","wins":11,"draws":0,"losses":5}],"results_per_enter_tag":[{"key":"TOTAL","trades":16,"profit_mean":-0.006731368125000001,"profit_mean_pct":-0.6731368125000001,"profit_sum":-0.10770189000000002,"profit_sum_pct":-10.77,"profit_total_abs":-968.7593050800001,"profit_total":-0.09687593050800002,"profit_total_pct":-9.69,"duration_avg":"1 day, 10:54:00","wins":11,"draws":0,"losses":5}],"exit_reason_summary":[{"exit_reason":"roi","trades":15,"wins":11,"draws":0,"losses":4,"profit_mean":0.008057912666666665,"profit_mean_pct":0.81,"profit_sum":0.12086868999999999,"profit_sum_pct":12.09,"profit_total_abs":1087.96452634,"profit_total":0.12086868999999999,"profit_total_pct":12.09},{"exit_reason":"stop_loss","trades":1,"wins":0,"draws":0,"losses":1,"profit_mean":-0.22857058,"profit_mean_pct":-22.86,"profit_sum":-0.22857058,"profit_sum_pct":-22.86,"profit_total_abs":-2056.72383142,"profit_total":-0.22857058,"profit_total_pct":-22.86}],"left_open_trades":[{"key":"TOTAL","trades":0,"profit_mean":0.0,"profit_mean_pct":0.0,"profit_sum":0.0,"profit_sum_pct":0.0,"profit_total_abs":0.0,"profit_total":0.0,"profit_total_pct":0.0,"duration_avg":"0:00","wins":0,"draws":0,"losses":0}],"total_trades":16,"trade_count_long":6,"trade_count_short":10,"total_volume":144000.0,"avg_stake_amount":9000.0,"profit_mean":-0.006731368125000001,"profit_median":0.00016072,"profit_total":-0.09687593050800002,"profit_total_long":0.090982359642,"profit_total_short":-0.18785829015,"profit_total_abs":-968.7593050800001,"profit_total_long_abs":909.82359642,"profit_total_short_abs":-1878.5829015,"cagr":-0.46760493609731646,"profit_factor":0.5296484043471035,"backtest_start":"2022-02-01 00:00:00","backtest_start_ts":1643673600000,"backtest_end":"2022-04-01 00:00:00","backtest_end_ts":1648771200000,"backtest_days":59,"backtest_run_start_ts":1659276772,"backtest_run_end_ts":1659276855,"trades_per_day":0.27,"market_change":0.18238607982286123,"pairlist":["BTC/USDT"],"stake_amount":9000,"stake_currency":"USDT","stake_currency_decimals":3,"starting_balance":10000,"dry_run_wallet":10000,"final_balance":9031.24069492,"rejected_signals":0,"timedout_entry_orders":0,"timedout_exit_orders":0,"canceled_trade_entries":0,"canceled_entry_orders":0,"replaced_entry_orders":0,"max_open_trades":1,"max_open_trades_setting":10,"timeframe":"15m","timeframe_detail":"","timerange":"20220201-20220401","enable_protections":false,"strategy_name":"CoralTrendMix","stoploss":-0.228,"trailing_stop":false,"trailing_stop_positive":null,"trailing_stop_positive_offset":0.0,"trailing_only_offset_is_reached":false,"use_custom_stoploss":false,"minimal_roi":{"0":0.435,"46":0.147,"196":0.052,"525":0},"use_exit_signal":true,"exit_profit_only":false,"exit_profit_offset":0.0,"ignore_roi_if_entry_signal":false,"backtest_best_day":0.07028213,"backtest_worst_day":-0.22857058,"backtest_best_day_abs":632.66562804,"backtest_worst_day_abs":-2056.72383142,"winning_days":8,"draw_days":17,"losing_days":3,"daily_profit":[["2022-02-01",32.698868],["2022-02-02",0.0],["2022-02-03",156.35076177],["2022-02-04",632.66562804],["2022-02-05",244.45910038],["2022-02-06",0.0],["2022-02-07",0.0],["2022-02-08",0.0],["2022-02-09",0.0],["2022-02-10",0.0],["2022-02-11",0.0],["2022-02-12",0.0],["2022-02-13",0.0],["2022-02-14",0.0],["2022-02-15",0.0],["2022-02-16",0.0],["2022-02-17",19.28306276],["2022-02-18",-0.26352394],["2022-02-19",0.91064805],["2022-02-20",2.89240772],["2022-02-21",0.17104206],["2022-02-22",0.0],["2022-02-23",0.0],["2022-02-24",-1.2034685],["2022-02-25",0.0],["2022-02-26",0.0],["2022-02-27",0.0],["2022-02-28",-2056.72383142]],"wins":11,"losses":5,"draws":0,"holding_avg":"1 day, 10:54:00","holding_avg_s":125640.0,"winner_holding_avg":"1 day, 9:59:00","winner_holding_avg_s":122340.0,"loser_holding_avg":"1 day, 12:57:00","loser_holding_avg_s":133020.0,"max_drawdown":0.22870433,"max_drawdown_account":0.1855799552209501,"max_relative_drawdown":0.1855799552209501,"max_drawdown_abs":2057.92729992,"drawdown_start":"2022-02-21 10:30:00","drawdown_start_ts":1645439400000.0,"drawdown_end":"2022-02-28 22:30:00","drawdown_end_ts":1646087400000.0,"max_drawdown_low":-968.7593050799999,"max_drawdown_high":1089.1679948400001,"csum_min":9031.24069492,"csum_max":11089.16799484}},"strategy_comparison":[{"key":"CoralTrendMix","trades":16,"profit_mean":-0.006731368125000001,"profit_mean_pct":-0.6731368125000001,"profit_sum":-0.10770189000000002,"profit_sum_pct":-10.77,"profit_total_abs":-968.7593050800001,"profit_total":-0.09687593050800002,"profit_total_pct":-9.69,"duration_avg":"1 day, 10:54:00","wins":11,"draws":0,"losses":5,"max_drawdown_account":0.1855799552209501,"max_drawdown_abs":"2057.927"}]}