{"strategy":{"CoralTrendMix":{"trades":[{"pair":"BTC/USDT","stake_amount":9000,"amount":0.45997925,"open_date":"2022-07-01 08:00:00+00:00","close_date":"2022-07-02 04:30:00+00:00","open_rate":19566.1,"close_rate":19177.6,"fee_open":0.0002,"fee_close":0.0002,"trade_duration":1230,"profit_ratio":-0.0201707,"profit_abs":-181.57264947,"exit_reason":"exit_signal","initial_stop_loss_abs":17609.489999999998,"initial_stop_loss_ratio":-0.1,"stop_loss_abs":17609.489999999998,"stop_loss_ratio":-0.1,"min_rate":18948.8,"max_rate":19794.8,"is_open":false,"enter_tag":null,"is_short":false,"open_timestamp":1656662400000,"close_timestamp":1656736200000,"orders":[{"amount":0.45997925,"safe_price":19566.1,"ft_order_side":"buy","order_filled_timestamp":1656662400000,"ft_is_entry":true},{"amount":0.45997925,"safe_price":19177.6,"ft_order_side":"sell","order_filled_timestamp":1656736200000,"ft_is_entry":false}]},{"pair":"BTC/USDT","stake_amount":9000,"amount":0.46893806,"open_date":"2022-07-02 04:45:00+00:00","close_date":"2022-07-02 10:45:00+00:00","open_rate":19192.3,"close_rate":19215.7,"fee_open":0.0002,"fee_close":0.0002,"trade_duration":360,"profit_ratio":0.00076686,"profit_abs":6.90310513,"exit_reason":"exit_signal","initial_stop_loss_abs":17273.07,"initial_stop_loss_ratio":-0.1,"stop_loss_abs":17273.07,"stop_loss_ratio":-0.1,"min_rate":18959.0,"max_rate":19296.2,"is_open":false,"enter_tag":null,"is_short":false,"open_timestamp":1656737100000,"close_timestamp":1656758700000,"orders":[{"amount":0.46893806,"safe_price":19192.3,"ft_order_side":"buy","order_filled_timestamp":1656737100000,"ft_is_entry":true},{"amount":0.46893806,"safe_price":19215.7,"ft_order_side":"sell","order_filled_timestamp":1656758700000,"ft_is_entry":false}]},{"pair":"BTC/USDT","stake_amount":9000,"amount":0.46666459,"open_date":"2022-07-02 16:45:00+00:00","close_date":"2022-07-03 03:00:00+00:00","open_rate":19285.8,"close_rate":19255.5,"fee_open":0.0002,"fee_close":0.0002,"trade_duration":615,"profit_ratio":-0.00200601,"profit_abs":-18.0576627,"exit_reason":"exit_signal","initial_stop_loss_abs":17357.22,"initial_stop_loss_ratio":-0.1,"stop_loss_abs":17357.22,"stop_loss_ratio":-0.1,"min_rate":19150.1,"max_rate":19400.0,"is_open":false,"enter_tag":null,"is_short":false,"open_timestamp":1656780300000,"close_timestamp":1656817200000,"orders":[{"amount":0.46666459,"safe_price":19285.8,"ft_order_side":"buy","order_filled_timestamp":1656780300000,"ft_is_entry":true},{"amount":0.46666459,"safe_price":19255.5,"ft_order_side":"sell","order_filled_timestamp":1656817200000,"ft_is_entry":false}]},{"pair":"BTC/USDT","stake_amount":9000,"amount":0.47052181,"open_date":"2022-07-03 08:00:00+00:00","close_date":"2022-07-03 16:45:00+00:00","open_rate":19127.7,"close_rate":19130.3,"fee_open":0.0002,"fee_close":0.0002,"trade_duration":525,"profit_ratio":-0.00038397,"profit_abs":-3.45643552,"exit_reason":"exit_signal","initial_stop_loss_abs":17214.93,"initial_stop_loss_ratio":-0.1,"stop_loss_abs":17214.93,"stop_loss_ratio":-0.1,"min_rate":18921.9,"max_rate":19232.0,"is_open":false,"enter_tag":null,"is_short":false,"open_timestamp":1656835200000,"close_timestamp":1656866700000,"orders":[{"amount":0.47052181,"safe_price":19127.7,"ft_order_side":"buy","order_filled_timestamp":1656835200000,"ft_is_entry":true},{"amount":0.47052181,"safe_price":19130.3,"ft_order_side":"sell","order_filled_timestamp":1656866700000,"ft_is_entry":false}]},{"pair":"BTC/USDT","stake_amount":9000,"amount":0.45292362,"open_date":"2022-07-04 21:45:00+00:00","close_date":"2022-07-04 22:45:00+00:00","open_rate":19870.9,"close_rate":20077.59869973995,"fee_open":0.0002,"fee_close":0.0002,"trade_duration":60,"profit_ratio":0.009998,"profit_abs":89.99999961,"exit_reason":"roi","initial_stop_loss_abs":17883.81,"initial_stop_loss_ratio":-0.1,"stop_loss_abs":17883.81,"stop_loss_ratio":-0.1,"min_rate":19863.3,"max_rate":20268.0,"is_open":false,"enter_tag":null,"is_short":false,"open_timestamp":1656971100000,"close_timestamp":1656974700000,"orders":[{"amount":0.45292362,"safe_price":19870.9,"ft_order_side":"buy","order_filled_timestamp":1656971100000,"ft_is_entry":true},{"amount":0.45292362,"safe_price":20077.59869973995,"ft_order_side":"sell","order_filled_timestamp":1656974700000,"ft_is_entry":false}]},{"pair":"BTC/USDT","stake_amount":9000,"amount":0.44328861,"open_date":"2022-07-05 04:00:00+00:00","close_date":"2022-07-05 05:15:00+00:00","open_rate":20302.8,"close_rate":20234.4,"fee_open":0.0002,"fee_close":0.0002,"trade_duration":75,"profit_ratio":-0.00376757,"profit_abs":-33.91487673,"exit_reason":"exit_signal","initial_stop_loss_abs":18272.52,"initial_stop_loss_ratio":-0.1,"stop_loss_abs":18272.52,"stop_loss_ratio":-0.1,"min_rate":20167.9,"max_rate":20448.6,"is_open":false,"enter_tag":null,"is_short":false,"open_timestamp":1656993600000,"close_timestamp":1656998100000,"orders":[{"amount":0.44328861,"safe_price":20302.8,"ft_order_side":"buy","order_filled_timestamp":1656993600000,"ft_is_entry":true},{"amount":0.44328861,"safe_price":20234.4,"ft_order_side":"sell","order_filled_timestamp":1656998100000,"ft_is_entry":false}]},{"pair":"BTC/USDT","stake_amount":9000,"amount":0.44214312,"open_date":"2022-07-05 05:30:00+00:00","close_date":"2022-07-05 11:30:00+00:00","open_rate":20355.4,"close_rate":19757.0,"fee_open":0.0002,"fee_close":0.0002,"trade_duration":360,"profit_ratio":-0.02988502,"profit_abs":-269.01900132,"exit_reason":"exit_signal","initial_stop_loss_abs":18319.86,"initial_stop_loss_ratio":-0.1,"stop_loss_abs":18319.86,"stop_loss_ratio":-0.1,"min_rate":19624.2,"max_rate":20435.0,"is_open":false,"enter_tag":null,"is_short":false,"open_timestamp":1656999000000,"close_timestamp":1657020600000,"orders":[{"amount":0.44214312,"safe_price":20355.4,"ft_order_side":"buy","order_filled_timestamp":1656999000000,"ft_is_entry":true},{"amount":0.44214312,"safe_price":19757.0,"ft_order_side":"sell","order_filled_timestamp":1657020600000,"ft_is_entry":false}]},{"pair":"BTC/USDT","stake_amount":9000,"amount":0.46163316,"open_date":"2022-07-05 14:30:00+00:00","close_date":"2022-07-05 14:45:00+00:00","open_rate":19496.0,"close_rate":19508.4,"fee_open":0.0002,"fee_close":0.0002,"trade_duration":15,"profit_ratio":0.00023585,"profit_abs":2.1231063,"exit_reason":"exit_signal","initial_stop_loss_abs":17546.4,"initial_stop_loss_ratio":-0.1,"stop_loss_abs":17546.4,"stop_loss_ratio":-0.1,"min_rate":19406.4,"max_rate":19585.7,"is_open":false,"enter_tag":null,"is_short":false,"open_timestamp":1657031400000,"close_timestamp":1657032300000,"orders":[{"amount":0.46163316,"safe_price":19496.0,"ft_order_side":"buy","order_filled_timestamp":1657031400000,"ft_is_entry":true},{"amount":0.46163316,"safe_price":19508.4,"ft_order_side":"sell","order_filled_timestamp":1657032300000,"ft_is_entry":false}]},{"pair":"BTC/USDT","stake_amount":9000,"amount":0.46251092,"open_date":"2022-07-05 15:45:00+00:00","close_date":"2022-07-05 17:15:00+00:00","open_rate":19459.0,"close_rate":19661.414082816565,"fee_open":0.0002,"fee_close":0.0002,"trade_duration":90,"profit_ratio":0.0099968,"profit_abs":89.98917328,"exit_reason":"roi","initial_stop_loss_abs":17513.100000000002,"initial_stop_loss_ratio":-0.1,"stop_loss_abs":17513.100000000002,"stop_loss_ratio":-0.1,"min_rate":19440.0,"max_rate":19732.3,"is_open":false,"enter_tag":null,"is_short":false,"open_timestamp":1657035900000,"close_timestamp":1657041300000,"orders":[{"amount":0.46251092,"safe_price":19459.0,"ft_order_side":"buy","order_filled_timestamp":1657035900000,"ft_is_entry":true},{"amount":0.46251092,"safe_price":19661.414082816565,"ft_order_side":"sell","order_filled_timestamp":1657041300000,"ft_is_entry":false}]},{"pair":"BTC/USDT","stake_amount":9000,"amount":0.44460033,"open_date":"2022-07-06 04:15:00+00:00","close_date":"2022-07-06 07:30:00+00:00","open_rate":20242.9,"close_rate":20178.4,"fee_open":0.0002,"fee_close":0.0002,"trade_duration":195,"profit_ratio":-0.00358495,"profit_abs":-32.27098595,"exit_reason":"exit_signal","initial_stop_loss_abs":18218.61,"initial_stop_loss_ratio":-0.1,"stop_loss_abs":18218.61,"stop_loss_ratio":-0.1,"min_rate":19850.0,"max_rate":20316.3,"is_open":false,"enter_tag":null,"is_short":false,"open_timestamp":1657080900000,"close_timestamp":1657092600000,"orders":[{"amount":0.44460033,"safe_price":20242.9,"ft_order_side":"buy","order_filled_timestamp":1657080900000,"ft_is_entry":true},{"amount":0.44460033,"safe_price":20178.4,"ft_order_side":"sell","order_filled_timestamp":1657092600000,"ft_is_entry":false}]},{"pair":"BTC/USDT","stake_amount":9000,"amount":0.44678538,"open_date":"2022-07-06 13:00:00+00:00","close_date":"2022-07-06 13:15:00+00:00","open_rate":20143.9,"close_rate":20237.9,"fee_open":0.0002,"fee_close":0.0002,"trade_duration":15,"profit_ratio":0.00426464,"profit_abs":38.38942615,"exit_reason":"exit_signal","initial_stop_loss_abs":18129.510000000002,"initial_stop_loss_ratio":-0.1,"stop_loss_abs":18129.510000000002,"stop_loss_ratio":-0.1,"min_rate":20100.0,"max_rate":20246.7,"is_open":false,"enter_tag":null,"is_short":false,"open_timestamp":1657112400000,"close_timestamp":1657113300000,"orders":[{"amount":0.44678538,"safe_price":20143.9,"ft_order_side":"buy","order_filled_timestamp":1657112400000,"ft_is_entry":true},{"amount":0.44678538,"safe_price":20237.9,"ft_order_side":"sell","order_filled_timestamp":1657113300000,"ft_is_entry":false}]},{"pair":"BTC/USDT","stake_amount":9000,"amount":0.44609665,"open_date":"2022-07-06 16:30:00+00:00","close_date":"2022-07-06 17:00:00+00:00","open_rate":20175.0,"close_rate":20291.9,"fee_open":0.0002,"fee_close":0.0002,"trade_duration":30,"profit_ratio":0.00539206,"profit_abs":48.53826868,"exit_reason":"exit_signal","initial_stop_loss_abs":18157.5,"initial_stop_loss_ratio":-0.1,"stop_loss_abs":18157.5,"stop_loss_ratio":-0.1,"min_rate":20161.2,"max_rate":20388.0,"is_open":false,"enter_tag":null,"is_short":false,"open_timestamp":1657125000000,"close_timestamp":1657126800000,"orders":[{"amount":0.44609665,"safe_price":20175.0,"ft_order_side":"buy","order_filled_timestamp":1657125000000,"ft_is_entry":true},{"amount":0.44609665,"safe_price":20291.9,"ft_order_side":"sell","order_filled_timestamp":1657126800000,"ft_is_entry":false}]},{"pair":"BTC/USDT","stake_amount":9000,"amount":0.44139284,"open_date":"2022-07-06 21:00:00+00:00","close_date":"2022-07-06 22:00:00+00:00","open_rate":20390.0,"close_rate":20602.098419683938,"fee_open":0.0002,"fee_close":0.0002,"trade_duration":60,"profit_ratio":0.009998,"profit_abs":90.00000008,"exit_reason":"roi","initial_stop_loss_abs":18351.0,"initial_stop_loss_ratio":-0.1,"stop_loss_abs":18351.0,"stop_loss_ratio":-0.1,"min_rate":20300.0,"max_rate":20609.8,"is_open":false,"enter_tag":null,"is_short":false,"open_timestamp":1657141200000,"close_timestamp":1657144800000,"orders":[{"amount":0.44139284,"safe_price":20390.0,"ft_order_side":"buy","order_filled_timestamp":1657141200000,"ft_is_entry":true},{"amount":0.44139284,"safe_price":20602.098419683938,"ft_order_side":"sell","order_filled_timestamp":1657144800000,"ft_is_entry":false}]},{"pair":"BTC/USDT","stake_amount":9000,"amount":0.4267911,"open_date":"2022-07-07 18:30:00+00:00","close_date":"2022-07-07 18:45:00+00:00","open_rate":21087.6,"close_rate":21242.5,"fee_open":0.0002,"fee_close":0.0002,"trade_duration":15,"profit_ratio":0.00694269,"profit_abs":62.4967194,"exit_reason":"exit_signal","initial_stop_loss_abs":18978.84,"initial_stop_loss_ratio":-0.1,"stop_loss_abs":18978.84,"stop_loss_ratio":-0.1,"min_rate":21074.2,"max_rate":21394.5,"is_open":false,"enter_tag":null,"is_short":false,"open_timestamp":1657218600000,"close_timestamp":1657219500000,"orders":[{"amount":0.4267911,"safe_price":21087.6,"ft_order_side":"buy","order_filled_timestamp":1657218600000,"ft_is_entry":true},{"amount":0.4267911,"safe_price":21242.5,"ft_order_side":"sell","order_filled_timestamp":1657219500000,"ft_is_entry":false}]},{"pair":"BTC/USDT","stake_amount":9000,"amount":0.41540315,"open_date":"2022-07-07 23:45:00+00:00","close_date":"2022-07-08 01:15:00+00:00","open_rate":21665.7,"close_rate":21891.068353670733,"fee_open":0.0002,"fee_close":0.0002,"trade_duration":90,"profit_ratio":0.00999589,"profit_abs":89.98096536,"exit_reason":"roi","initial_stop_loss_abs":19499.13,"initial_stop_loss_ratio":-0.1,"stop_loss_abs":19499.13,"stop_loss_ratio":-0.1,"min_rate":21570.4,"max_rate":22579.9,"is_open":false,"enter_tag":null,"is_short":false,"open_timestamp":1657237500000,"close_timestamp":1657242900000,"orders":[{"amount":0.41540315,"safe_price":21665.7,"ft_order_side":"buy","order_filled_timestamp":1657237500000,"ft_is_entry":true},{"amount":0.41540315,"safe_price":21891.068353670733,"ft_order_side":"sell","order_filled_timestamp":1657242900000,"ft_is_entry":false}]},{"pair":"BTC/USDT","stake_amount":9000,"amount":0.41499899,"open_date":"2022-07-08 10:30:00+00:00","close_date":"2022-07-08 11:45:00+00:00","open_rate":21686.8,"close_rate":21607.8,"fee_open":0.0002,"fee_close":0.0002,"trade_duration":75,"profit_ratio":-0.00404123,"profit_abs":-36.37836326,"exit_reason":"exit_signal","initial_stop_loss_abs":19518.12,"initial_stop_loss_ratio":-0.1,"stop_loss_abs":19518.12,"stop_loss_ratio":-0.1,"min_rate":21451.0,"max_rate":21686.9,"is_open":false,"enter_tag":null,"is_short":false,"open_timestamp":1657276200000,"close_timestamp":1657280700000,"orders":[{"amount":0.41499899,"safe_price":21686.8,"ft_order_side":"buy","order_filled_timestamp":1657276200000,"ft_is_entry":true},{"amount":0.41499899,"safe_price":21607.8,"ft_order_side":"sell","order_filled_timestamp":1657280700000,"ft_is_entry":false}]},{"pair":"BTC/USDT","stake_amount":9000,"amount":0.4126661,"open_date":"2022-07-08 17:15:00+00:00","close_date":"2022-07-08 20:30:00+00:00","open_rate":21809.4,"close_rate":22036.26313262653,"fee_open":0.0002,"fee_close":0.0002,"trade_duration":195,"profit_ratio":0.009998,"profit_abs":90.00000041,"exit_reason":"roi","initial_stop_loss_abs":19628.460000000003,"initial_stop_loss_ratio":-0.1,"stop_loss_abs":19628.460000000003,"stop_loss_ratio":-0.1,"min_rate":21638.2,"max_rate":22048.0,"is_open":false,"enter_tag":null,"is_short":false,"open_timestamp":1657300500000,"close_timestamp":1657312200000,"orders":[{"amount":0.4126661,"safe_price":21809.4,"ft_order_side":"buy","order_filled_timestamp":1657300500000,"ft_is_entry":true},{"amount":0.4126661,"safe_price":22036.26313262653,"ft_order_side":"sell","order_filled_timestamp":1657312200000,"ft_is_entry":false}]},{"pair":"BTC/USDT","stake_amount":9000,"amount":0.41116167,"open_date":"2022-07-08 23:30:00+00:00","close_date":"2022-07-10 05:00:00+00:00","open_rate":21889.2,"close_rate":21268.3,"fee_open":0.0002,"fee_close":0.0002,"trade_duration":1770,"profit_ratio":-0.02911026,"profit_abs":-262.04470741,"exit_reason":"exit_signal","initial_stop_loss_abs":19700.280000000002,"initial_stop_loss_ratio":-0.1,"stop_loss_abs":19700.280000000002,"stop_loss_ratio":-0.1,"min_rate":21095.4,"max_rate":22000.0,"is_open":false,"enter_tag":null,"is_short":false,"open_timestamp":1657323000000,"close_timestamp":1657429200000,"orders":[{"amount":0.41116167,"safe_price":21889.2,"ft_order_side":"buy","order_filled_timestamp":1657323000000,"ft_is_entry":true},{"amount":0.41116167,"safe_price":21268.3,"ft_order_side":"sell","order_filled_timestamp":1657429200000,"ft_is_entry":false}]},{"pair":"BTC/USDT","stake_amount":9000,"amount":0.42363108,"open_date":"2022-07-10 13:15:00+00:00","close_date":"2022-07-10 14:15:00+00:00","open_rate":21244.9,"close_rate":20984.2,"fee_open":0.0002,"fee_close":0.0002,"trade_duration":60,"profit_ratio":0.01187601,"profit_abs":106.86271071,"exit_reason":"roi","initial_stop_loss_abs":23369.390000000003,"initial_stop_loss_ratio":-0.1,"stop_loss_abs":23369.390000000003,"stop_loss_ratio":-0.1,"min_rate":20821.7,"max_rate":21246.6,"is_open":false,"enter_tag":null,"is_short":true,"open_timestamp":1657458900000,"close_timestamp":1657462500000,"orders":[{"amount":0.42363108,"safe_price":21244.9,"ft_order_side":"sell","order_filled_timestamp":1657458900000,"ft_is_entry":true},{"amount":0.42363108,"safe_price":20984.2,"ft_order_side":"buy","order_filled_timestamp":1657462500000,"ft_is_entry":false}]},{"pair":"BTC/USDT","stake_amount":9000,"amount":0.43183487,"open_date":"2022-07-10 18:15:00+00:00","close_date":"2022-07-10 19:15:00+00:00","open_rate":20841.3,"close_rate":20771.8,"fee_open":0.0002,"fee_close":0.0002,"trade_duration":60,"profit_ratio":0.00293598,"profit_abs":26.41852594,"exit_reason":"exit_signal","initial_stop_loss_abs":22925.43,"initial_stop_loss_ratio":-0.1,"stop_loss_abs":22925.43,"stop_loss_ratio":-0.1,"min_rate":20716.4,"max_rate":20863.8,"is_open":false,"enter_tag":null,"is_short":true,"open_timestamp":1657476900000,"close_timestamp":1657480500000,"orders":[{"amount":0.43183487,"safe_price":20841.3,"ft_order_side":"sell","order_filled_timestamp":1657476900000,"ft_is_entry":true},{"amount":0.43183487,"safe_price":20771.8,"ft_order_side":"buy","order_filled_timestamp":1657480500000,"ft_is_entry":false}]},{"pair":"BTC/USDT","stake_amount":9000,"amount":0.43816943,"open_date":"2022-07-11 04:00:00+00:00","close_date":"2022-07-11 11:00:00+00:00","open_rate":20540.0,"close_rate":20522.4,"fee_open":0.0002,"fee_close":0.0002,"trade_duration":420,"profit_ratio":0.00052911,"profit_abs":4.76105445,"exit_reason":"exit_signal","initial_stop_loss_abs":22594.000000000004,"initial_stop_loss_ratio":-0.1,"stop_loss_abs":22594.000000000004,"stop_loss_ratio":-0.1,"min_rate":20345.8,"max_rate":20625.0,"is_open":false,"enter_tag":null,"is_short":true,"open_timestamp":1657512000000,"close_timestamp":1657537200000,"orders":[{"amount":0.43816943,"safe_price":20540.0,"ft_order_side":"sell","order_filled_timestamp":1657512000000,"ft_is_entry":true},{"amount":0.43816943,"safe_price":20522.4,"ft_order_side":"buy","order_filled_timestamp":1657537200000,"ft_is_entry":false}]},{"pair":"BTC/USDT","stake_amount":9000,"amount":0.43865421,"open_date":"2022-07-11 11:30:00+00:00","close_date":"2022-07-11 13:45:00+00:00","open_rate":20517.3,"close_rate":20303.96274745051,"fee_open":0.0002,"fee_close":0.0002,"trade_duration":135,"profit_ratio":0.010002,"profit_abs":90.00000023,"exit_reason":"roi","initial_stop_loss_abs":22569.030000000002,"initial_stop_loss_ratio":-0.1,"stop_loss_abs":22569.030000000002,"stop_loss_ratio":-0.1,"min_rate":20260.0,"max_rate":20778.1,"is_open":false,"enter_tag":null,"is_short":true,"open_timestamp":1657539000000,"close_timestamp":1657547100000,"orders":[{"amount":0.43865421,"safe_price":20517.3,"ft_order_side":"sell","order_filled_timestamp":1657539000000,"ft_is_entry":true},{"amount":0.43865421,"safe_price":20303.96274745051,"ft_order_side":"buy","order_filled_timestamp":1657547100000,"ft_is_entry":false}]},{"pair":"BTC/USDT","stake_amount":9000,"amount":0.4392215,"open_date":"2022-07-11 19:15:00+00:00","close_date":"2022-07-11 21:30:00+00:00","open_rate":20490.8,"close_rate":20346.0,"fee_open":0.0002,"fee_close":0.0002,"trade_duration":135,"profit_ratio":0.00666933,"profit_abs":60.01199309,"exit_reason":"exit_signal","initial_stop_loss_abs":22539.88,"initial_stop_loss_ratio":-0.1,"stop_loss_abs":22539.88,"stop_loss_ratio":-0.1,"min_rate":20300.0,"max_rate":20550.0,"is_open":false,"enter_tag":null,"is_short":true,"open_timestamp":1657566900000,"close_timestamp":1657575000000,"orders":[{"amount":0.4392215,"safe_price":20490.8,"ft_order_side":"sell","order_filled_timestamp":1657566900000,"ft_is_entry":true},{"amount":0.4392215,"safe_price":20346.0,"ft_order_side":"buy","order_filled_timestamp":1657575000000,"ft_is_entry":false}]},{"pair":"BTC/USDT","stake_amount":9000,"amount":0.45450414,"open_date":"2022-07-12 14:15:00+00:00","close_date":"2022-07-12 18:15:00+00:00","open_rate":19801.8,"close_rate":19828.4,"fee_open":0.0002,"fee_close":0.0002,"trade_duration":240,"profit_ratio":-0.00171715,"profit_abs":-15.45128778,"exit_reason":"exit_signal","initial_stop_loss_abs":21781.98,"initial_stop_loss_ratio":-0.1,"stop_loss_abs":21781.98,"stop_loss_ratio":-0.1,"min_rate":19749.1,"max_rate":19993.0,"is_open":false,"enter_tag":null,"is_short":true,"open_timestamp":1657635300000,"close_timestamp":1657649700000,"orders":[{"amount":0.45450414,"safe_price":19801.8,"ft_order_side":"sell","order_filled_timestamp":1657635300000,"ft_is_entry":true},{"amount":0.45450414,"safe_price":19828.4,"ft_order_side":"buy","order_filled_timestamp":1657649700000,"ft_is_entry":false}]},{"pair":"BTC/USDT","stake_amount":9000,"amount":0.46305586,"open_date":"2022-07-13 04:45:00+00:00","close_date":"2022-07-13 12:30:00+00:00","open_rate":19436.1,"close_rate":19234.004979004196,"fee_open":0.0002,"fee_close":0.0002,"trade_duration":465,"profit_ratio":0.01000826,"profit_abs":90.05628341,"exit_reason":"roi","initial_stop_loss_abs":21379.71,"initial_stop_loss_ratio":-0.1,"stop_loss_abs":21379.71,"stop_loss_ratio":-0.1,"min_rate":18901.0,"max_rate":20150.0,"is_open":false,"enter_tag":null,"is_short":true,"open_timestamp":1657687500000,"close_timestamp":1657715400000,"orders":[{"amount":0.46305586,"safe_price":19436.1,"ft_order_side":"sell","order_filled_timestamp":1657687500000,"ft_is_entry":true},{"amount":0.46305586,"safe_price":19234.004979004196,"ft_order_side":"buy","order_filled_timestamp":1657715400000,"ft_is_entry":false}]},{"pair":"BTC/USDT","stake_amount":9000,"amount":0.46484482,"open_date":"2022-07-13 16:30:00+00:00","close_date":"2022-07-14 04:30:00+00:00","open_rate":19361.3,"close_rate":20147.0,"fee_open":0.0002,"fee_close":0.0002,"trade_duration":720,"profit_ratio":-0.04099667,"profit_abs":-368.89626325,"exit_reason":"exit_signal","initial_stop_loss_abs":21297.43,"initial_stop_loss_ratio":-0.1,"stop_loss_abs":21297.43,"stop_loss_ratio":-0.1,"min_rate":19350.8,"max_rate":20436.6,"is_open":false,"enter_tag":null,"is_short":true,"open_timestamp":1657729800000,"close_timestamp":1657773000000,"orders":[{"amount":0.46484482,"safe_price":19361.3,"ft_order_side":"sell","order_filled_timestamp":1657729800000,"ft_is_entry":true},{"amount":0.46484482,"safe_price":20147.0,"ft_order_side":"buy","order_filled_timestamp":1657773000000,"ft_is_entry":false}]},{"pair":"BTC/USDT","stake_amount":9000,"amount":0.43686351,"open_date":"2022-07-15 04:00:00+00:00","close_date":"2022-07-15 07:15:00+00:00","open_rate":20601.4,"close_rate":20675.8,"fee_open":0.0002,"fee_close":0.0002,"trade_duration":195,"profit_ratio":0.00321004,"profit_abs":28.89614465,"exit_reason":"exit_signal","initial_stop_loss_abs":18541.260000000002,"initial_stop_loss_ratio":-0.1,"stop_loss_abs":18541.260000000002,"stop_loss_ratio":-0.1,"min_rate":20481.2,"max_rate":20893.1,"is_open":false,"enter_tag":null,"is_short":false,"open_timestamp":1657857600000,"close_timestamp":1657869300000,"orders":[{"amount":0.43686351,"safe_price":20601.4,"ft_order_side":"buy","order_filled_timestamp":1657857600000,"ft_is_entry":true},{"amount":0.43686351,"safe_price":20675.8,"ft_order_side":"sell","order_filled_timestamp":1657869300000,"ft_is_entry":false}]},{"pair":"BTC/USDT","stake_amount":9000,"amount":0.43006026,"open_date":"2022-07-15 11:15:00+00:00","close_date":"2022-07-15 13:00:00+00:00","open_rate":20927.3,"close_rate":20975.6,"fee_open":0.0002,"fee_close":0.0002,"trade_duration":105,"profit_ratio":0.00190715,"profit_abs":17.16775614,"exit_reason":"exit_signal","initial_stop_loss_abs":18834.57,"initial_stop_loss_ratio":-0.1,"stop_loss_abs":18834.57,"stop_loss_ratio":-0.1,"min_rate":20751.2,"max_rate":21090.0,"is_open":false,"enter_tag":null,"is_short":false,"open_timestamp":1657883700000,"close_timestamp":1657890000000,"orders":[{"amount":0.43006026,"safe_price":20927.3,"ft_order_side":"buy","order_filled_timestamp":1657883700000,"ft_is_entry":true},{"amount":0.43006026,"safe_price":20975.6,"ft_order_side":"sell","order_filled_timestamp":1657890000000,"ft_is_entry":false}]},{"pair":"BTC/USDT","stake_amount":9000,"amount":0.43171058,"open_date":"2022-07-15 18:30:00+00:00","close_date":"2022-07-15 19:30:00+00:00","open_rate":20847.3,"close_rate":21064.155291058214,"fee_open":0.0002,"fee_close":0.0002,"trade_duration":60,"profit_ratio":0.009998,"profit_abs":89.99999974,"exit_reason":"roi","initial_stop_loss_abs":18762.57,"initial_stop_loss_ratio":-0.1,"stop_loss_abs":18762.57,"stop_loss_ratio":-0.1,"min_rate":20822.0,"max_rate":21197.0,"is_open":false,"enter_tag":null,"is_short":false,"open_timestamp":1657909800000,"close_timestamp":1657913400000,"orders":[{"amount":0.43171058,"safe_price":20847.3,"ft_order_side":"buy","order_filled_timestamp":1657909800000,"ft_is_entry":true},{"amount":0.43171058,"safe_price":21064.155291058214,"ft_order_side":"sell","order_filled_timestamp":1657913400000,"ft_is_entry":false}]},{"pair":"BTC/USDT","stake_amount":9000,"amount":0.43422462,"open_date":"2022-07-16 03:30:00+00:00","close_date":"2022-07-16 08:15:00+00:00","open_rate":20726.6,"close_rate":20601.1,"fee_open":0.0002,"fee_close":0.0002,"trade_duration":285,"profit_ratio":-0.00653175,"profit_abs":-58.79748663,"exit_reason":"exit_signal","initial_stop_loss_abs":18653.94,"initial_stop_loss_ratio":-0.1,"stop_loss_abs":18653.94,"stop_loss_ratio":-0.1,"min_rate":20471.0,"max_rate":20758.8,"is_open":false,"enter_tag":null,"is_short":false,"open_timestamp":1657942200000,"close_timestamp":1657959300000,"orders":[{"amount":0.43422462,"safe_price":20726.6,"ft_order_side":"buy","order_filled_timestamp":1657942200000,"ft_is_entry":true},{"amount":0.43422462,"safe_price":20601.1,"ft_order_side":"sell","order_filled_timestamp":1657959300000,"ft_is_entry":false}]},{"pair":"BTC/USDT","stake_amount":9000,"amount":0.43676175,"open_date":"2022-07-16 08:30:00+00:00","close_date":"2022-07-16 13:45:00+00:00","open_rate":20606.2,"close_rate":20820.547349469896,"fee_open":0.0002,"fee_close":0.0002,"trade_duration":315,"profit_ratio":0.009998,"profit_abs":89.99999973,"exit_reason":"roi","initial_stop_loss_abs":18545.58,"initial_stop_loss_ratio":-0.1,"stop_loss_abs":18545.58,"stop_loss_ratio":-0.1,"min_rate":20564.0,"max_rate":20850.0,"is_open":false,"enter_tag":null,"is_short":false,"open_timestamp":1657960200000,"close_timestamp":1657979100000,"orders":[{"amount":0.43676175,"safe_price":20606.2,"ft_order_side":"buy","order_filled_timestamp":1657960200000,"ft_is_entry":true},{"amount":0.43676175,"safe_price":20820.547349469896,"ft_order_side":"sell","order_filled_timestamp":1657979100000,"ft_is_entry":false}]},{"pair":"BTC/USDT","stake_amount":9000,"amount":0.42183216,"open_date":"2022-07-16 19:15:00+00:00","close_date":"2022-07-17 06:45:00+00:00","open_rate":21335.5,"close_rate":21557.433586717343,"fee_open":0.0002,"fee_close":0.0002,"trade_duration":690,"profit_ratio":0.00991821,"profit_abs":89.28173095,"exit_reason":"roi","initial_stop_loss_abs":19201.95,"initial_stop_loss_ratio":-0.1,"stop_loss_abs":19201.95,"stop_loss_ratio":-0.1,"min_rate":20900.0,"max_rate":21600.0,"is_open":false,"enter_tag":null,"is_short":false,"open_timestamp":1657998900000,"close_timestamp":1658040300000,"orders":[{"amount":0.42183216,"safe_price":21335.5,"ft_order_side":"buy","order_filled_timestamp":1657998900000,"ft_is_entry":true},{"amount":0.42183216,"safe_price":21557.433586717343,"ft_order_side":"sell","order_filled_timestamp":1658040300000,"ft_is_entry":false}]},{"pair":"BTC/USDT","stake_amount":9000,"amount":0.41956673,"open_date":"2022-07-17 12:00:00+00:00","close_date":"2022-07-18 02:30:00+00:00","open_rate":21450.7,"close_rate":21012.4,"fee_open":0.0002,"fee_close":0.0002,"trade_duration":870,"profit_ratio":-0.02100745,"profit_abs":-189.10489713,"exit_reason":"exit_signal","initial_stop_loss_abs":19305.63,"initial_stop_loss_ratio":-0.1,"stop_loss_abs":19305.63,"stop_loss_ratio":-0.1,"min_rate":20742.0,"max_rate":21495.0,"is_open":false,"enter_tag":null,"is_short":false,"open_timestamp":1658059200000,"close_timestamp":1658111400000,"orders":[{"amount":0.41956673,"safe_price":21450.7,"ft_order_side":"buy","order_filled_timestamp":1658059200000,"ft_is_entry":true},{"amount":0.41956673,"safe_price":21012.4,"ft_order_side":"sell","order_filled_timestamp":1658111400000,"ft_is_entry":false}]},{"pair":"BTC/USDT","stake_amount":9000,"amount":0.40530864,"open_date":"2022-07-18 15:00:00+00:00","close_date":"2022-07-18 15:45:00+00:00","open_rate":22205.3,"close_rate":22658.37873574715,"fee_open":0.0002,"fee_close":0.0002,"trade_duration":45,"profit_ratio":0.019996,"profit_abs":179.99999888,"exit_reason":"roi","initial_stop_loss_abs":19984.77,"initial_stop_loss_ratio":-0.1,"stop_loss_abs":19984.77,"stop_loss_ratio":-0.1,"min_rate":22151.0,"max_rate":22800.0,"is_open":false,"enter_tag":null,"is_short":false,"open_timestamp":1658156400000,"close_timestamp":1658159100000,"orders":[{"amount":0.40530864,"safe_price":22205.3,"ft_order_side":"buy","order_filled_timestamp":1658156400000,"ft_is_entry":true},{"amount":0.40530864,"safe_price":22658.37873574715,"ft_order_side":"sell","order_filled_timestamp":1658159100000,"ft_is_entry":false}]},{"pair":"BTC/USDT","stake_amount":9000,"amount":0.41421208,"open_date":"2022-07-18 21:45:00+00:00","close_date":"2022-07-18 23:00:00+00:00","open_rate":21728.0,"close_rate":21954.016403280653,"fee_open":0.0002,"fee_close":0.0002,"trade_duration":75,"profit_ratio":0.009998,"profit_abs":90.00000074,"exit_reason":"roi","initial_stop_loss_abs":19555.2,"initial_stop_loss_ratio":-0.1,"stop_loss_abs":19555.2,"stop_loss_ratio":-0.1,"min_rate":21552.0,"max_rate":22175.0,"is_open":false,"enter_tag":null,"is_short":false,"open_timestamp":1658180700000,"close_timestamp":1658185200000,"orders":[{"amount":0.41421208,"safe_price":21728.0,"ft_order_side":"buy","order_filled_timestamp":1658180700000,"ft_is_entry":true},{"amount":0.41421208,"safe_price":21954.016403280653,"ft_order_side":"sell","order_filled_timestamp":1658185200000,"ft_is_entry":false}]},{"pair":"BTC/USDT","stake_amount":9000,"amount":0.4075847,"open_date":"2022-07-19 05:45:00+00:00","close_date":"2022-07-19 10:45:00+00:00","open_rate":22081.3,"close_rate":22040.6,"fee_open":0.0002,"fee_close":0.0002,"trade_duration":300,"profit_ratio":-0.0023409,"profit_abs":-21.07232055,"exit_reason":"exit_signal","initial_stop_loss_abs":19873.17,"initial_stop_loss_ratio":-0.1,"stop_loss_abs":19873.17,"stop_loss_ratio":-0.1,"min_rate":21575.0,"max_rate":22124.6,"is_open":false,"enter_tag":null,"is_short":false,"open_timestamp":1658209500000,"close_timestamp":1658227500000,"orders":[{"amount":0.4075847,"safe_price":22081.3,"ft_order_side":"buy","order_filled_timestamp":1658209500000,"ft_is_entry":true},{"amount":0.4075847,"safe_price":22040.6,"ft_order_side":"sell","order_filled_timestamp":1658227500000,"ft_is_entry":false}]},{"pair":"BTC/USDT","stake_amount":9000,"amount":0.38613517,"open_date":"2022-07-20 02:15:00+00:00","close_date":"2022-07-20 02:30:00+00:00","open_rate":23307.9,"close_rate":23361.7,"fee_open":0.0002,"fee_close":0.0002,"trade_duration":15,"profit_ratio":0.00190739,"profit_abs":17.16991736,"exit_reason":"exit_signal","initial_stop_loss_abs":20977.11,"initial_stop_loss_ratio":-0.1,"stop_loss_abs":20977.11,"stop_loss_ratio":-0.1,"min_rate":23245.3,"max_rate":23489.5,"is_open":false,"enter_tag":null,"is_short":false,"open_timestamp":1658283300000,"close_timestamp":1658284200000,"orders":[{"amount":0.38613517,"safe_price":23307.9,"ft_order_side":"buy","order_filled_timestamp":1658283300000,"ft_is_entry":true},{"amount":0.38613517,"safe_price":23361.7,"ft_order_side":"sell","order_filled_timestamp":1658284200000,"ft_is_entry":false}]},{"pair":"BTC/USDT","stake_amount":9000,"amount":0.38335719,"open_date":"2022-07-20 05:45:00+00:00","close_date":"2022-07-20 06:45:00+00:00","open_rate":23476.8,"close_rate":23721.0075615123,"fee_open":0.0002,"fee_close":0.0002,"trade_duration":60,"profit_ratio":0.009998,"profit_abs":90.00000078,"exit_reason":"roi","initial_stop_loss_abs":21129.12,"initial_stop_loss_ratio":-0.1,"stop_loss_abs":21129.12,"stop_loss_ratio":-0.1,"min_rate":23449.7,"max_rate":23810.8,"is_open":false,"enter_tag":null,"is_short":false,"open_timestamp":1658295900000,"close_timestamp":1658299500000,"orders":[{"amount":0.38335719,"safe_price":23476.8,"ft_order_side":"buy","order_filled_timestamp":1658295900000,"ft_is_entry":true},{"amount":0.38335719,"safe_price":23721.0075615123,"ft_order_side":"sell","order_filled_timestamp":1658299500000,"ft_is_entry":false}]},{"pair":"BTC/USDT","stake_amount":9000,"amount":0.38241893,"open_date":"2022-07-20 09:45:00+00:00","close_date":"2022-07-20 10:15:00+00:00","open_rate":23534.4,"close_rate":23589.4,"fee_open":0.0002,"fee_close":0.0002,"trade_duration":30,"profit_ratio":0.00193615,"profit_abs":17.42883452,"exit_reason":"exit_signal","initial_stop_loss_abs":21180.960000000003,"initial_stop_loss_ratio":-0.1,"stop_loss_abs":21180.960000000003,"stop_loss_ratio":-0.1,"min_rate":23488.0,"max_rate":23888.0,"is_open":false,"enter_tag":null,"is_short":false,"open_timestamp":1658310300000,"close_timestamp":1658312100000,"orders":[{"amount":0.38241893,"safe_price":23534.4,"ft_order_side":"buy","order_filled_timestamp":1658310300000,"ft_is_entry":true},{"amount":0.38241893,"safe_price":23589.4,"ft_order_side":"sell","order_filled_timestamp":1658312100000,"ft_is_entry":false}]},{"pair":"BTC/USDT","stake_amount":9000,"amount":0.37889153,"open_date":"2022-07-20 19:00:00+00:00","close_date":"2022-07-20 19:15:00+00:00","open_rate":23753.5,"close_rate":23789.9,"fee_open":0.0002,"fee_close":0.0002,"trade_duration":15,"profit_ratio":0.00113187,"profit_abs":10.18889338,"exit_reason":"exit_signal","initial_stop_loss_abs":21378.15,"initial_stop_loss_ratio":-0.1,"stop_loss_abs":21378.15,"stop_loss_ratio":-0.1,"min_rate":23671.0,"max_rate":23939.1,"is_open":false,"enter_tag":null,"is_short":false,"open_timestamp":1658343600000,"close_timestamp":1658344500000,"orders":[{"amount":0.37889153,"safe_price":23753.5,"ft_order_side":"buy","order_filled_timestamp":1658343600000,"ft_is_entry":true},{"amount":0.37889153,"safe_price":23789.9,"ft_order_side":"sell","order_filled_timestamp":1658344500000,"ft_is_entry":false}]},{"pair":"BTC/USDT","stake_amount":9000,"amount":0.38038884,"open_date":"2022-07-20 21:45:00+00:00","close_date":"2022-07-20 22:00:00+00:00","open_rate":23660.0,"close_rate":23601.8,"fee_open":0.0002,"fee_close":0.0002,"trade_duration":15,"profit_ratio":-0.00285878,"profit_abs":-25.73420274,"exit_reason":"exit_signal","initial_stop_loss_abs":21294.0,"initial_stop_loss_ratio":-0.1,"stop_loss_abs":21294.0,"stop_loss_ratio":-0.1,"min_rate":23472.6,"max_rate":23799.0,"is_open":false,"enter_tag":null,"is_short":false,"open_timestamp":1658353500000,"close_timestamp":1658354400000,"orders":[{"amount":0.38038884,"safe_price":23660.0,"ft_order_side":"buy","order_filled_timestamp":1658353500000,"ft_is_entry":true},{"amount":0.38038884,"safe_price":23601.8,"ft_order_side":"sell","order_filled_timestamp":1658354400000,"ft_is_entry":false}]},{"pair":"BTC/USDT","stake_amount":9000,"amount":0.38492464,"open_date":"2022-07-21 01:15:00+00:00","close_date":"2022-07-21 16:15:00+00:00","open_rate":23381.2,"close_rate":22902.5,"fee_open":0.0002,"fee_close":0.0002,"trade_duration":900,"profit_ratio":-0.02106027,"profit_abs":-189.58030069,"exit_reason":"exit_signal","initial_stop_loss_abs":21043.08,"initial_stop_loss_ratio":-0.1,"stop_loss_abs":21043.08,"stop_loss_ratio":-0.1,"min_rate":22340.2,"max_rate":23410.0,"is_open":false,"enter_tag":null,"is_short":false,"open_timestamp":1658366100000,"close_timestamp":1658420100000,"orders":[{"amount":0.38492464,"safe_price":23381.2,"ft_order_side":"buy","order_filled_timestamp":1658366100000,"ft_is_entry":true},{"amount":0.38492464,"safe_price":22902.5,"ft_order_side":"sell","order_filled_timestamp":1658420100000,"ft_is_entry":false}]},{"pair":"BTC/USDT","stake_amount":9000,"amount":0.38045638,"open_date":"2022-07-22 15:00:00+00:00","close_date":"2022-07-22 19:15:00+00:00","open_rate":23655.8,"close_rate":23087.1,"fee_open":0.0002,"fee_close":0.0002,"trade_duration":255,"profit_ratio":-0.02448182,"profit_abs":-220.38048736,"exit_reason":"exit_signal","initial_stop_loss_abs":21290.22,"initial_stop_loss_ratio":-0.1,"stop_loss_abs":21290.22,"stop_loss_ratio":-0.1,"min_rate":22871.9,"max_rate":23656.6,"is_open":false,"enter_tag":null,"is_short":false,"open_timestamp":1658502000000,"close_timestamp":1658517300000,"orders":[{"amount":0.38045638,"safe_price":23655.8,"ft_order_side":"buy","order_filled_timestamp":1658502000000,"ft_is_entry":true},{"amount":0.38045638,"safe_price":23087.1,"ft_order_side":"sell","order_filled_timestamp":1658517300000,"ft_is_entry":false}]},{"pair":"BTC/USDT","stake_amount":9000,"amount":0.38950079,"open_date":"2022-07-22 19:30:00+00:00","close_date":"2022-07-22 23:45:00+00:00","open_rate":23106.5,"close_rate":22670.3,"fee_open":0.0002,"fee_close":0.0002,"trade_duration":255,"profit_ratio":-0.01927018,"profit_abs":-173.46626455,"exit_reason":"exit_signal","initial_stop_loss_abs":20795.850000000002,"initial_stop_loss_ratio":-0.1,"stop_loss_abs":20795.850000000002,"stop_loss_ratio":-0.1,"min_rate":22500.0,"max_rate":23110.0,"is_open":false,"enter_tag":null,"is_short":false,"open_timestamp":1658518200000,"close_timestamp":1658533500000,"orders":[{"amount":0.38950079,"safe_price":23106.5,"ft_order_side":"buy","order_filled_timestamp":1658518200000,"ft_is_entry":true},{"amount":0.38950079,"safe_price":22670.3,"ft_order_side":"sell","order_filled_timestamp":1658533500000,"ft_is_entry":false}]},{"pair":"BTC/USDT","stake_amount":9000,"amount":0.39820366,"open_date":"2022-07-23 09:00:00+00:00","close_date":"2022-07-23 11:00:00+00:00","open_rate":22601.5,"close_rate":22366.491401719657,"fee_open":0.0002,"fee_close":0.0002,"trade_duration":120,"profit_ratio":0.010002,"profit_abs":90.00000021,"exit_reason":"roi","initial_stop_loss_abs":24861.65,"initial_stop_loss_ratio":-0.1,"stop_loss_abs":24861.65,"stop_loss_ratio":-0.1,"min_rate":22363.6,"max_rate":22704.4,"is_open":false,"enter_tag":null,"is_short":true,"open_timestamp":1658566800000,"close_timestamp":1658574000000,"orders":[{"amount":0.39820366,"safe_price":22601.5,"ft_order_side":"sell","order_filled_timestamp":1658566800000,"ft_is_entry":true},{"amount":0.39820366,"safe_price":22366.491401719657,"ft_order_side":"buy","order_filled_timestamp":1658574000000,"ft_is_entry":false}]},{"pair":"BTC/USDT","stake_amount":9000,"amount":0.40573987,"open_date":"2022-07-23 17:00:00+00:00","close_date":"2022-07-23 18:00:00+00:00","open_rate":22181.7,"close_rate":21951.05644871026,"fee_open":0.0002,"fee_close":0.0002,"trade_duration":60,"profit_ratio":0.010002,"profit_abs":90.00000074,"exit_reason":"roi","initial_stop_loss_abs":24399.870000000003,"initial_stop_loss_ratio":-0.1,"stop_loss_abs":24399.870000000003,"stop_loss_ratio":-0.1,"min_rate":21933.5,"max_rate":22248.0,"is_open":false,"enter_tag":null,"is_short":true,"open_timestamp":1658595600000,"close_timestamp":1658599200000,"orders":[{"amount":0.40573987,"safe_price":22181.7,"ft_order_side":"sell","order_filled_timestamp":1658595600000,"ft_is_entry":true},{"amount":0.40573987,"safe_price":21951.05644871026,"ft_order_side":"buy","order_filled_timestamp":1658599200000,"ft_is_entry":false}]},{"pair":"BTC/USDT","stake_amount":9000,"amount":0.40780817,"open_date":"2022-07-23 19:00:00+00:00","close_date":"2022-07-24 01:30:00+00:00","open_rate":22069.2,"close_rate":22513.4,"fee_open":0.0002,"fee_close":0.0002,"trade_duration":390,"profit_ratio":-0.02049739,"profit_abs":-184.43961646,"exit_reason":"exit_signal","initial_stop_loss_abs":24276.120000000003,"initial_stop_loss_ratio":-0.1,"stop_loss_abs":24276.120000000003,"stop_loss_ratio":-0.1,"min_rate":22025.2,"max_rate":22663.1,"is_open":false,"enter_tag":null,"is_short":true,"open_timestamp":1658602800000,"close_timestamp":1658626200000,"orders":[{"amount":0.40780817,"safe_price":22069.2,"ft_order_side":"sell","order_filled_timestamp":1658602800000,"ft_is_entry":true},{"amount":0.40780817,"safe_price":22513.4,"ft_order_side":"buy","order_filled_timestamp":1658626200000,"ft_is_entry":false}]},{"pair":"BTC/USDT","stake_amount":9000,"amount":0.40142372,"open_date":"2022-07-24 01:45:00+00:00","close_date":"2022-07-24 08:15:00+00:00","open_rate":22420.2,"close_rate":22658.6,"fee_open":0.0002,"fee_close":0.0002,"trade_duration":390,"profit_ratio":-0.01093637,"profit_abs":-98.407628,"exit_reason":"exit_signal","initial_stop_loss_abs":24662.22,"initial_stop_loss_ratio":-0.1,"stop_loss_abs":24662.22,"stop_loss_ratio":-0.1,"min_rate":22256.4,"max_rate":22828.8,"is_open":false,"enter_tag":null,"is_short":true,"open_timestamp":1658627100000,"close_timestamp":1658650500000,"orders":[{"amount":0.40142372,"safe_price":22420.2,"ft_order_side":"sell","order_filled_timestamp":1658627100000,"ft_is_entry":true},{"amount":0.40142372,"safe_price":22658.6,"ft_order_side":"buy","order_filled_timestamp":1658650500000,"ft_is_entry":false}]},{"pair":"BTC/USDT","stake_amount":9000,"amount":0.39787623,"open_date":"2022-07-24 08:30:00+00:00","close_date":"2022-07-24 13:00:00+00:00","open_rate":22620.1,"close_rate":22485.0,"fee_open":0.0002,"fee_close":0.0002,"trade_duration":270,"profit_ratio":0.00557487,"profit_abs":50.16382924,"exit_reason":"exit_signal","initial_stop_loss_abs":24882.11,"initial_stop_loss_ratio":-0.1,"stop_loss_abs":24882.11,"stop_loss_ratio":-0.1,"min_rate":22428.1,"max_rate":22812.0,"is_open":false,"enter_tag":null,"is_short":true,"open_timestamp":1658651400000,"close_timestamp":1658667600000,"orders":[{"amount":0.39787623,"safe_price":22620.1,"ft_order_side":"sell","order_filled_timestamp":1658651400000,"ft_is_entry":true},{"amount":0.39787623,"safe_price":22485.0,"ft_order_side":"buy","order_filled_timestamp":1658667600000,"ft_is_entry":false}]},{"pair":"BTC/USDT","stake_amount":9000,"amount":0.39722297,"open_date":"2022-07-24 16:30:00+00:00","close_date":"2022-07-24 16:45:00+00:00","open_rate":22657.3,"close_rate":22710.2,"fee_open":0.0002,"fee_close":0.0002,"trade_duration":15,"profit_ratio":-0.0027358,"profit_abs":-24.61729773,"exit_reason":"exit_signal","initial_stop_loss_abs":24923.030000000002,"initial_stop_loss_ratio":-0.1,"stop_loss_abs":24923.030000000002,"stop_loss_ratio":-0.1,"min_rate":22626.0,"max_rate":22723.6,"is_open":false,"enter_tag":null,"is_short":true,"open_timestamp":1658680200000,"close_timestamp":1658681100000,"orders":[{"amount":0.39722297,"safe_price":22657.3,"ft_order_side":"sell","order_filled_timestamp":1658680200000,"ft_is_entry":true},{"amount":0.39722297,"safe_price":22710.2,"ft_order_side":"buy","order_filled_timestamp":1658681100000,"ft_is_entry":false}]},{"pair":"BTC/USDT","stake_amount":9000,"amount":0.39589675,"open_date":"2022-07-24 18:30:00+00:00","close_date":"2022-07-24 23:00:00+00:00","open_rate":22733.2,"close_rate":22647.8,"fee_open":0.0002,"fee_close":0.0002,"trade_duration":270,"profit_ratio":0.00335804,"profit_abs":30.21634437,"exit_reason":"exit_signal","initial_stop_loss_abs":25006.520000000004,"initial_stop_loss_ratio":-0.1,"stop_loss_abs":25006.520000000004,"stop_loss_ratio":-0.1,"min_rate":22503.0,"max_rate":22999.0,"is_open":false,"enter_tag":null,"is_short":true,"open_timestamp":1658687400000,"close_timestamp":1658703600000,"orders":[{"amount":0.39589675,"safe_price":22733.2,"ft_order_side":"sell","order_filled_timestamp":1658687400000,"ft_is_entry":true},{"amount":0.39589675,"safe_price":22647.8,"ft_order_side":"buy","order_filled_timestamp":1658703600000,"ft_is_entry":false}]},{"pair":"BTC/USDT","stake_amount":9000,"amount":0.41186161,"open_date":"2022-07-25 18:00:00+00:00","close_date":"2022-07-25 18:15:00+00:00","open_rate":21852.0,"close_rate":21851.6,"fee_open":0.0002,"fee_close":0.0002,"trade_duration":15,"profit_ratio":-0.00038177,"profit_abs":-3.43522237,"exit_reason":"exit_signal","initial_stop_loss_abs":24037.2,"initial_stop_loss_ratio":-0.1,"stop_loss_abs":24037.2,"stop_loss_ratio":-0.1,"min_rate":21760.2,"max_rate":21880.0,"is_open":false,"enter_tag":null,"is_short":true,"open_timestamp":1658772000000,"close_timestamp":1658772900000,"orders":[{"amount":0.41186161,"safe_price":21852.0,"ft_order_side":"sell","order_filled_timestamp":1658772000000,"ft_is_entry":true},{"amount":0.41186161,"safe_price":21851.6,"ft_order_side":"buy","order_filled_timestamp":1658772900000,"ft_is_entry":false}]},{"pair":"BTC/USDT","stake_amount":9000,"amount":0.41172596,"open_date":"2022-07-25 22:15:00+00:00","close_date":"2022-07-25 22:30:00+00:00","open_rate":21859.2,"close_rate":21617.5,"fee_open":0.0002,"fee_close":0.0002,"trade_duration":15,"profit_ratio":0.01066147,"profit_abs":95.93406732,"exit_reason":"exit_signal","initial_stop_loss_abs":24045.120000000003,"initial_stop_loss_ratio":-0.1,"stop_loss_abs":24045.120000000003,"stop_loss_ratio":-0.1,"min_rate":21501.0,"max_rate":21883.4,"is_open":false,"enter_tag":null,"is_short":true,"open_timestamp":1658787300000,"close_timestamp":1658788200000,"orders":[{"amount":0.41172596,"safe_price":21859.2,"ft_order_side":"sell","order_filled_timestamp":1658787300000,"ft_is_entry":true},{"amount":0.41172596,"safe_price":21617.5,"ft_order_side":"buy","order_filled_timestamp":1658788200000,"ft_is_entry":false}]},{"pair":"BTC/USDT","stake_amount":9000,"amount":0.42685183,"open_date":"2022-07-26 06:45:00+00:00","close_date":"2022-07-26 07:30:00+00:00","open_rate":21084.6,"close_rate":21122.2,"fee_open":0.0002,"fee_close":0.0002,"trade_duration":45,"profit_ratio":-0.00218409,"profit_abs":-19.65283877,"exit_reason":"exit_signal","initial_stop_loss_abs":23193.06,"initial_stop_loss_ratio":-0.1,"stop_loss_abs":23193.06,"stop_loss_ratio":-0.1,"min_rate":21000.0,"max_rate":21136.6,"is_open":false,"enter_tag":null,"is_short":true,"open_timestamp":1658817900000,"close_timestamp":1658820600000,"orders":[{"amount":0.42685183,"safe_price":21084.6,"ft_order_side":"sell","order_filled_timestamp":1658817900000,"ft_is_entry":true},{"amount":0.42685183,"safe_price":21122.2,"ft_order_side":"buy","order_filled_timestamp":1658820600000,"ft_is_entry":false}]},{"pair":"BTC/USDT","stake_amount":9000,"amount":0.42753516,"open_date":"2022-07-26 07:45:00+00:00","close_date":"2022-07-26 13:15:00+00:00","open_rate":21050.9,"close_rate":20890.7,"fee_open":0.0002,"fee_close":0.0002,"trade_duration":330,"profit_ratio":0.00724964,"profit_abs":65.23373464,"exit_reason":"exit_signal","initial_stop_loss_abs":23155.990000000005,"initial_stop_loss_ratio":-0.1,"stop_loss_abs":23155.990000000005,"stop_loss_ratio":-0.1,"min_rate":20760.0,"max_rate":21181.6,"is_open":false,"enter_tag":null,"is_short":true,"open_timestamp":1658821500000,"close_timestamp":1658841300000,"orders":[{"amount":0.42753516,"safe_price":21050.9,"ft_order_side":"sell","order_filled_timestamp":1658821500000,"ft_is_entry":true},{"amount":0.42753516,"safe_price":20890.7,"ft_order_side":"buy","order_filled_timestamp":1658841300000,"ft_is_entry":false}]},{"pair":"BTC/USDT","stake_amount":9000,"amount":0.43205669,"open_date":"2022-07-26 18:45:00+00:00","close_date":"2022-07-26 20:15:00+00:00","open_rate":20830.6,"close_rate":20916.6,"fee_open":0.0002,"fee_close":0.0002,"trade_duration":90,"profit_ratio":-0.00453027,"profit_abs":-40.76430675,"exit_reason":"exit_signal","initial_stop_loss_abs":22913.66,"initial_stop_loss_ratio":-0.1,"stop_loss_abs":22913.66,"stop_loss_ratio":-0.1,"min_rate":20801.0,"max_rate":20982.4,"is_open":false,"enter_tag":null,"is_short":true,"open_timestamp":1658861100000,"close_timestamp":1658866500000,"orders":[{"amount":0.43205669,"safe_price":20830.6,"ft_order_side":"sell","order_filled_timestamp":1658861100000,"ft_is_entry":true},{"amount":0.43205669,"safe_price":20916.6,"ft_order_side":"buy","order_filled_timestamp":1658866500000,"ft_is_entry":false}]},{"pair":"BTC/USDT","stake_amount":9000,"amount":0.43077247,"open_date":"2022-07-26 20:45:00+00:00","close_date":"2022-07-26 21:45:00+00:00","open_rate":20892.7,"close_rate":20910.5,"fee_open":0.0002,"fee_close":0.0002,"trade_duration":60,"profit_ratio":-0.00125239,"profit_abs":-11.26928351,"exit_reason":"exit_signal","initial_stop_loss_abs":22981.97,"initial_stop_loss_ratio":-0.1,"stop_loss_abs":22981.97,"stop_loss_ratio":-0.1,"min_rate":20811.5,"max_rate":21115.7,"is_open":false,"enter_tag":null,"is_short":true,"open_timestamp":1658868300000,"close_timestamp":1658871900000,"orders":[{"amount":0.43077247,"safe_price":20892.7,"ft_order_side":"sell","order_filled_timestamp":1658868300000,"ft_is_entry":true},{"amount":0.43077247,"safe_price":20910.5,"ft_order_side":"buy","order_filled_timestamp":1658871900000,"ft_is_entry":false}]},{"pair":"BTC/USDT","stake_amount":9000,"amount":0.42547156,"open_date":"2022-07-27 02:00:00+00:00","close_date":"2022-07-27 02:15:00+00:00","open_rate":21153.0,"close_rate":21116.1,"fee_open":0.0002,"fee_close":0.0002,"trade_duration":15,"profit_ratio":0.00134505,"profit_abs":12.10304058,"exit_reason":"exit_signal","initial_stop_loss_abs":23268.300000000003,"initial_stop_loss_ratio":-0.1,"stop_loss_abs":23268.300000000003,"stop_loss_ratio":-0.1,"min_rate":21082.0,"max_rate":21164.3,"is_open":false,"enter_tag":null,"is_short":true,"open_timestamp":1658887200000,"close_timestamp":1658888100000,"orders":[{"amount":0.42547156,"safe_price":21153.0,"ft_order_side":"sell","order_filled_timestamp":1658887200000,"ft_is_entry":true},{"amount":0.42547156,"safe_price":21116.1,"ft_order_side":"buy","order_filled_timestamp":1658888100000,"ft_is_entry":false}]},{"pair":"BTC/USDT","stake_amount":9000,"amount":0.42246976,"open_date":"2022-07-27 09:30:00+00:00","close_date":"2022-07-27 17:00:00+00:00","open_rate":21303.3,"close_rate":21518.7,"fee_open":0.0002,"fee_close":0.0002,"trade_duration":450,"profit_ratio":-0.01051523,"profit_abs":-94.61818632,"exit_reason":"exit_signal","initial_stop_loss_abs":23433.63,"initial_stop_loss_ratio":-0.1,"stop_loss_abs":23433.63,"stop_loss_ratio":-0.1,"min_rate":21102.5,"max_rate":21700.0,"is_open":false,"enter_tag":null,"is_short":true,"open_timestamp":1658914200000,"close_timestamp":1658941200000,"orders":[{"amount":0.42246976,"safe_price":21303.3,"ft_order_side":"sell","order_filled_timestamp":1658914200000,"ft_is_entry":true},{"amount":0.42246976,"safe_price":21518.7,"ft_order_side":"buy","order_filled_timestamp":1658941200000,"ft_is_entry":false}]}],"locks":[],"best_pair":{"key":"BTC/USDT","trades":59,"profit_mean":-0.0008211293220338988,"profit_mean_pct":-0.08211293220338987,"profit_sum":-0.048446630000000025,"profit_sum_pct":-4.84,"profit_total_abs":-436.0869467499999,"profit_total":-0.04360869467499999,"profit_total_pct":-4.36,"duration_avg":"4:15:00","wins":34,"draws":0,"losses":25},"worst_pair":{"key":"BTC/USDT","trades":59,"profit_mean":-0.0008211293220338988,"profit_mean_pct":-0.08211293220338987,"profit_sum":-0.048446630000000025,"profit_sum_pct":-4.84,"profit_total_abs":-436.0869467499999,"profit_total":-0.04360869467499999,"profit_total_pct":-4.36,"duration_avg":"4:15:00","wins":34,"draws":0,"losses":25},"results_per_pair":[{"key":"BTC/USDT","trades":59,"profit_mean":-0.0008211293220338988,"profit_mean_pct":-0.08211293220338987,"profit_sum":-0.048446630000000025,"profit_sum_pct":-4.84,"profit_total_abs":-436.0869467499999,"profit_total":-0.04360869467499999,"profit_total_pct":-4.36,"duration_avg":"4:15:00","wins":34,"draws":0,"losses":25},{"key":"TOTAL","trades":59,"profit_mean":-0.0008211293220338988,"profit_mean_pct":-0.08211293220338987,"profit_sum":-0.048446630000000025,"profit_sum_pct":-4.84,"profit_total_abs":-436.0869467499999,"profit_total":-0.04360869467499999,"profit_total_pct":-4.36,"duration_avg":"4:15:00","wins":34,"draws":0,"losses":25}],"results_per_enter_tag":[{"key":"TOTAL","trades":59,"profit_mean":-0.0008211293220338988,"profit_mean_pct":-0.08211293220338987,"profit_sum":-0.048446630000000025,"profit_sum_pct":-4.84,"profit_total_abs":-436.0869467499999,"profit_total":-0.04360869467499999,"profit_total_pct":-4.36,"duration_avg":"4:15:00","wins":34,"draws":0,"losses":25}],"exit_reason_summary":[{"exit_reason":"exit_signal","trades":43,"wins":18,"draws":0,"losses":25,"profit_mean":-0.005121623255813954,"profit_mean_pct":-0.51,"profit_sum":-0.22022980000000003,"profit_sum_pct":-22.02,"profit_total_abs":-1982.2578116099999,"profit_total":-0.22022980000000003,"profit_total_pct":-22.02},{"exit_reason":"roi","trades":16,"wins":16,"draws":0,"losses":0,"profit_mean":0.010736448125,"profit_mean_pct":1.07,"profit_sum":0.17178317,"profit_sum_pct":17.18,"profit_total_abs":1546.1708648600002,"profit_total":0.17178317,"profit_total_pct":17.18}],"left_open_trades":[{"key":"TOTAL","trades":0,"profit_mean":0.0,"profit_mean_pct":0.0,"profit_sum":0.0,"profit_sum_pct":0.0,"profit_total_abs":0.0,"profit_total":0.0,"profit_total_pct":0.0,"duration_avg":"0:00","wins":0,"draws":0,"losses":0}],"total_trades":59,"trade_count_long":36,"trade_count_short":23,"total_volume":531000.0,"avg_stake_amount":9000.0,"profit_mean":-0.0008211293220338988,"profit_median":0.00134505,"profit_total":-0.04360869467499999,"profit_total_long":-0.038629660074000004,"profit_total_short":-0.004979034601000007,"profit_total_abs":-436.0869467499999,"profit_total_long_abs":-386.29660074000003,"profit_total_short_abs":-49.79034601000007,"cagr":-0.4652461925682746,"profit_factor":0.8307380409690102,"backtest_start":"2022-07-01 07:30:00","backtest_start_ts":1656660600000,"backtest_end":"2022-07-27 20:30:00","backtest_end_ts":1658953800000,"backtest_days":26,"backtest_run_start_ts":1659041596,"backtest_run_end_ts":1659041622,"trades_per_day":2.27,"market_change":0.15417047184170476,"pairlist":["BTC/USDT"],"stake_amount":9000,"stake_currency":"USDT","stake_currency_decimals":3,"starting_balance":10000,"dry_run_wallet":10000,"final_balance":9563.91305325,"rejected_signals":0,"timedout_entry_orders":0,"timedout_exit_orders":0,"canceled_trade_entries":0,"canceled_entry_orders":0,"replaced_entry_orders":0,"max_open_trades":1,"max_open_trades_setting":10,"timeframe":"15m","timeframe_detail":"","timerange":"","enable_protections":false,"strategy_name":"CoralTrendMix","stoploss":-0.1,"trailing_stop":false,"trailing_stop_positive":null,"trailing_stop_positive_offset":0.0,"trailing_only_offset_is_reached":false,"use_custom_stoploss":false,"minimal_roi":{"60":0.01,"30":0.02,"0":0.04},"use_exit_signal":true,"exit_profit_only":false,"exit_profit_offset":0.0,"ignore_roi_if_entry_signal":false,"backtest_best_day":0.020004,"backtest_worst_day":-0.043752,"backtest_best_day_abs":180.00000095,"backtest_worst_day_abs":-393.84675191,"winning_days":13,"draw_days":1,"losing_days":12,"daily_profit":[["2022-07-02",-174.66954434],["2022-07-03",-21.51409822],["2022-07-04",89.99999961],["2022-07-05",-210.82159847],["2022-07-06",144.65670896],["2022-07-07",62.4967194],["2022-07-08",143.60260251],["2022-07-09",0.0],["2022-07-10",-128.76347076],["2022-07-11",154.77304777],["2022-07-12",-15.45128778],["2022-07-13",90.05628341],["2022-07-14",-368.89626325],["2022-07-15",136.06390053],["2022-07-16",31.2025131],["2022-07-17",89.28173095],["2022-07-18",80.89510249],["2022-07-19",-21.07232055],["2022-07-20",109.0534433],["2022-07-21",-189.58030069],["2022-07-22",-393.84675191],["2022-07-23",180.00000095],["2022-07-24",-227.08436858],["2022-07-25",92.49884495],["2022-07-26",-6.45269439],["2022-07-27",-82.51514574]],"wins":34,"losses":25,"draws":0,"holding_avg":"4:15:00","holding_avg_s":15300.0,"winner_holding_avg":"2:24:00","winner_holding_avg_s":8640.0,"loser_holding_avg":"6:46:00","loser_holding_avg_s":24360.0,"max_drawdown":0.07910081000000001,"max_drawdown_account":0.06969114680014885,"max_relative_drawdown":0.06969114680014885,"max_drawdown_abs":712.0084988499999,"drawdown_start":"2022-07-20 19:15:00","drawdown_start_ts":1658344500000.0,"drawdown_end":"2022-07-24 08:15:00","drawdown_end_ts":1658650500000.0,"max_drawdown_low":-495.3808274499999,"max_drawdown_high":216.62767140000003,"csum_min":9504.61917255,"csum_max":10216.6276714}},"strategy_comparison":[{"key":"CoralTrendMix","trades":59,"profit_mean":-0.0008211293220338988,"profit_mean_pct":-0.08211293220338987,"profit_sum":-0.048446630000000025,"profit_sum_pct":-4.84,"profit_total_abs":-436.0869467499999,"profit_total":-0.04360869467499999,"profit_total_pct":-4.36,"duration_avg":"4:15:00","wins":34,"draws":0,"losses":25,"max_drawdown_account":0.06969114680014885,"max_drawdown_abs":"712.008"}]}