{"strategy":{"CoralTrendMix":{"trades":[{"pair":"BTC/USDT","stake_amount":9000,"amount":0.46901871,"open_date":"2022-07-02 05:00:00+00:00","close_date":"2022-07-02 12:30:00+00:00","open_rate":19189.0,"close_rate":19388.605521104222,"fee_open":0.0002,"fee_close":0.0002,"trade_duration":450,"profit_ratio":0.00994602,"profit_abs":89.53206892,"exit_reason":"roi","initial_stop_loss_abs":18229.55,"initial_stop_loss_ratio":-0.05,"stop_loss_abs":18229.55,"stop_loss_ratio":-0.05,"min_rate":18959.0,"max_rate":19456.0,"is_open":false,"enter_tag":null,"is_short":false,"open_timestamp":1656738000000,"close_timestamp":1656765000000,"orders":[{"amount":0.46901871,"safe_price":19189.0,"ft_order_side":"buy","order_filled_timestamp":1656738000000,"ft_is_entry":true},{"amount":0.46901871,"safe_price":19388.605521104222,"ft_order_side":"sell","order_filled_timestamp":1656765000000,"ft_is_entry":false}]},{"pair":"BTC/USDT","stake_amount":9000,"amount":0.46907982,"open_date":"2022-07-02 15:30:00+00:00","close_date":"2022-07-03 04:45:00+00:00","open_rate":19186.5,"close_rate":18987.000299940013,"fee_open":0.0002,"fee_close":0.0002,"trade_duration":795,"profit_ratio":0.01005905,"profit_abs":90.51334447,"exit_reason":"roi","initial_stop_loss_abs":20145.825,"initial_stop_loss_ratio":-0.05,"stop_loss_abs":20145.825,"stop_loss_ratio":-0.05,"min_rate":18780.1,"max_rate":19400.0,"is_open":false,"enter_tag":null,"is_short":true,"open_timestamp":1656775800000,"close_timestamp":1656823500000,"orders":[{"amount":0.46907982,"safe_price":19186.5,"ft_order_side":"sell","order_filled_timestamp":1656775800000,"ft_is_entry":true},{"amount":0.46907982,"safe_price":18987.000299940013,"ft_order_side":"buy","order_filled_timestamp":1656823500000,"ft_is_entry":false}]},{"pair":"BTC/USDT","stake_amount":9000,"amount":0.47373408,"open_date":"2022-07-03 13:45:00+00:00","close_date":"2022-07-04 15:00:00+00:00","open_rate":18998.0,"close_rate":19947.9,"fee_open":0.0002,"fee_close":0.0002,"trade_duration":1515,"profit_ratio":-0.05022162,"profit_abs":-451.90421356,"exit_reason":"stop_loss","initial_stop_loss_abs":19947.9,"initial_stop_loss_ratio":-0.05,"stop_loss_abs":19947.9,"stop_loss_ratio":-0.05,"min_rate":18959.0,"max_rate":20123.0,"is_open":false,"enter_tag":null,"is_short":true,"open_timestamp":1656855900000,"close_timestamp":1656946800000,"orders":[{"amount":0.47373408,"safe_price":18998.0,"ft_order_side":"sell","order_filled_timestamp":1656855900000,"ft_is_entry":true},{"amount":0.47373408,"safe_price":19947.9,"ft_order_side":"buy","order_filled_timestamp":1656946800000,"ft_is_entry":false}]},{"pair":"BTC/USDT","stake_amount":9000,"amount":0.45519606,"open_date":"2022-07-04 15:30:00+00:00","close_date":"2022-07-04 17:15:00+00:00","open_rate":19771.7,"close_rate":19977.366813362674,"fee_open":0.0002,"fee_close":0.0002,"trade_duration":105,"profit_ratio":0.0099755,"profit_abs":89.79746758,"exit_reason":"roi","initial_stop_loss_abs":18783.115,"initial_stop_loss_ratio":-0.05,"stop_loss_abs":18783.115,"stop_loss_ratio":-0.05,"min_rate":19666.3,"max_rate":20061.9,"is_open":false,"enter_tag":null,"is_short":false,"open_timestamp":1656948600000,"close_timestamp":1656954900000,"orders":[{"amount":0.45519606,"safe_price":19771.7,"ft_order_side":"buy","order_filled_timestamp":1656948600000,"ft_is_entry":true},{"amount":0.45519606,"safe_price":19977.366813362674,"ft_order_side":"sell","order_filled_timestamp":1656954900000,"ft_is_entry":false}]},{"pair":"BTC/USDT","stake_amount":9000,"amount":0.45065345,"open_date":"2022-07-04 17:30:00+00:00","close_date":"2022-07-04 22:45:00+00:00","open_rate":19971.0,"close_rate":20178.739947989598,"fee_open":0.0002,"fee_close":0.0002,"trade_duration":315,"profit_ratio":0.009998,"profit_abs":90.0000005,"exit_reason":"roi","initial_stop_loss_abs":18972.45,"initial_stop_loss_ratio":-0.05,"stop_loss_abs":18972.45,"stop_loss_ratio":-0.05,"min_rate":19719.5,"max_rate":20268.0,"is_open":false,"enter_tag":null,"is_short":false,"open_timestamp":1656955800000,"close_timestamp":1656974700000,"orders":[{"amount":0.45065345,"safe_price":19971.0,"ft_order_side":"buy","order_filled_timestamp":1656955800000,"ft_is_entry":true},{"amount":0.45065345,"safe_price":20178.739947989598,"ft_order_side":"sell","order_filled_timestamp":1656974700000,"ft_is_entry":false}]},{"pair":"BTC/USDT","stake_amount":9000,"amount":0.44508185,"open_date":"2022-07-05 02:30:00+00:00","close_date":"2022-07-05 08:15:00+00:00","open_rate":20221.0,"close_rate":20010.743651269746,"fee_open":0.0002,"fee_close":0.0002,"trade_duration":345,"profit_ratio":0.01010196,"profit_abs":90.89941339,"exit_reason":"roi","initial_stop_loss_abs":21232.05,"initial_stop_loss_ratio":-0.05,"stop_loss_abs":21232.05,"stop_loss_ratio":-0.05,"min_rate":19933.0,"max_rate":20448.6,"is_open":false,"enter_tag":null,"is_short":true,"open_timestamp":1656988200000,"close_timestamp":1657008900000,"orders":[{"amount":0.44508185,"safe_price":20221.0,"ft_order_side":"sell","order_filled_timestamp":1656988200000,"ft_is_entry":true},{"amount":0.44508185,"safe_price":20010.743651269746,"ft_order_side":"buy","order_filled_timestamp":1657008900000,"ft_is_entry":false}]},{"pair":"BTC/USDT","stake_amount":9000,"amount":0.44411547,"open_date":"2022-07-05 22:30:00+00:00","close_date":"2022-07-06 01:30:00+00:00","open_rate":20265.0,"close_rate":20054.286142771445,"fee_open":0.0002,"fee_close":0.0002,"trade_duration":180,"profit_ratio":0.01010155,"profit_abs":90.89578534,"exit_reason":"roi","initial_stop_loss_abs":21278.25,"initial_stop_loss_ratio":-0.05,"stop_loss_abs":21278.25,"stop_loss_ratio":-0.05,"min_rate":19914.3,"max_rate":20438.0,"is_open":false,"enter_tag":null,"is_short":true,"open_timestamp":1657060200000,"close_timestamp":1657071000000,"orders":[{"amount":0.44411547,"safe_price":20265.0,"ft_order_side":"sell","order_filled_timestamp":1657060200000,"ft_is_entry":true},{"amount":0.44411547,"safe_price":20054.286142771445,"ft_order_side":"buy","order_filled_timestamp":1657071000000,"ft_is_entry":false}]},{"pair":"BTC/USDT","stake_amount":9000,"amount":0.44560853,"open_date":"2022-07-06 04:30:00+00:00","close_date":"2022-07-06 18:30:00+00:00","open_rate":20197.1,"close_rate":20407.191858371676,"fee_open":0.0002,"fee_close":0.0002,"trade_duration":840,"profit_ratio":0.00981477,"profit_abs":88.35061138,"exit_reason":"roi","initial_stop_loss_abs":19187.245,"initial_stop_loss_ratio":-0.05,"stop_loss_abs":19187.245,"stop_loss_ratio":-0.05,"min_rate":19850.0,"max_rate":20441.0,"is_open":false,"enter_tag":null,"is_short":false,"open_timestamp":1657081800000,"close_timestamp":1657132200000,"orders":[{"amount":0.44560853,"safe_price":20197.1,"ft_order_side":"buy","order_filled_timestamp":1657081800000,"ft_is_entry":true},{"amount":0.44560853,"safe_price":20407.191858371676,"ft_order_side":"sell","order_filled_timestamp":1657132200000,"ft_is_entry":false}]},{"pair":"BTC/USDT","stake_amount":9000,"amount":0.44355514,"open_date":"2022-07-06 20:30:00+00:00","close_date":"2022-07-07 18:30:00+00:00","open_rate":20290.6,"close_rate":21305.13,"fee_open":0.0002,"fee_close":0.0002,"trade_duration":1320,"profit_ratio":-0.05016299,"profit_abs":-451.37663055,"exit_reason":"stop_loss","initial_stop_loss_abs":21305.13,"initial_stop_loss_ratio":-0.05,"stop_loss_abs":21305.13,"stop_loss_ratio":-0.05,"min_rate":20244.9,"max_rate":21322.0,"is_open":false,"enter_tag":null,"is_short":true,"open_timestamp":1657139400000,"close_timestamp":1657218600000,"orders":[{"amount":0.44355514,"safe_price":20290.6,"ft_order_side":"sell","order_filled_timestamp":1657139400000,"ft_is_entry":true},{"amount":0.44355514,"safe_price":21305.13,"ft_order_side":"buy","order_filled_timestamp":1657218600000,"ft_is_entry":false}]},{"pair":"BTC/USDT","stake_amount":9000,"amount":0.41637944,"open_date":"2022-07-07 22:30:00+00:00","close_date":"2022-07-08 09:00:00+00:00","open_rate":21614.9,"close_rate":21390.149990002,"fee_open":0.0002,"fee_close":0.0002,"trade_duration":630,"profit_ratio":0.01010496,"profit_abs":90.92642415,"exit_reason":"roi","initial_stop_loss_abs":22695.645000000004,"initial_stop_loss_ratio":-0.05,"stop_loss_abs":22695.645000000004,"stop_loss_ratio":-0.05,"min_rate":21309.0,"max_rate":22579.9,"is_open":false,"enter_tag":null,"is_short":true,"open_timestamp":1657233000000,"close_timestamp":1657270800000,"orders":[{"amount":0.41637944,"safe_price":21614.9,"ft_order_side":"sell","order_filled_timestamp":1657233000000,"ft_is_entry":true},{"amount":0.41637944,"safe_price":21390.149990002,"ft_order_side":"buy","order_filled_timestamp":1657270800000,"ft_is_entry":false}]},{"pair":"BTC/USDT","stake_amount":9000,"amount":0.41651626,"open_date":"2022-07-08 11:45:00+00:00","close_date":"2022-07-08 14:45:00+00:00","open_rate":21607.8,"close_rate":21832.566073214643,"fee_open":0.0002,"fee_close":0.0002,"trade_duration":180,"profit_ratio":0.009998,"profit_abs":90.00000043,"exit_reason":"roi","initial_stop_loss_abs":20527.41,"initial_stop_loss_ratio":-0.05,"stop_loss_abs":20527.41,"stop_loss_ratio":-0.05,"min_rate":21175.2,"max_rate":21850.0,"is_open":false,"enter_tag":null,"is_short":false,"open_timestamp":1657280700000,"close_timestamp":1657291500000,"orders":[{"amount":0.41651626,"safe_price":21607.8,"ft_order_side":"buy","order_filled_timestamp":1657280700000,"ft_is_entry":true},{"amount":0.41651626,"safe_price":21832.566073214643,"ft_order_side":"sell","order_filled_timestamp":1657291500000,"ft_is_entry":false}]},{"pair":"BTC/USDT","stake_amount":9000,"amount":0.41359534,"open_date":"2022-07-08 19:15:00+00:00","close_date":"2022-07-09 00:00:00+00:00","open_rate":21760.4,"close_rate":21534.137092581484,"fee_open":0.0002,"fee_close":0.0002,"trade_duration":285,"profit_ratio":0.01010123,"profit_abs":90.89286171,"exit_reason":"roi","initial_stop_loss_abs":22848.420000000002,"initial_stop_loss_ratio":-0.05,"stop_loss_abs":22848.420000000002,"stop_loss_ratio":-0.05,"min_rate":21417.3,"max_rate":22048.0,"is_open":false,"enter_tag":null,"is_short":true,"open_timestamp":1657307700000,"close_timestamp":1657324800000,"orders":[{"amount":0.41359534,"safe_price":21760.4,"ft_order_side":"sell","order_filled_timestamp":1657307700000,"ft_is_entry":true},{"amount":0.41359534,"safe_price":21534.137092581484,"ft_order_side":"buy","order_filled_timestamp":1657324800000,"ft_is_entry":false}]},{"pair":"BTC/USDT","stake_amount":9000,"amount":0.41655096,"open_date":"2022-07-09 04:00:00+00:00","close_date":"2022-07-09 17:30:00+00:00","open_rate":21606.0,"close_rate":21830.747349469893,"fee_open":0.0002,"fee_close":0.0002,"trade_duration":810,"profit_ratio":0.00983662,"profit_abs":88.54724304,"exit_reason":"roi","initial_stop_loss_abs":20525.7,"initial_stop_loss_ratio":-0.05,"stop_loss_abs":20525.7,"stop_loss_ratio":-0.05,"min_rate":21309.6,"max_rate":22000.0,"is_open":false,"enter_tag":null,"is_short":false,"open_timestamp":1657339200000,"close_timestamp":1657387800000,"orders":[{"amount":0.41655096,"safe_price":21606.0,"ft_order_side":"buy","order_filled_timestamp":1657339200000,"ft_is_entry":true},{"amount":0.41655096,"safe_price":21830.747349469893,"ft_order_side":"sell","order_filled_timestamp":1657387800000,"ft_is_entry":false}]},{"pair":"BTC/USDT","stake_amount":9000,"amount":0.41685773,"open_date":"2022-07-09 19:30:00+00:00","close_date":"2022-07-10 00:45:00+00:00","open_rate":21590.1,"close_rate":21365.607858428313,"fee_open":0.0002,"fee_close":0.0002,"trade_duration":315,"profit_ratio":0.01010159,"profit_abs":90.89616135,"exit_reason":"roi","initial_stop_loss_abs":22669.605,"initial_stop_loss_ratio":-0.05,"stop_loss_abs":22669.605,"stop_loss_ratio":-0.05,"min_rate":21360.0,"max_rate":21746.4,"is_open":false,"enter_tag":null,"is_short":true,"open_timestamp":1657395000000,"close_timestamp":1657413900000,"orders":[{"amount":0.41685773,"safe_price":21590.1,"ft_order_side":"sell","order_filled_timestamp":1657395000000,"ft_is_entry":true},{"amount":0.41685773,"safe_price":21365.607858428313,"ft_order_side":"buy","order_filled_timestamp":1657413900000,"ft_is_entry":false}]},{"pair":"BTC/USDT","stake_amount":9000,"amount":0.42248761,"open_date":"2022-07-10 05:30:00+00:00","close_date":"2022-07-11 21:45:00+00:00","open_rate":21302.4,"close_rate":20237.28,"fee_open":0.0002,"fee_close":0.0002,"trade_duration":2415,"profit_ratio":-0.05077344,"profit_abs":-457.05233335,"exit_reason":"stop_loss","initial_stop_loss_abs":20237.28,"initial_stop_loss_ratio":-0.05,"stop_loss_abs":20237.28,"stop_loss_ratio":-0.05,"min_rate":20133.5,"max_rate":21433.3,"is_open":false,"enter_tag":null,"is_short":false,"open_timestamp":1657431000000,"close_timestamp":1657575900000,"orders":[{"amount":0.42248761,"safe_price":21302.4,"ft_order_side":"buy","order_filled_timestamp":1657431000000,"ft_is_entry":true},{"amount":0.42248761,"safe_price":20237.28,"ft_order_side":"sell","order_filled_timestamp":1657575900000,"ft_is_entry":false}]},{"pair":"BTC/USDT","stake_amount":9000,"amount":0.45134954,"open_date":"2022-07-12 02:30:00+00:00","close_date":"2022-07-13 12:15:00+00:00","open_rate":19940.2,"close_rate":20147.61956391278,"fee_open":0.0002,"fee_close":0.0002,"trade_duration":2025,"profit_ratio":0.00991337,"profit_abs":89.23821722,"exit_reason":"roi","initial_stop_loss_abs":18943.19,"initial_stop_loss_ratio":-0.05,"stop_loss_abs":18943.19,"stop_loss_ratio":-0.05,"min_rate":19228.3,"max_rate":20150.0,"is_open":false,"enter_tag":null,"is_short":false,"open_timestamp":1657593000000,"close_timestamp":1657714500000,"orders":[{"amount":0.45134954,"safe_price":19940.2,"ft_order_side":"buy","order_filled_timestamp":1657593000000,"ft_is_entry":true},{"amount":0.45134954,"safe_price":20147.61956391278,"ft_order_side":"sell","order_filled_timestamp":1657714500000,"ft_is_entry":false}]},{"pair":"BTC/USDT","stake_amount":9000,"amount":0.44901889,"open_date":"2022-07-13 12:30:00+00:00","close_date":"2022-07-13 12:30:00+00:00","open_rate":20043.7,"close_rate":19041.515,"fee_open":0.0002,"fee_close":0.0002,"trade_duration":0,"profit_ratio":-0.05037992,"profit_abs":-453.50999625,"exit_reason":"stop_loss","initial_stop_loss_abs":19041.515,"initial_stop_loss_ratio":-0.05,"stop_loss_abs":19041.515,"stop_loss_ratio":-0.05,"min_rate":18901.0,"max_rate":20067.0,"is_open":false,"enter_tag":null,"is_short":false,"open_timestamp":1657715400000,"close_timestamp":1657715400000,"orders":[{"amount":0.44901889,"safe_price":20043.7,"ft_order_side":"buy","order_filled_timestamp":1657715400000,"ft_is_entry":true},{"amount":0.44901889,"safe_price":19041.515,"ft_order_side":"sell","order_filled_timestamp":1657715400000,"ft_is_entry":false}]},{"pair":"BTC/USDT","stake_amount":9000,"amount":0.47022189,"open_date":"2022-07-13 12:45:00+00:00","close_date":"2022-07-13 17:00:00+00:00","open_rate":19139.9,"close_rate":20096.895000000004,"fee_open":0.0002,"fee_close":0.0002,"trade_duration":255,"profit_ratio":-0.05043246,"profit_abs":-453.80136557,"exit_reason":"stop_loss","initial_stop_loss_abs":20096.895000000004,"initial_stop_loss_ratio":-0.05,"stop_loss_abs":20096.895000000004,"stop_loss_ratio":-0.05,"min_rate":18916.8,"max_rate":20106.6,"is_open":false,"enter_tag":null,"is_short":true,"open_timestamp":1657716300000,"close_timestamp":1657731600000,"orders":[{"amount":0.47022189,"safe_price":19139.9,"ft_order_side":"sell","order_filled_timestamp":1657716300000,"ft_is_entry":true},{"amount":0.47022189,"safe_price":20096.895000000004,"ft_order_side":"buy","order_filled_timestamp":1657731600000,"ft_is_entry":false}]}],"locks":[],"best_pair":{"key":"BTC/USDT","trades":18,"profit_mean":-0.006773211666666667,"profit_mean_pct":-0.6773211666666666,"profit_sum":-0.12191781,"profit_sum_pct":-12.19,"profit_total_abs":-1097.1549398,"profit_total":-0.10971549398,"profit_total_pct":-10.97,"duration_avg":"11:50:00","wins":13,"draws":0,"losses":5},"worst_pair":{"key":"BTC/USDT","trades":18,"profit_mean":-0.006773211666666667,"profit_mean_pct":-0.6773211666666666,"profit_sum":-0.12191781,"profit_sum_pct":-12.19,"profit_total_abs":-1097.1549398,"profit_total":-0.10971549398,"profit_total_pct":-10.97,"duration_avg":"11:50:00","wins":13,"draws":0,"losses":5},"results_per_pair":[{"key":"BTC/USDT","trades":18,"profit_mean":-0.006773211666666667,"profit_mean_pct":-0.6773211666666666,"profit_sum":-0.12191781,"profit_sum_pct":-12.19,"profit_total_abs":-1097.1549398,"profit_total":-0.10971549398,"profit_total_pct":-10.97,"duration_avg":"11:50:00","wins":13,"draws":0,"losses":5},{"key":"TOTAL","trades":18,"profit_mean":-0.006773211666666667,"profit_mean_pct":-0.6773211666666666,"profit_sum":-0.12191781,"profit_sum_pct":-12.19,"profit_total_abs":-1097.1549398,"profit_total":-0.10971549398,"profit_total_pct":-10.97,"duration_avg":"11:50:00","wins":13,"draws":0,"losses":5}],"results_per_enter_tag":[{"key":"TOTAL","trades":18,"profit_mean":-0.006773211666666667,"profit_mean_pct":-0.6773211666666666,"profit_sum":-0.12191781,"profit_sum_pct":-12.19,"profit_total_abs":-1097.1549398,"profit_total":-0.10971549398,"profit_total_pct":-10.97,"duration_avg":"11:50:00","wins":13,"draws":0,"losses":5}],"exit_reason_summary":[{"exit_reason":"roi","trades":13,"wins":13,"draws":0,"losses":0,"profit_mean":0.010004047692307692,"profit_mean_pct":1.0,"profit_sum":0.13005262,"profit_sum_pct":13.01,"profit_total_abs":1170.4895994800002,"profit_total":0.13005262,"profit_total_pct":13.01},{"exit_reason":"stop_loss","trades":5,"wins":0,"draws":0,"losses":5,"profit_mean":-0.05039408599999999,"profit_mean_pct":-5.04,"profit_sum":-0.25197042999999997,"profit_sum_pct":-25.2,"profit_total_abs":-2267.64453928,"profit_total":-0.25197042999999997,"profit_total_pct":-25.2}],"left_open_trades":[{"key":"TOTAL","trades":0,"profit_mean":0.0,"profit_mean_pct":0.0,"profit_sum":0.0,"profit_sum_pct":0.0,"profit_total_abs":0.0,"profit_total":0.0,"profit_total_pct":0.0,"duration_avg":"0:00","wins":0,"draws":0,"losses":0}],"total_trades":18,"trade_count_long":9,"trade_count_short":9,"total_volume":162000.0,"avg_stake_amount":9000.0,"profit_mean":-0.006773211666666667,"profit_median":0.009960759999999999,"profit_total":-0.10971549398,"profit_total_long":-0.028509672052999997,"profit_total_short":-0.081205821927,"profit_total_abs":-1097.1549398,"profit_total_long_abs":-285.09672052999997,"profit_total_short_abs":-812.05821927,"cagr":-0.8167176255760692,"profit_factor":0.5161697872858161,"backtest_start":"2022-07-02 01:00:00","backtest_start_ts":1656723600000,"backtest_end":"2022-07-27 20:30:00","backtest_end_ts":1658953800000,"backtest_days":25,"backtest_run_start_ts":1659133333,"backtest_run_end_ts":1659133360,"trades_per_day":0.72,"market_change":0.15417047184170476,"pairlist":["BTC/USDT"],"stake_amount":9000,"stake_currency":"USDT","stake_currency_decimals":3,"starting_balance":10000,"dry_run_wallet":10000,"final_balance":8902.8450602,"rejected_signals":0,"timedout_entry_orders":0,"timedout_exit_orders":0,"canceled_trade_entries":0,"canceled_entry_orders":0,"replaced_entry_orders":0,"max_open_trades":1,"max_open_trades_setting":10,"timeframe":"15m","timeframe_detail":"","timerange":"20220101-20220729","enable_protections":false,"strategy_name":"CoralTrendMix","stoploss":-0.05,"trailing_stop":false,"trailing_stop_positive":0.1,"trailing_stop_positive_offset":0.0,"trailing_only_offset_is_reached":false,"use_custom_stoploss":false,"minimal_roi":{"60":0.01,"45":0.02,"30":0.03,"15":0.04,"0":0.05},"use_exit_signal":true,"exit_profit_only":false,"exit_profit_offset":0.0,"ignore_roi_if_entry_signal":false,"backtest_best_day":0.02010296,"backtest_worst_day":-0.09089901,"backtest_best_day_abs":180.92642458,"backtest_worst_day_abs":-818.0731446,"winning_days":7,"draw_days":1,"losing_days":4,"daily_profit":[["2022-07-02",89.53206892],["2022-07-03",90.51334447],["2022-07-04",-272.10674548],["2022-07-05",90.89941339],["2022-07-06",179.24639672],["2022-07-07",-451.37663055],["2022-07-08",180.92642458],["2022-07-09",179.44010475],["2022-07-10",90.89616135],["2022-07-11",-457.05233335],["2022-07-12",0.0],["2022-07-13",-818.0731446]],"wins":13,"losses":5,"draws":0,"holding_avg":"11:50:00","holding_avg_s":42600.0,"winner_holding_avg":"9:20:00","winner_holding_avg_s":33600.0,"loser_holding_avg":"18:21:00","loser_holding_avg_s":66060.0,"max_drawdown":0.14192288,"max_drawdown_account":0.12546116459461723,"max_relative_drawdown":0.12546116459461723,"max_drawdown_abs":1277.20035319,"drawdown_start":"2022-07-03 04:45:00","drawdown_start_ts":1656823500000.0,"drawdown_end":"2022-07-13 17:00:00","drawdown_end_ts":1657731600000.0,"max_drawdown_low":-1097.1549398,"max_drawdown_high":180.04541339000002,"csum_min":8902.8450602,"csum_max":10180.04541339}},"strategy_comparison":[{"key":"CoralTrendMix","trades":18,"profit_mean":-0.006773211666666667,"profit_mean_pct":-0.6773211666666666,"profit_sum":-0.12191781,"profit_sum_pct":-12.19,"profit_total_abs":-1097.1549398,"profit_total":-0.10971549398,"profit_total_pct":-10.97,"duration_avg":"11:50:00","wins":13,"draws":0,"losses":5,"max_drawdown_account":0.12546116459461723,"max_drawdown_abs":"1277.2"}]}