{"strategy":{"CoralTrendMix":{"trades":[{"pair":"BTC/USDT","stake_amount":100,"amount":0.00506065,"open_date":"2022-07-05 11:15:00+00:00","close_date":"2022-07-05 18:45:00+00:00","open_rate":19760.3,"close_rate":19965.848229645926,"fee_open":0.0002,"fee_close":0.0002,"trade_duration":450,"profit_ratio":0.00999682,"profit_abs":0.99988116,"exit_reason":"roi","initial_stop_loss_abs":17784.27,"initial_stop_loss_ratio":-0.1,"stop_loss_abs":17784.27,"stop_loss_ratio":-0.1,"min_rate":19291.6,"max_rate":20129.7,"is_open":false,"enter_tag":null,"is_short":false,"open_timestamp":1657019700000,"close_timestamp":1657046700000,"orders":[{"amount":0.00506065,"safe_price":19760.3,"ft_order_side":"buy","order_filled_timestamp":1657019700000,"ft_is_entry":true},{"amount":0.00506065,"safe_price":19965.848229645926,"ft_order_side":"sell","order_filled_timestamp":1657046700000,"ft_is_entry":false}]},{"pair":"BTC/USDT","stake_amount":100,"amount":0.0046422,"open_date":"2022-07-08 09:30:00+00:00","close_date":"2022-07-08 14:45:00+00:00","open_rate":21541.5,"close_rate":21765.576415283056,"fee_open":0.0002,"fee_close":0.0002,"trade_duration":315,"profit_ratio":0.009998,"profit_abs":0.99999951,"exit_reason":"roi","initial_stop_loss_abs":19387.350000000002,"initial_stop_loss_ratio":-0.1,"stop_loss_abs":19387.350000000002,"stop_loss_ratio":-0.1,"min_rate":21175.2,"max_rate":21850.0,"is_open":false,"enter_tag":null,"is_short":false,"open_timestamp":1657272600000,"close_timestamp":1657291500000,"orders":[{"amount":0.0046422,"safe_price":21541.5,"ft_order_side":"buy","order_filled_timestamp":1657272600000,"ft_is_entry":true},{"amount":0.0046422,"safe_price":21765.576415283056,"ft_order_side":"sell","order_filled_timestamp":1657291500000,"ft_is_entry":false}]},{"pair":"BTC/USDT","stake_amount":100,"amount":0.00477977,"open_date":"2022-07-10 16:45:00+00:00","close_date":"2022-07-10 21:00:00+00:00","open_rate":20921.5,"close_rate":21139.127125425086,"fee_open":0.0002,"fee_close":0.0002,"trade_duration":255,"profit_ratio":0.009998,"profit_abs":0.99999958,"exit_reason":"roi","initial_stop_loss_abs":18829.350000000002,"initial_stop_loss_ratio":-0.1,"stop_loss_abs":18829.350000000002,"stop_loss_ratio":-0.1,"min_rate":20716.4,"max_rate":21170.0,"is_open":false,"enter_tag":null,"is_short":false,"open_timestamp":1657471500000,"close_timestamp":1657486800000,"orders":[{"amount":0.00477977,"safe_price":20921.5,"ft_order_side":"buy","order_filled_timestamp":1657471500000,"ft_is_entry":true},{"amount":0.00477977,"safe_price":21139.127125425086,"ft_order_side":"sell","order_filled_timestamp":1657486800000,"ft_is_entry":false}]},{"pair":"BTC/USDT","stake_amount":100,"amount":0.00501799,"open_date":"2022-07-12 01:45:00+00:00","close_date":"2022-07-13 12:15:00+00:00","open_rate":19928.3,"close_rate":20135.59577915583,"fee_open":0.0002,"fee_close":0.0002,"trade_duration":2070,"profit_ratio":0.00991332,"profit_abs":0.99153078,"exit_reason":"roi","initial_stop_loss_abs":17935.47,"initial_stop_loss_ratio":-0.1,"stop_loss_abs":17935.47,"stop_loss_ratio":-0.1,"min_rate":19228.3,"max_rate":20150.0,"is_open":false,"enter_tag":null,"is_short":false,"open_timestamp":1657590300000,"close_timestamp":1657714500000,"orders":[{"amount":0.00501799,"safe_price":19928.3,"ft_order_side":"buy","order_filled_timestamp":1657590300000,"ft_is_entry":true},{"amount":0.00501799,"safe_price":20135.59577915583,"ft_order_side":"sell","order_filled_timestamp":1657714500000,"ft_is_entry":false}]},{"pair":"BTC/USDT","stake_amount":100,"amount":0.00520977,"open_date":"2022-07-13 13:45:00+00:00","close_date":"2022-07-13 14:45:00+00:00","open_rate":19194.7,"close_rate":19532.2,"fee_open":0.0002,"fee_close":0.0002,"trade_duration":60,"profit_ratio":0.01717603,"profit_abs":1.71794573,"exit_reason":"roi","initial_stop_loss_abs":17275.23,"initial_stop_loss_ratio":-0.1,"stop_loss_abs":17275.23,"stop_loss_ratio":-0.1,"min_rate":19142.0,"max_rate":19688.0,"is_open":false,"enter_tag":null,"is_short":false,"open_timestamp":1657719900000,"close_timestamp":1657723500000,"orders":[{"amount":0.00520977,"safe_price":19194.7,"ft_order_side":"buy","order_filled_timestamp":1657719900000,"ft_is_entry":true},{"amount":0.00520977,"safe_price":19532.2,"ft_order_side":"sell","order_filled_timestamp":1657723500000,"ft_is_entry":false}]},{"pair":"BTC/USDT","stake_amount":100,"amount":0.00505423,"open_date":"2022-07-14 09:45:00+00:00","close_date":"2022-07-14 15:00:00+00:00","open_rate":19785.4,"close_rate":19991.209321864375,"fee_open":0.0002,"fee_close":0.0002,"trade_duration":315,"profit_ratio":0.009998,"profit_abs":0.99999962,"exit_reason":"roi","initial_stop_loss_abs":17806.86,"initial_stop_loss_ratio":-0.1,"stop_loss_abs":17806.86,"stop_loss_ratio":-0.1,"min_rate":19600.0,"max_rate":20090.0,"is_open":false,"enter_tag":null,"is_short":false,"open_timestamp":1657791900000,"close_timestamp":1657810800000,"orders":[{"amount":0.00505423,"safe_price":19785.4,"ft_order_side":"buy","order_filled_timestamp":1657791900000,"ft_is_entry":true},{"amount":0.00505423,"safe_price":19991.209321864375,"ft_order_side":"sell","order_filled_timestamp":1657810800000,"ft_is_entry":false}]},{"pair":"BTC/USDT","stake_amount":100,"amount":0.00449033,"open_date":"2022-07-23 15:15:00+00:00","close_date":"2022-07-23 23:00:00+00:00","open_rate":22270.1,"close_rate":22501.755371074214,"fee_open":0.0002,"fee_close":0.0002,"trade_duration":465,"profit_ratio":0.00989829,"profit_abs":0.990028,"exit_reason":"roi","initial_stop_loss_abs":20043.09,"initial_stop_loss_ratio":-0.1,"stop_loss_abs":20043.09,"stop_loss_ratio":-0.1,"min_rate":21933.5,"max_rate":22529.0,"is_open":false,"enter_tag":null,"is_short":false,"open_timestamp":1658589300000,"close_timestamp":1658617200000,"orders":[{"amount":0.00449033,"safe_price":22270.1,"ft_order_side":"buy","order_filled_timestamp":1658589300000,"ft_is_entry":true},{"amount":0.00449033,"safe_price":22501.755371074214,"ft_order_side":"sell","order_filled_timestamp":1658617200000,"ft_is_entry":false}]}],"locks":[],"best_pair":{"key":"BTC/USDT","trades":7,"profit_mean":0.010996922857142858,"profit_mean_pct":1.0996922857142857,"profit_sum":0.07697846,"profit_sum_pct":7.7,"profit_total_abs":7.69938438,"profit_total":0.0076993843799999994,"profit_total_pct":0.77,"duration_avg":"9:21:00","wins":7,"draws":0,"losses":0},"worst_pair":{"key":"BTC/USDT","trades":7,"profit_mean":0.010996922857142858,"profit_mean_pct":1.0996922857142857,"profit_sum":0.07697846,"profit_sum_pct":7.7,"profit_total_abs":7.69938438,"profit_total":0.0076993843799999994,"profit_total_pct":0.77,"duration_avg":"9:21:00","wins":7,"draws":0,"losses":0},"results_per_pair":[{"key":"BTC/USDT","trades":7,"profit_mean":0.010996922857142858,"profit_mean_pct":1.0996922857142857,"profit_sum":0.07697846,"profit_sum_pct":7.7,"profit_total_abs":7.69938438,"profit_total":0.0076993843799999994,"profit_total_pct":0.77,"duration_avg":"9:21:00","wins":7,"draws":0,"losses":0},{"key":"TOTAL","trades":7,"profit_mean":0.010996922857142858,"profit_mean_pct":1.0996922857142857,"profit_sum":0.07697846,"profit_sum_pct":7.7,"profit_total_abs":7.69938438,"profit_total":0.0076993843799999994,"profit_total_pct":0.77,"duration_avg":"9:21:00","wins":7,"draws":0,"losses":0}],"results_per_enter_tag":[{"key":"TOTAL","trades":7,"profit_mean":0.010996922857142858,"profit_mean_pct":1.0996922857142857,"profit_sum":0.07697846,"profit_sum_pct":7.7,"profit_total_abs":7.69938438,"profit_total":0.0076993843799999994,"profit_total_pct":0.77,"duration_avg":"9:21:00","wins":7,"draws":0,"losses":0}],"exit_reason_summary":[{"exit_reason":"roi","trades":7,"wins":7,"draws":0,"losses":0,"profit_mean":0.010996922857142858,"profit_mean_pct":1.1,"profit_sum":0.07697846,"profit_sum_pct":7.7,"profit_total_abs":7.69938438,"profit_total":0.07697846,"profit_total_pct":7.7}],"left_open_trades":[{"key":"TOTAL","trades":0,"profit_mean":0.0,"profit_mean_pct":0.0,"profit_sum":0.0,"profit_sum_pct":0.0,"profit_total_abs":0.0,"profit_total":0.0,"profit_total_pct":0.0,"duration_avg":"0:00","wins":0,"draws":0,"losses":0}],"total_trades":7,"trade_count_long":7,"trade_count_short":0,"total_volume":700.0,"avg_stake_amount":100.0,"profit_mean":0.010996922857142858,"profit_median":0.009998,"profit_total":0.0076993843799999994,"profit_total_long":0.0076993843799999994,"profit_total_short":0.0,"profit_total_abs":7.69938438,"profit_total_long_abs":7.69938438,"profit_total_short_abs":0.0,"cagr":0.13570151752909076,"profit_factor":0.0,"backtest_start":"2022-07-01 07:30:00","backtest_start_ts":1656660600000,"backtest_end":"2022-07-24 00:00:00","backtest_end_ts":1658620800000,"backtest_days":22,"backtest_run_start_ts":1658794358,"backtest_run_end_ts":1658794358,"trades_per_day":0.32,"market_change":0.14730086250634192,"pairlist":["BTC/USDT"],"stake_amount":100,"stake_currency":"USDT","stake_currency_decimals":3,"starting_balance":1000,"dry_run_wallet":1000,"final_balance":1007.69938438,"rejected_signals":0,"timedout_entry_orders":0,"timedout_exit_orders":0,"canceled_trade_entries":0,"canceled_entry_orders":0,"replaced_entry_orders":0,"max_open_trades":1,"max_open_trades_setting":3,"timeframe":"15m","timeframe_detail":"","timerange":"20220101-20220724","enable_protections":false,"strategy_name":"CoralTrendMix","stoploss":-0.1,"trailing_stop":false,"trailing_stop_positive":null,"trailing_stop_positive_offset":0.0,"trailing_only_offset_is_reached":false,"use_custom_stoploss":false,"minimal_roi":{"60":0.01,"30":0.02,"0":0.04},"use_exit_signal":true,"exit_profit_only":false,"exit_profit_offset":0.0,"ignore_roi_if_entry_signal":false,"backtest_best_day":0.027089349999999998,"backtest_worst_day":0.0,"backtest_best_day_abs":2.70947651,"backtest_worst_day_abs":0.0,"winning_days":6,"draw_days":13,"losing_days":0,"daily_profit":[["2022-07-05",0.99988116],["2022-07-06",0.0],["2022-07-07",0.0],["2022-07-08",0.99999951],["2022-07-09",0.0],["2022-07-10",0.99999958],["2022-07-11",0.0],["2022-07-12",0.0],["2022-07-13",2.70947651],["2022-07-14",0.99999962],["2022-07-15",0.0],["2022-07-16",0.0],["2022-07-17",0.0],["2022-07-18",0.0],["2022-07-19",0.0],["2022-07-20",0.0],["2022-07-21",0.0],["2022-07-22",0.0],["2022-07-23",0.990028]],"wins":7,"losses":0,"draws":0,"holding_avg":"9:21:00","holding_avg_s":33660.0,"winner_holding_avg":"9:21:00","winner_holding_avg_s":33660.0,"loser_holding_avg":"0:00:00","loser_holding_avg_s":0.0,"max_drawdown":0.0,"max_drawdown_account":0.0,"max_relative_drawdown":0.0,"max_drawdown_abs":0.0,"max_drawdown_low":0.0,"max_drawdown_high":0.0,"drawdown_start":"1970-01-01 00:00:00+00:00","drawdown_start_ts":0,"drawdown_end":"1970-01-01 00:00:00+00:00","drawdown_end_ts":0,"csum_min":0,"csum_max":0}},"strategy_comparison":[{"key":"CoralTrendMix","trades":7,"profit_mean":0.010996922857142858,"profit_mean_pct":1.0996922857142857,"profit_sum":0.07697846,"profit_sum_pct":7.7,"profit_total_abs":7.69938438,"profit_total":0.0076993843799999994,"profit_total_pct":0.77,"duration_avg":"9:21:00","wins":7,"draws":0,"losses":0,"max_drawdown_account":0.0,"max_drawdown_abs":"0"}]}