{"strategy":{"CoralTrendMix":{"trades":[{"pair":"BTC/USDT","stake_amount":9000,"amount":0.46116244,"open_date":"2022-07-01 09:00:00+00:00","close_date":"2022-07-01 10:30:00+00:00","open_rate":19515.9,"close_rate":19312.97522495501,"fee_open":0.0002,"fee_close":0.0002,"trade_duration":90,"profit_ratio":0.010002,"profit_abs":90.00000063,"exit_reason":"roi","initial_stop_loss_abs":21467.49,"initial_stop_loss_ratio":-0.1,"stop_loss_abs":21467.49,"stop_loss_ratio":-0.1,"min_rate":19094.4,"max_rate":19558.4,"is_open":false,"enter_tag":null,"is_short":true,"open_timestamp":1656666000000,"close_timestamp":1656671400000,"orders":[{"amount":0.46116244,"safe_price":19515.9,"ft_order_side":"sell","order_filled_timestamp":1656666000000,"ft_is_entry":true},{"amount":0.46116244,"safe_price":19312.97522495501,"ft_order_side":"buy","order_filled_timestamp":1656671400000,"ft_is_entry":false}]},{"pair":"BTC/USDT","stake_amount":9000,"amount":0.46559029,"open_date":"2022-07-01 14:30:00+00:00","close_date":"2022-07-01 15:00:00+00:00","open_rate":19330.3,"close_rate":19400.1,"fee_open":0.0002,"fee_close":0.0002,"trade_duration":30,"profit_ratio":-0.00401244,"profit_abs":-36.10470188,"exit_reason":"exit_signal","initial_stop_loss_abs":21263.33,"initial_stop_loss_ratio":-0.1,"stop_loss_abs":21263.33,"stop_loss_ratio":-0.1,"min_rate":19278.5,"max_rate":19458.4,"is_open":false,"enter_tag":null,"is_short":true,"open_timestamp":1656685800000,"close_timestamp":1656687600000,"orders":[{"amount":0.46559029,"safe_price":19330.3,"ft_order_side":"sell","order_filled_timestamp":1656685800000,"ft_is_entry":true},{"amount":0.46559029,"safe_price":19400.1,"ft_order_side":"buy","order_filled_timestamp":1656687600000,"ft_is_entry":false}]},{"pair":"BTC/USDT","stake_amount":9000,"amount":0.46454011,"open_date":"2022-07-01 15:45:00+00:00","close_date":"2022-07-01 16:30:00+00:00","open_rate":19374.0,"close_rate":19393.6,"fee_open":0.0002,"fee_close":0.0002,"trade_duration":45,"profit_ratio":-0.00149238,"profit_abs":-13.42875475,"exit_reason":"exit_signal","initial_stop_loss_abs":21311.4,"initial_stop_loss_ratio":-0.1,"stop_loss_abs":21311.4,"stop_loss_ratio":-0.1,"min_rate":19188.4,"max_rate":19424.4,"is_open":false,"enter_tag":null,"is_short":true,"open_timestamp":1656690300000,"close_timestamp":1656693000000,"orders":[{"amount":0.46454011,"safe_price":19374.0,"ft_order_side":"sell","order_filled_timestamp":1656690300000,"ft_is_entry":true},{"amount":0.46454011,"safe_price":19393.6,"ft_order_side":"buy","order_filled_timestamp":1656693000000,"ft_is_entry":false}]},{"pair":"BTC/USDT","stake_amount":9000,"amount":0.46548434,"open_date":"2022-07-01 17:00:00+00:00","close_date":"2022-07-01 17:15:00+00:00","open_rate":19334.7,"close_rate":19394.8,"fee_open":0.0002,"fee_close":0.0002,"trade_duration":15,"profit_ratio":-0.00350972,"profit_abs":-31.58120398,"exit_reason":"exit_signal","initial_stop_loss_abs":21268.170000000002,"initial_stop_loss_ratio":-0.1,"stop_loss_abs":21268.170000000002,"stop_loss_ratio":-0.1,"min_rate":19310.8,"max_rate":19431.5,"is_open":false,"enter_tag":null,"is_short":true,"open_timestamp":1656694800000,"close_timestamp":1656695700000,"orders":[{"amount":0.46548434,"safe_price":19334.7,"ft_order_side":"sell","order_filled_timestamp":1656694800000,"ft_is_entry":true},{"amount":0.46548434,"safe_price":19394.8,"ft_order_side":"buy","order_filled_timestamp":1656695700000,"ft_is_entry":false}]},{"pair":"BTC/USDT","stake_amount":9000,"amount":0.46331808,"open_date":"2022-07-01 19:00:00+00:00","close_date":"2022-07-01 20:15:00+00:00","open_rate":19425.1,"close_rate":19433.0,"fee_open":0.0002,"fee_close":0.0002,"trade_duration":75,"profit_ratio":-0.00080693,"profit_abs":-7.26094489,"exit_reason":"exit_signal","initial_stop_loss_abs":21367.61,"initial_stop_loss_ratio":-0.1,"stop_loss_abs":21367.61,"stop_loss_ratio":-0.1,"min_rate":19263.6,"max_rate":19686.8,"is_open":false,"enter_tag":null,"is_short":true,"open_timestamp":1656702000000,"close_timestamp":1656706500000,"orders":[{"amount":0.46331808,"safe_price":19425.1,"ft_order_side":"sell","order_filled_timestamp":1656702000000,"ft_is_entry":true},{"amount":0.46331808,"safe_price":19433.0,"ft_order_side":"buy","order_filled_timestamp":1656706500000,"ft_is_entry":false}]},{"pair":"BTC/USDT","stake_amount":9000,"amount":0.46317978,"open_date":"2022-07-01 21:30:00+00:00","close_date":"2022-07-01 21:45:00+00:00","open_rate":19430.9,"close_rate":19470.9,"fee_open":0.0002,"fee_close":0.0002,"trade_duration":15,"profit_ratio":-0.00245948,"profit_abs":-22.13089663,"exit_reason":"exit_signal","initial_stop_loss_abs":21373.99,"initial_stop_loss_ratio":-0.1,"stop_loss_abs":21373.99,"stop_loss_ratio":-0.1,"min_rate":19323.5,"max_rate":19494.3,"is_open":false,"enter_tag":null,"is_short":true,"open_timestamp":1656711000000,"close_timestamp":1656711900000,"orders":[{"amount":0.46317978,"safe_price":19430.9,"ft_order_side":"sell","order_filled_timestamp":1656711000000,"ft_is_entry":true},{"amount":0.46317978,"safe_price":19470.9,"ft_order_side":"buy","order_filled_timestamp":1656711900000,"ft_is_entry":false}]},{"pair":"BTC/USDT","stake_amount":9000,"amount":0.46417354,"open_date":"2022-07-01 22:00:00+00:00","close_date":"2022-07-01 23:30:00+00:00","open_rate":19389.3,"close_rate":19404.6,"fee_open":0.0002,"fee_close":0.0002,"trade_duration":90,"profit_ratio":-0.00118949,"profit_abs":-10.70327554,"exit_reason":"exit_signal","initial_stop_loss_abs":21328.23,"initial_stop_loss_ratio":-0.1,"stop_loss_abs":21328.23,"stop_loss_ratio":-0.1,"min_rate":19275.6,"max_rate":19457.4,"is_open":false,"enter_tag":null,"is_short":true,"open_timestamp":1656712800000,"close_timestamp":1656718200000,"orders":[{"amount":0.46417354,"safe_price":19389.3,"ft_order_side":"sell","order_filled_timestamp":1656712800000,"ft_is_entry":true},{"amount":0.46417354,"safe_price":19404.6,"ft_order_side":"buy","order_filled_timestamp":1656718200000,"ft_is_entry":false}]},{"pair":"BTC/USDT","stake_amount":9000,"amount":0.46699875,"open_date":"2022-07-02 00:00:00+00:00","close_date":"2022-07-02 02:15:00+00:00","open_rate":19272.0,"close_rate":19262.7,"fee_open":0.0002,"fee_close":0.0002,"trade_duration":135,"profit_ratio":5.354e-05,"profit_abs":0.48178703,"exit_reason":"exit_signal","initial_stop_loss_abs":21199.2,"initial_stop_loss_ratio":-0.1,"stop_loss_abs":21199.2,"stop_loss_ratio":-0.1,"min_rate":19130.4,"max_rate":19383.2,"is_open":false,"enter_tag":null,"is_short":true,"open_timestamp":1656720000000,"close_timestamp":1656728100000,"orders":[{"amount":0.46699875,"safe_price":19272.0,"ft_order_side":"sell","order_filled_timestamp":1656720000000,"ft_is_entry":true},{"amount":0.46699875,"safe_price":19262.7,"ft_order_side":"buy","order_filled_timestamp":1656728100000,"ft_is_entry":false}]},{"pair":"BTC/USDT","stake_amount":9000,"amount":0.46840845,"open_date":"2022-07-02 02:30:00+00:00","close_date":"2022-07-02 04:30:00+00:00","open_rate":19214.0,"close_rate":19177.6,"fee_open":0.0002,"fee_close":0.0002,"trade_duration":120,"profit_ratio":0.00149513,"profit_abs":13.45347761,"exit_reason":"exit_signal","initial_stop_loss_abs":21135.4,"initial_stop_loss_ratio":-0.1,"stop_loss_abs":21135.4,"stop_loss_ratio":-0.1,"min_rate":19043.6,"max_rate":19235.0,"is_open":false,"enter_tag":null,"is_short":true,"open_timestamp":1656729000000,"close_timestamp":1656736200000,"orders":[{"amount":0.46840845,"safe_price":19214.0,"ft_order_side":"sell","order_filled_timestamp":1656729000000,"ft_is_entry":true},{"amount":0.46840845,"safe_price":19177.6,"ft_order_side":"buy","order_filled_timestamp":1656736200000,"ft_is_entry":false}]},{"pair":"BTC/USDT","stake_amount":9000,"amount":0.46914829,"open_date":"2022-07-02 06:45:00+00:00","close_date":"2022-07-02 09:15:00+00:00","open_rate":19183.7,"close_rate":18984.22941411718,"fee_open":0.0002,"fee_close":0.0002,"trade_duration":150,"profit_ratio":0.01005402,"profit_abs":90.46806113,"exit_reason":"roi","initial_stop_loss_abs":21102.070000000003,"initial_stop_loss_ratio":-0.1,"stop_loss_abs":21102.070000000003,"stop_loss_ratio":-0.1,"min_rate":18959.0,"max_rate":19267.5,"is_open":false,"enter_tag":null,"is_short":true,"open_timestamp":1656744300000,"close_timestamp":1656753300000,"orders":[{"amount":0.46914829,"safe_price":19183.7,"ft_order_side":"sell","order_filled_timestamp":1656744300000,"ft_is_entry":true},{"amount":0.46914829,"safe_price":18984.22941411718,"ft_order_side":"buy","order_filled_timestamp":1656753300000,"ft_is_entry":false}]},{"pair":"BTC/USDT","stake_amount":9000,"amount":0.46750332,"open_date":"2022-07-04 00:45:00+00:00","close_date":"2022-07-04 02:15:00+00:00","open_rate":19251.2,"close_rate":19216.6,"fee_open":0.0002,"fee_close":0.0002,"trade_duration":90,"profit_ratio":0.00139793,"profit_abs":12.57885003,"exit_reason":"exit_signal","initial_stop_loss_abs":21176.320000000003,"initial_stop_loss_ratio":-0.1,"stop_loss_abs":21176.320000000003,"stop_loss_ratio":-0.1,"min_rate":19125.0,"max_rate":19277.1,"is_open":false,"enter_tag":null,"is_short":true,"open_timestamp":1656895500000,"close_timestamp":1656900900000,"orders":[{"amount":0.46750332,"safe_price":19251.2,"ft_order_side":"sell","order_filled_timestamp":1656895500000,"ft_is_entry":true},{"amount":0.46750332,"safe_price":19216.6,"ft_order_side":"buy","order_filled_timestamp":1656900900000,"ft_is_entry":false}]},{"pair":"BTC/USDT","stake_amount":9000,"amount":0.46889164,"open_date":"2022-07-04 02:30:00+00:00","close_date":"2022-07-04 04:45:00+00:00","open_rate":19194.2,"close_rate":19120.2,"fee_open":0.0002,"fee_close":0.0002,"trade_duration":135,"profit_ratio":0.00345679,"profit_abs":31.10492099,"exit_reason":"exit_signal","initial_stop_loss_abs":21113.620000000003,"initial_stop_loss_ratio":-0.1,"stop_loss_abs":21113.620000000003,"stop_loss_ratio":-0.1,"min_rate":19046.3,"max_rate":19218.1,"is_open":false,"enter_tag":null,"is_short":true,"open_timestamp":1656901800000,"close_timestamp":1656909900000,"orders":[{"amount":0.46889164,"safe_price":19194.2,"ft_order_side":"sell","order_filled_timestamp":1656901800000,"ft_is_entry":true},{"amount":0.46889164,"safe_price":19120.2,"ft_order_side":"buy","order_filled_timestamp":1656909900000,"ft_is_entry":false}]},{"pair":"BTC/USDT","stake_amount":9000,"amount":0.47135966,"open_date":"2022-07-04 07:00:00+00:00","close_date":"2022-07-04 08:15:00+00:00","open_rate":19093.7,"close_rate":19126.2,"fee_open":0.0002,"fee_close":0.0002,"trade_duration":75,"profit_ratio":-0.00205653,"profit_abs":-18.50508573,"exit_reason":"exit_signal","initial_stop_loss_abs":21003.070000000003,"initial_stop_loss_ratio":-0.1,"stop_loss_abs":21003.070000000003,"stop_loss_ratio":-0.1,"min_rate":19072.5,"max_rate":19158.0,"is_open":false,"enter_tag":null,"is_short":true,"open_timestamp":1656918000000,"close_timestamp":1656922500000,"orders":[{"amount":0.47135966,"safe_price":19093.7,"ft_order_side":"sell","order_filled_timestamp":1656918000000,"ft_is_entry":true},{"amount":0.47135966,"safe_price":19126.2,"ft_order_side":"buy","order_filled_timestamp":1656922500000,"ft_is_entry":false}]},{"pair":"BTC/USDT","stake_amount":9000,"amount":0.45708481,"open_date":"2022-07-04 13:30:00+00:00","close_date":"2022-07-04 15:00:00+00:00","open_rate":19690.0,"close_rate":19601.1,"fee_open":0.0002,"fee_close":0.0002,"trade_duration":90,"profit_ratio":0.00411671,"profit_abs":37.04296661,"exit_reason":"exit_signal","initial_stop_loss_abs":21659.0,"initial_stop_loss_ratio":-0.1,"stop_loss_abs":21659.0,"stop_loss_ratio":-0.1,"min_rate":19494.4,"max_rate":20123.0,"is_open":false,"enter_tag":null,"is_short":true,"open_timestamp":1656941400000,"close_timestamp":1656946800000,"orders":[{"amount":0.45708481,"safe_price":19690.0,"ft_order_side":"sell","order_filled_timestamp":1656941400000,"ft_is_entry":true},{"amount":0.45708481,"safe_price":19601.1,"ft_order_side":"buy","order_filled_timestamp":1656946800000,"ft_is_entry":false}]},{"pair":"BTC/USDT","stake_amount":9000,"amount":0.45635011,"open_date":"2022-07-04 16:30:00+00:00","close_date":"2022-07-04 17:15:00+00:00","open_rate":19721.7,"close_rate":19781.4,"fee_open":0.0002,"fee_close":0.0002,"trade_duration":45,"profit_ratio":-0.00342841,"profit_abs":-30.84955037,"exit_reason":"exit_signal","initial_stop_loss_abs":21693.870000000003,"initial_stop_loss_ratio":-0.1,"stop_loss_abs":21693.870000000003,"stop_loss_ratio":-0.1,"min_rate":19670.7,"max_rate":20061.9,"is_open":false,"enter_tag":null,"is_short":true,"open_timestamp":1656952200000,"close_timestamp":1656954900000,"orders":[{"amount":0.45635011,"safe_price":19721.7,"ft_order_side":"sell","order_filled_timestamp":1656952200000,"ft_is_entry":true},{"amount":0.45635011,"safe_price":19781.4,"ft_order_side":"buy","order_filled_timestamp":1656954900000,"ft_is_entry":false}]},{"pair":"BTC/USDT","stake_amount":9000,"amount":0.45313342,"open_date":"2022-07-04 18:30:00+00:00","close_date":"2022-07-04 19:00:00+00:00","open_rate":19861.7,"close_rate":19919.2,"fee_open":0.0002,"fee_close":0.0002,"trade_duration":30,"profit_ratio":-0.00329626,"profit_abs":-29.6603827,"exit_reason":"exit_signal","initial_stop_loss_abs":21847.870000000003,"initial_stop_loss_ratio":-0.1,"stop_loss_abs":21847.870000000003,"stop_loss_ratio":-0.1,"min_rate":19809.6,"max_rate":19968.0,"is_open":false,"enter_tag":null,"is_short":true,"open_timestamp":1656959400000,"close_timestamp":1656961200000,"orders":[{"amount":0.45313342,"safe_price":19861.7,"ft_order_side":"sell","order_filled_timestamp":1656959400000,"ft_is_entry":true},{"amount":0.45313342,"safe_price":19919.2,"ft_order_side":"buy","order_filled_timestamp":1656961200000,"ft_is_entry":false}]},{"pair":"BTC/USDT","stake_amount":9000,"amount":0.45393104,"open_date":"2022-07-04 19:15:00+00:00","close_date":"2022-07-04 20:15:00+00:00","open_rate":19826.8,"close_rate":19851.3,"fee_open":0.0002,"fee_close":0.0002,"trade_duration":60,"profit_ratio":-0.00163628,"profit_abs":-14.72353472,"exit_reason":"exit_signal","initial_stop_loss_abs":21809.48,"initial_stop_loss_ratio":-0.1,"stop_loss_abs":21809.48,"stop_loss_ratio":-0.1,"min_rate":19719.5,"max_rate":19874.1,"is_open":false,"enter_tag":null,"is_short":true,"open_timestamp":1656962100000,"close_timestamp":1656965700000,"orders":[{"amount":0.45393104,"safe_price":19826.8,"ft_order_side":"sell","order_filled_timestamp":1656962100000,"ft_is_entry":true},{"amount":0.45393104,"safe_price":19851.3,"ft_order_side":"buy","order_filled_timestamp":1656965700000,"ft_is_entry":false}]},{"pair":"BTC/USDT","stake_amount":9000,"amount":0.45508098,"open_date":"2022-07-04 20:30:00+00:00","close_date":"2022-07-04 21:45:00+00:00","open_rate":19776.7,"close_rate":19870.9,"fee_open":0.0002,"fee_close":0.0002,"trade_duration":75,"profit_ratio":-0.00516517,"profit_abs":-46.47720205,"exit_reason":"exit_signal","initial_stop_loss_abs":21754.370000000003,"initial_stop_loss_ratio":-0.1,"stop_loss_abs":21754.370000000003,"stop_loss_ratio":-0.1,"min_rate":19735.5,"max_rate":20033.0,"is_open":false,"enter_tag":null,"is_short":true,"open_timestamp":1656966600000,"close_timestamp":1656971100000,"orders":[{"amount":0.45508098,"safe_price":19776.7,"ft_order_side":"sell","order_filled_timestamp":1656966600000,"ft_is_entry":true},{"amount":0.45508098,"safe_price":19870.9,"ft_order_side":"buy","order_filled_timestamp":1656971100000,"ft_is_entry":false}]},{"pair":"BTC/USDT","stake_amount":9000,"amount":0.44396431,"open_date":"2022-07-05 01:30:00+00:00","close_date":"2022-07-05 03:45:00+00:00","open_rate":20271.9,"close_rate":20265.1,"fee_open":0.0002,"fee_close":0.0002,"trade_duration":135,"profit_ratio":-6.451e-05,"profit_abs":-0.58043894,"exit_reason":"exit_signal","initial_stop_loss_abs":22299.090000000004,"initial_stop_loss_ratio":-0.1,"stop_loss_abs":22299.090000000004,"stop_loss_ratio":-0.1,"min_rate":20150.0,"max_rate":20318.0,"is_open":false,"enter_tag":null,"is_short":true,"open_timestamp":1656984600000,"close_timestamp":1656992700000,"orders":[{"amount":0.44396431,"safe_price":20271.9,"ft_order_side":"sell","order_filled_timestamp":1656984600000,"ft_is_entry":true},{"amount":0.44396431,"safe_price":20265.1,"ft_order_side":"buy","order_filled_timestamp":1656992700000,"ft_is_entry":false}]},{"pair":"BTC/USDT","stake_amount":9000,"amount":0.44502022,"open_date":"2022-07-05 04:30:00+00:00","close_date":"2022-07-05 05:00:00+00:00","open_rate":20223.8,"close_rate":20265.1,"fee_open":0.0002,"fee_close":0.0002,"trade_duration":30,"profit_ratio":-0.00244305,"profit_abs":-21.98301092,"exit_reason":"exit_signal","initial_stop_loss_abs":22246.18,"initial_stop_loss_ratio":-0.1,"stop_loss_abs":22246.18,"stop_loss_ratio":-0.1,"min_rate":20195.8,"max_rate":20335.6,"is_open":false,"enter_tag":null,"is_short":true,"open_timestamp":1656995400000,"close_timestamp":1656997200000,"orders":[{"amount":0.44502022,"safe_price":20223.8,"ft_order_side":"sell","order_filled_timestamp":1656995400000,"ft_is_entry":true},{"amount":0.44502022,"safe_price":20265.1,"ft_order_side":"buy","order_filled_timestamp":1656997200000,"ft_is_entry":false}]},{"pair":"BTC/USDT","stake_amount":9000,"amount":0.4447871,"open_date":"2022-07-05 05:15:00+00:00","close_date":"2022-07-05 05:30:00+00:00","open_rate":20234.4,"close_rate":20355.4,"fee_open":0.0002,"fee_close":0.0002,"trade_duration":15,"profit_ratio":-0.00638239,"profit_abs":-57.43000299,"exit_reason":"exit_signal","initial_stop_loss_abs":22257.840000000004,"initial_stop_loss_ratio":-0.1,"stop_loss_abs":22257.840000000004,"stop_loss_ratio":-0.1,"min_rate":20223.4,"max_rate":20448.6,"is_open":false,"enter_tag":null,"is_short":true,"open_timestamp":1656998100000,"close_timestamp":1656999000000,"orders":[{"amount":0.4447871,"safe_price":20234.4,"ft_order_side":"sell","order_filled_timestamp":1656998100000,"ft_is_entry":true},{"amount":0.4447871,"safe_price":20355.4,"ft_order_side":"buy","order_filled_timestamp":1656999000000,"ft_is_entry":false}]},{"pair":"BTC/USDT","stake_amount":9000,"amount":0.44385045,"open_date":"2022-07-05 07:15:00+00:00","close_date":"2022-07-05 08:15:00+00:00","open_rate":20277.1,"close_rate":20066.26032793441,"fee_open":0.0002,"fee_close":0.0002,"trade_duration":60,"profit_ratio":0.01010168,"profit_abs":90.89692371,"exit_reason":"roi","initial_stop_loss_abs":22304.81,"initial_stop_loss_ratio":-0.1,"stop_loss_abs":22304.81,"stop_loss_ratio":-0.1,"min_rate":19933.0,"max_rate":20303.8,"is_open":false,"enter_tag":null,"is_short":true,"open_timestamp":1657005300000,"close_timestamp":1657008900000,"orders":[{"amount":0.44385045,"safe_price":20277.1,"ft_order_side":"sell","order_filled_timestamp":1657005300000,"ft_is_entry":true},{"amount":0.44385045,"safe_price":20066.26032793441,"ft_order_side":"buy","order_filled_timestamp":1657008900000,"ft_is_entry":false}]},{"pair":"BTC/USDT","stake_amount":9000,"amount":0.45721717,"open_date":"2022-07-05 11:45:00+00:00","close_date":"2022-07-05 12:45:00+00:00","open_rate":19684.3,"close_rate":19452.8,"fee_open":0.0002,"fee_close":0.0002,"trade_duration":60,"profit_ratio":0.01136527,"profit_abs":102.26694403,"exit_reason":"roi","initial_stop_loss_abs":21652.73,"initial_stop_loss_ratio":-0.1,"stop_loss_abs":21652.73,"stop_loss_ratio":-0.1,"min_rate":19328.4,"max_rate":19687.1,"is_open":false,"enter_tag":null,"is_short":true,"open_timestamp":1657021500000,"close_timestamp":1657025100000,"orders":[{"amount":0.45721717,"safe_price":19684.3,"ft_order_side":"sell","order_filled_timestamp":1657021500000,"ft_is_entry":true},{"amount":0.45721717,"safe_price":19452.8,"ft_order_side":"buy","order_filled_timestamp":1657025100000,"ft_is_entry":false}]},{"pair":"BTC/USDT","stake_amount":9000,"amount":0.44393803,"open_date":"2022-07-05 23:15:00+00:00","close_date":"2022-07-06 00:45:00+00:00","open_rate":20273.1,"close_rate":20330.5,"fee_open":0.0002,"fee_close":0.0002,"trade_duration":90,"profit_ratio":-0.00313304,"profit_abs":-28.19171192,"exit_reason":"exit_signal","initial_stop_loss_abs":22300.41,"initial_stop_loss_ratio":-0.1,"stop_loss_abs":22300.41,"stop_loss_ratio":-0.1,"min_rate":20100.2,"max_rate":20396.7,"is_open":false,"enter_tag":null,"is_short":true,"open_timestamp":1657062900000,"close_timestamp":1657068300000,"orders":[{"amount":0.44393803,"safe_price":20273.1,"ft_order_side":"sell","order_filled_timestamp":1657062900000,"ft_is_entry":true},{"amount":0.44393803,"safe_price":20330.5,"ft_order_side":"buy","order_filled_timestamp":1657068300000,"ft_is_entry":false}]},{"pair":"BTC/USDT","stake_amount":9000,"amount":0.4453241,"open_date":"2022-07-06 01:30:00+00:00","close_date":"2022-07-06 02:00:00+00:00","open_rate":20210.0,"close_rate":19797.798440311937,"fee_open":0.0002,"fee_close":0.0002,"trade_duration":30,"profit_ratio":0.020004,"profit_abs":180.00000122,"exit_reason":"roi","initial_stop_loss_abs":22231.0,"initial_stop_loss_ratio":-0.1,"stop_loss_abs":22231.0,"stop_loss_ratio":-0.1,"min_rate":19780.0,"max_rate":20213.1,"is_open":false,"enter_tag":null,"is_short":true,"open_timestamp":1657071000000,"close_timestamp":1657072800000,"orders":[{"amount":0.4453241,"safe_price":20210.0,"ft_order_side":"sell","order_filled_timestamp":1657071000000,"ft_is_entry":true},{"amount":0.4453241,"safe_price":19797.798440311937,"ft_order_side":"buy","order_filled_timestamp":1657072800000,"ft_is_entry":false}]},{"pair":"BTC/USDT","stake_amount":9000,"amount":0.4504482,"open_date":"2022-07-06 05:30:00+00:00","close_date":"2022-07-06 07:00:00+00:00","open_rate":19980.1,"close_rate":20084.3,"fee_open":0.0002,"fee_close":0.0002,"trade_duration":90,"profit_ratio":-0.00561736,"profit_abs":-50.54608981,"exit_reason":"exit_signal","initial_stop_loss_abs":21978.11,"initial_stop_loss_ratio":-0.1,"stop_loss_abs":21978.11,"stop_loss_ratio":-0.1,"min_rate":19850.0,"max_rate":20185.2,"is_open":false,"enter_tag":null,"is_short":true,"open_timestamp":1657085400000,"close_timestamp":1657090800000,"orders":[{"amount":0.4504482,"safe_price":19980.1,"ft_order_side":"sell","order_filled_timestamp":1657085400000,"ft_is_entry":true},{"amount":0.4504482,"safe_price":20084.3,"ft_order_side":"buy","order_filled_timestamp":1657090800000,"ft_is_entry":false}]},{"pair":"BTC/USDT","stake_amount":9000,"amount":0.44613425,"open_date":"2022-07-06 09:00:00+00:00","close_date":"2022-07-06 09:30:00+00:00","open_rate":20173.3,"close_rate":20229.9,"fee_open":0.0002,"fee_close":0.0002,"trade_duration":30,"profit_ratio":-0.00320689,"profit_abs":-28.85624882,"exit_reason":"exit_signal","initial_stop_loss_abs":22190.63,"initial_stop_loss_ratio":-0.1,"stop_loss_abs":22190.63,"stop_loss_ratio":-0.1,"min_rate":20108.0,"max_rate":20279.4,"is_open":false,"enter_tag":null,"is_short":true,"open_timestamp":1657098000000,"close_timestamp":1657099800000,"orders":[{"amount":0.44613425,"safe_price":20173.3,"ft_order_side":"sell","order_filled_timestamp":1657098000000,"ft_is_entry":true},{"amount":0.44613425,"safe_price":20229.9,"ft_order_side":"buy","order_filled_timestamp":1657099800000,"ft_is_entry":false}]},{"pair":"BTC/USDT","stake_amount":9000,"amount":0.44685858,"open_date":"2022-07-06 10:15:00+00:00","close_date":"2022-07-06 12:45:00+00:00","open_rate":20140.6,"close_rate":20151.3,"fee_open":0.0002,"fee_close":0.0002,"trade_duration":150,"profit_ratio":-0.00093156,"profit_abs":-8.38234305,"exit_reason":"exit_signal","initial_stop_loss_abs":22154.66,"initial_stop_loss_ratio":-0.1,"stop_loss_abs":22154.66,"stop_loss_ratio":-0.1,"min_rate":19950.0,"max_rate":20218.8,"is_open":false,"enter_tag":null,"is_short":true,"open_timestamp":1657102500000,"close_timestamp":1657111500000,"orders":[{"amount":0.44685858,"safe_price":20140.6,"ft_order_side":"sell","order_filled_timestamp":1657102500000,"ft_is_entry":true},{"amount":0.44685858,"safe_price":20151.3,"ft_order_side":"buy","order_filled_timestamp":1657111500000,"ft_is_entry":false}]},{"pair":"BTC/USDT","stake_amount":9000,"amount":0.44658142,"open_date":"2022-07-06 14:15:00+00:00","close_date":"2022-07-06 14:30:00+00:00","open_rate":20153.1,"close_rate":20177.5,"fee_open":0.0002,"fee_close":0.0002,"trade_duration":15,"profit_ratio":-0.0016113,"profit_abs":-14.49876597,"exit_reason":"exit_signal","initial_stop_loss_abs":22168.41,"initial_stop_loss_ratio":-0.1,"stop_loss_abs":22168.41,"stop_loss_ratio":-0.1,"min_rate":20089.3,"max_rate":20234.0,"is_open":false,"enter_tag":null,"is_short":true,"open_timestamp":1657116900000,"close_timestamp":1657117800000,"orders":[{"amount":0.44658142,"safe_price":20153.1,"ft_order_side":"sell","order_filled_timestamp":1657116900000,"ft_is_entry":true},{"amount":0.44658142,"safe_price":20177.5,"ft_order_side":"buy","order_filled_timestamp":1657117800000,"ft_is_entry":false}]},{"pair":"BTC/USDT","stake_amount":9000,"amount":0.44730276,"open_date":"2022-07-06 15:15:00+00:00","close_date":"2022-07-06 16:15:00+00:00","open_rate":20120.6,"close_rate":20161.7,"fee_open":0.0002,"fee_close":0.0002,"trade_duration":60,"profit_ratio":-0.00235975,"profit_abs":-21.23351991,"exit_reason":"exit_signal","initial_stop_loss_abs":22132.66,"initial_stop_loss_ratio":-0.1,"stop_loss_abs":22132.66,"stop_loss_ratio":-0.1,"min_rate":20050.7,"max_rate":20195.0,"is_open":false,"enter_tag":null,"is_short":true,"open_timestamp":1657120500000,"close_timestamp":1657124100000,"orders":[{"amount":0.44730276,"safe_price":20120.6,"ft_order_side":"sell","order_filled_timestamp":1657120500000,"ft_is_entry":true},{"amount":0.44730276,"safe_price":20161.7,"ft_order_side":"buy","order_filled_timestamp":1657124100000,"ft_is_entry":false}]},{"pair":"BTC/USDT","stake_amount":9000,"amount":0.44462449,"open_date":"2022-07-06 18:15:00+00:00","close_date":"2022-07-06 18:30:00+00:00","open_rate":20241.8,"close_rate":20332.9,"fee_open":0.0002,"fee_close":0.0002,"trade_duration":15,"profit_ratio":-0.00490247,"profit_abs":-44.1133921,"exit_reason":"exit_signal","initial_stop_loss_abs":22265.98,"initial_stop_loss_ratio":-0.1,"stop_loss_abs":22265.98,"stop_loss_ratio":-0.1,"min_rate":20172.0,"max_rate":20441.0,"is_open":false,"enter_tag":null,"is_short":true,"open_timestamp":1657131300000,"close_timestamp":1657132200000,"orders":[{"amount":0.44462449,"safe_price":20241.8,"ft_order_side":"sell","order_filled_timestamp":1657131300000,"ft_is_entry":true},{"amount":0.44462449,"safe_price":20332.9,"ft_order_side":"buy","order_filled_timestamp":1657132200000,"ft_is_entry":false}]},{"pair":"BTC/USDT","stake_amount":9000,"amount":0.44268246,"open_date":"2022-07-06 19:45:00+00:00","close_date":"2022-07-06 21:00:00+00:00","open_rate":20330.6,"close_rate":20390.0,"fee_open":0.0002,"fee_close":0.0002,"trade_duration":75,"profit_ratio":-0.00332295,"profit_abs":-29.9005972,"exit_reason":"exit_signal","initial_stop_loss_abs":22363.66,"initial_stop_loss_ratio":-0.1,"stop_loss_abs":22363.66,"stop_loss_ratio":-0.1,"min_rate":20259.2,"max_rate":20439.3,"is_open":false,"enter_tag":null,"is_short":true,"open_timestamp":1657136700000,"close_timestamp":1657141200000,"orders":[{"amount":0.44268246,"safe_price":20330.6,"ft_order_side":"sell","order_filled_timestamp":1657136700000,"ft_is_entry":true},{"amount":0.44268246,"safe_price":20390.0,"ft_order_side":"buy","order_filled_timestamp":1657141200000,"ft_is_entry":false}]},{"pair":"BTC/USDT","stake_amount":9000,"amount":0.44280879,"open_date":"2022-07-06 21:45:00+00:00","close_date":"2022-07-06 22:15:00+00:00","open_rate":20324.8,"close_rate":20485.7,"fee_open":0.0002,"fee_close":0.0002,"trade_duration":30,"profit_ratio":-0.00831968,"profit_abs":-74.86218394,"exit_reason":"exit_signal","initial_stop_loss_abs":22357.280000000002,"initial_stop_loss_ratio":-0.1,"stop_loss_abs":22357.280000000002,"stop_loss_ratio":-0.1,"min_rate":20306.6,"max_rate":20609.8,"is_open":false,"enter_tag":null,"is_short":true,"open_timestamp":1657143900000,"close_timestamp":1657145700000,"orders":[{"amount":0.44280879,"safe_price":20324.8,"ft_order_side":"sell","order_filled_timestamp":1657143900000,"ft_is_entry":true},{"amount":0.44280879,"safe_price":20485.7,"ft_order_side":"buy","order_filled_timestamp":1657145700000,"ft_is_entry":false}]},{"pair":"BTC/USDT","stake_amount":9000,"amount":0.43832734,"open_date":"2022-07-07 00:15:00+00:00","close_date":"2022-07-07 03:45:00+00:00","open_rate":20532.6,"close_rate":20456.3,"fee_open":0.0002,"fee_close":0.0002,"trade_duration":210,"profit_ratio":0.00331745,"profit_abs":29.85106494,"exit_reason":"exit_signal","initial_stop_loss_abs":22585.86,"initial_stop_loss_ratio":-0.1,"stop_loss_abs":22585.86,"stop_loss_ratio":-0.1,"min_rate":20373.6,"max_rate":20588.0,"is_open":false,"enter_tag":null,"is_short":true,"open_timestamp":1657152900000,"close_timestamp":1657165500000,"orders":[{"amount":0.43832734,"safe_price":20532.6,"ft_order_side":"sell","order_filled_timestamp":1657152900000,"ft_is_entry":true},{"amount":0.43832734,"safe_price":20456.3,"ft_order_side":"buy","order_filled_timestamp":1657165500000,"ft_is_entry":false}]},{"pair":"BTC/USDT","stake_amount":9000,"amount":0.44131709,"open_date":"2022-07-07 04:30:00+00:00","close_date":"2022-07-07 05:15:00+00:00","open_rate":20393.5,"close_rate":20432.1,"fee_open":0.0002,"fee_close":0.0002,"trade_duration":45,"profit_ratio":-0.0022936,"profit_abs":-20.63824667,"exit_reason":"exit_signal","initial_stop_loss_abs":22432.850000000002,"initial_stop_loss_ratio":-0.1,"stop_loss_abs":22432.850000000002,"stop_loss_ratio":-0.1,"min_rate":20347.6,"max_rate":20438.5,"is_open":false,"enter_tag":null,"is_short":true,"open_timestamp":1657168200000,"close_timestamp":1657170900000,"orders":[{"amount":0.44131709,"safe_price":20393.5,"ft_order_side":"sell","order_filled_timestamp":1657168200000,"ft_is_entry":true},{"amount":0.44131709,"safe_price":20432.1,"ft_order_side":"buy","order_filled_timestamp":1657170900000,"ft_is_entry":false}]},{"pair":"BTC/USDT","stake_amount":9000,"amount":0.44159209,"open_date":"2022-07-07 05:30:00+00:00","close_date":"2022-07-07 07:15:00+00:00","open_rate":20380.8,"close_rate":20341.4,"fee_open":0.0002,"fee_close":0.0002,"trade_duration":105,"profit_ratio":0.00153389,"profit_abs":13.80220806,"exit_reason":"exit_signal","initial_stop_loss_abs":22418.88,"initial_stop_loss_ratio":-0.1,"stop_loss_abs":22418.88,"stop_loss_ratio":-0.1,"min_rate":20244.9,"max_rate":20409.3,"is_open":false,"enter_tag":null,"is_short":true,"open_timestamp":1657171800000,"close_timestamp":1657178100000,"orders":[{"amount":0.44159209,"safe_price":20380.8,"ft_order_side":"sell","order_filled_timestamp":1657171800000,"ft_is_entry":true},{"amount":0.44159209,"safe_price":20341.4,"ft_order_side":"buy","order_filled_timestamp":1657178100000,"ft_is_entry":false}]},{"pair":"BTC/USDT","stake_amount":9000,"amount":0.4391765,"open_date":"2022-07-07 11:00:00+00:00","close_date":"2022-07-07 13:45:00+00:00","open_rate":20492.9,"close_rate":20497.4,"fee_open":0.0002,"fee_close":0.0002,"trade_duration":165,"profit_ratio":-0.00061976,"profit_abs":-5.57668955,"exit_reason":"exit_signal","initial_stop_loss_abs":22542.190000000002,"initial_stop_loss_ratio":-0.1,"stop_loss_abs":22542.190000000002,"stop_loss_ratio":-0.1,"min_rate":20367.9,"max_rate":20548.8,"is_open":false,"enter_tag":null,"is_short":true,"open_timestamp":1657191600000,"close_timestamp":1657201500000,"orders":[{"amount":0.4391765,"safe_price":20492.9,"ft_order_side":"sell","order_filled_timestamp":1657191600000,"ft_is_entry":true},{"amount":0.4391765,"safe_price":20497.4,"ft_order_side":"buy","order_filled_timestamp":1657201500000,"ft_is_entry":false}]},{"pair":"BTC/USDT","stake_amount":9000,"amount":0.43146223,"open_date":"2022-07-07 16:15:00+00:00","close_date":"2022-07-07 16:30:00+00:00","open_rate":20859.3,"close_rate":20919.7,"fee_open":0.0002,"fee_close":0.0002,"trade_duration":15,"profit_ratio":-0.00329683,"profit_abs":-29.66553079,"exit_reason":"exit_signal","initial_stop_loss_abs":22945.23,"initial_stop_loss_ratio":-0.1,"stop_loss_abs":22945.23,"stop_loss_ratio":-0.1,"min_rate":20855.3,"max_rate":21188.0,"is_open":false,"enter_tag":null,"is_short":true,"open_timestamp":1657210500000,"close_timestamp":1657211400000,"orders":[{"amount":0.43146223,"safe_price":20859.3,"ft_order_side":"sell","order_filled_timestamp":1657210500000,"ft_is_entry":true},{"amount":0.43146223,"safe_price":20919.7,"ft_order_side":"buy","order_filled_timestamp":1657211400000,"ft_is_entry":false}]},{"pair":"BTC/USDT","stake_amount":9000,"amount":0.43177893,"open_date":"2022-07-07 17:30:00+00:00","close_date":"2022-07-07 18:30:00+00:00","open_rate":20844.0,"close_rate":21087.6,"fee_open":0.0002,"fee_close":0.0002,"trade_duration":60,"profit_ratio":-0.01209157,"profit_abs":-108.80238362,"exit_reason":"exit_signal","initial_stop_loss_abs":22928.4,"initial_stop_loss_ratio":-0.1,"stop_loss_abs":22928.4,"stop_loss_ratio":-0.1,"min_rate":20816.2,"max_rate":21322.0,"is_open":false,"enter_tag":null,"is_short":true,"open_timestamp":1657215000000,"close_timestamp":1657218600000,"orders":[{"amount":0.43177893,"safe_price":20844.0,"ft_order_side":"sell","order_filled_timestamp":1657215000000,"ft_is_entry":true},{"amount":0.43177893,"safe_price":21087.6,"ft_order_side":"buy","order_filled_timestamp":1657218600000,"ft_is_entry":false}]},{"pair":"BTC/USDT","stake_amount":9000,"amount":0.41642375,"open_date":"2022-07-07 21:00:00+00:00","close_date":"2022-07-07 21:15:00+00:00","open_rate":21612.6,"close_rate":21702.8,"fee_open":0.0002,"fee_close":0.0002,"trade_duration":15,"profit_ratio":-0.00457524,"profit_abs":-41.16893451,"exit_reason":"exit_signal","initial_stop_loss_abs":23773.86,"initial_stop_loss_ratio":-0.1,"stop_loss_abs":23773.86,"stop_loss_ratio":-0.1,"min_rate":21552.0,"max_rate":21724.2,"is_open":false,"enter_tag":null,"is_short":true,"open_timestamp":1657227600000,"close_timestamp":1657228500000,"orders":[{"amount":0.41642375,"safe_price":21612.6,"ft_order_side":"sell","order_filled_timestamp":1657227600000,"ft_is_entry":true},{"amount":0.41642375,"safe_price":21702.8,"ft_order_side":"buy","order_filled_timestamp":1657228500000,"ft_is_entry":false}]},{"pair":"BTC/USDT","stake_amount":9000,"amount":0.41650662,"open_date":"2022-07-07 21:30:00+00:00","close_date":"2022-07-07 22:15:00+00:00","open_rate":21608.3,"close_rate":21688.2,"fee_open":0.0002,"fee_close":0.0002,"trade_duration":45,"profit_ratio":-0.00409921,"profit_abs":-36.88553471,"exit_reason":"exit_signal","initial_stop_loss_abs":23769.13,"initial_stop_loss_ratio":-0.1,"stop_loss_abs":23769.13,"stop_loss_ratio":-0.1,"min_rate":21561.3,"max_rate":21750.0,"is_open":false,"enter_tag":null,"is_short":true,"open_timestamp":1657229400000,"close_timestamp":1657232100000,"orders":[{"amount":0.41650662,"safe_price":21608.3,"ft_order_side":"sell","order_filled_timestamp":1657229400000,"ft_is_entry":true},{"amount":0.41650662,"safe_price":21688.2,"ft_order_side":"buy","order_filled_timestamp":1657232100000,"ft_is_entry":false}]},{"pair":"BTC/USDT","stake_amount":9000,"amount":0.41637944,"open_date":"2022-07-07 22:30:00+00:00","close_date":"2022-07-07 23:30:00+00:00","open_rate":21614.9,"close_rate":21660.9,"fee_open":0.0002,"fee_close":0.0002,"trade_duration":60,"profit_ratio":-0.00252909,"profit_abs":-22.75728491,"exit_reason":"exit_signal","initial_stop_loss_abs":23776.390000000003,"initial_stop_loss_ratio":-0.1,"stop_loss_abs":23776.390000000003,"stop_loss_ratio":-0.1,"min_rate":21557.1,"max_rate":21715.2,"is_open":false,"enter_tag":null,"is_short":true,"open_timestamp":1657233000000,"close_timestamp":1657236600000,"orders":[{"amount":0.41637944,"safe_price":21614.9,"ft_order_side":"sell","order_filled_timestamp":1657233000000,"ft_is_entry":true},{"amount":0.41637944,"safe_price":21660.9,"ft_order_side":"buy","order_filled_timestamp":1657236600000,"ft_is_entry":false}]},{"pair":"BTC/USDT","stake_amount":9000,"amount":0.41649313,"open_date":"2022-07-08 00:15:00+00:00","close_date":"2022-07-08 00:45:00+00:00","open_rate":21609.0,"close_rate":21651.5,"fee_open":0.0002,"fee_close":0.0002,"trade_duration":30,"profit_ratio":-0.00236764,"profit_abs":-21.30449824,"exit_reason":"exit_signal","initial_stop_loss_abs":23769.9,"initial_stop_loss_ratio":-0.1,"stop_loss_abs":23769.9,"stop_loss_ratio":-0.1,"min_rate":21570.4,"max_rate":21734.3,"is_open":false,"enter_tag":null,"is_short":true,"open_timestamp":1657239300000,"close_timestamp":1657241100000,"orders":[{"amount":0.41649313,"safe_price":21609.0,"ft_order_side":"sell","order_filled_timestamp":1657239300000,"ft_is_entry":true},{"amount":0.41649313,"safe_price":21651.5,"ft_order_side":"buy","order_filled_timestamp":1657241100000,"ft_is_entry":false}]},{"pair":"BTC/USDT","stake_amount":9000,"amount":0.4107301,"open_date":"2022-07-08 02:30:00+00:00","close_date":"2022-07-08 03:45:00+00:00","open_rate":21912.2,"close_rate":22093.3,"fee_open":0.0002,"fee_close":0.0002,"trade_duration":75,"profit_ratio":-0.00866819,"profit_abs":-77.99809779,"exit_reason":"exit_signal","initial_stop_loss_abs":24103.420000000002,"initial_stop_loss_ratio":-0.1,"stop_loss_abs":24103.420000000002,"stop_loss_ratio":-0.1,"min_rate":21898.8,"max_rate":22127.0,"is_open":false,"enter_tag":null,"is_short":true,"open_timestamp":1657247400000,"close_timestamp":1657251900000,"orders":[{"amount":0.4107301,"safe_price":21912.2,"ft_order_side":"sell","order_filled_timestamp":1657247400000,"ft_is_entry":true},{"amount":0.4107301,"safe_price":22093.3,"ft_order_side":"buy","order_filled_timestamp":1657251900000,"ft_is_entry":false}]},{"pair":"BTC/USDT","stake_amount":9000,"amount":0.40832437,"open_date":"2022-07-08 04:45:00+00:00","close_date":"2022-07-08 05:45:00+00:00","open_rate":22041.3,"close_rate":21812.11631673665,"fee_open":0.0002,"fee_close":0.0002,"trade_duration":60,"profit_ratio":0.010002,"profit_abs":89.99999936,"exit_reason":"roi","initial_stop_loss_abs":24245.43,"initial_stop_loss_ratio":-0.1,"stop_loss_abs":24245.43,"stop_loss_ratio":-0.1,"min_rate":21724.5,"max_rate":22060.0,"is_open":false,"enter_tag":null,"is_short":true,"open_timestamp":1657255500000,"close_timestamp":1657259100000,"orders":[{"amount":0.40832437,"safe_price":22041.3,"ft_order_side":"sell","order_filled_timestamp":1657255500000,"ft_is_entry":true},{"amount":0.40832437,"safe_price":21812.11631673665,"ft_order_side":"buy","order_filled_timestamp":1657259100000,"ft_is_entry":false}]},{"pair":"BTC/USDT","stake_amount":9000,"amount":0.41331992,"open_date":"2022-07-08 08:30:00+00:00","close_date":"2022-07-08 09:00:00+00:00","open_rate":21774.9,"close_rate":21330.780863827236,"fee_open":0.0002,"fee_close":0.0002,"trade_duration":30,"profit_ratio":0.020004,"profit_abs":179.99999852,"exit_reason":"roi","initial_stop_loss_abs":23952.390000000003,"initial_stop_loss_ratio":-0.1,"stop_loss_abs":23952.390000000003,"stop_loss_ratio":-0.1,"min_rate":21309.0,"max_rate":21776.4,"is_open":false,"enter_tag":null,"is_short":true,"open_timestamp":1657269000000,"close_timestamp":1657270800000,"orders":[{"amount":0.41331992,"safe_price":21774.9,"ft_order_side":"sell","order_filled_timestamp":1657269000000,"ft_is_entry":true},{"amount":0.41331992,"safe_price":21330.780863827236,"ft_order_side":"buy","order_filled_timestamp":1657270800000,"ft_is_entry":false}]},{"pair":"BTC/USDT","stake_amount":9000,"amount":0.41831281,"open_date":"2022-07-08 11:15:00+00:00","close_date":"2022-07-08 11:30:00+00:00","open_rate":21515.0,"close_rate":21605.0,"fee_open":0.0002,"fee_close":0.0002,"trade_duration":15,"profit_ratio":-0.00458488,"profit_abs":-41.25568257,"exit_reason":"exit_signal","initial_stop_loss_abs":23666.500000000004,"initial_stop_loss_ratio":-0.1,"stop_loss_abs":23666.500000000004,"stop_loss_ratio":-0.1,"min_rate":21484.0,"max_rate":21669.4,"is_open":false,"enter_tag":null,"is_short":true,"open_timestamp":1657278900000,"close_timestamp":1657279800000,"orders":[{"amount":0.41831281,"safe_price":21515.0,"ft_order_side":"sell","order_filled_timestamp":1657278900000,"ft_is_entry":true},{"amount":0.41831281,"safe_price":21605.0,"ft_order_side":"buy","order_filled_timestamp":1657279800000,"ft_is_entry":false}]},{"pair":"BTC/USDT","stake_amount":9000,"amount":0.42294426,"open_date":"2022-07-08 12:45:00+00:00","close_date":"2022-07-08 14:30:00+00:00","open_rate":21279.4,"close_rate":21454.5,"fee_open":0.0002,"fee_close":0.0002,"trade_duration":105,"profit_ratio":-0.00863199,"profit_abs":-77.67235147,"exit_reason":"exit_signal","initial_stop_loss_abs":23407.340000000004,"initial_stop_loss_ratio":-0.1,"stop_loss_abs":23407.340000000004,"stop_loss_ratio":-0.1,"min_rate":21175.2,"max_rate":21692.0,"is_open":false,"enter_tag":null,"is_short":true,"open_timestamp":1657284300000,"close_timestamp":1657290600000,"orders":[{"amount":0.42294426,"safe_price":21279.4,"ft_order_side":"sell","order_filled_timestamp":1657284300000,"ft_is_entry":true},{"amount":0.42294426,"safe_price":21454.5,"ft_order_side":"buy","order_filled_timestamp":1657290600000,"ft_is_entry":false}]},{"pair":"BTC/USDT","stake_amount":9000,"amount":0.41306194,"open_date":"2022-07-08 16:15:00+00:00","close_date":"2022-07-08 17:30:00+00:00","open_rate":21788.5,"close_rate":21789.5,"fee_open":0.0002,"fee_close":0.0002,"trade_duration":75,"profit_ratio":-0.00044599,"profit_abs":-4.01314458,"exit_reason":"exit_signal","initial_stop_loss_abs":23967.350000000002,"initial_stop_loss_ratio":-0.1,"stop_loss_abs":23967.350000000002,"stop_loss_ratio":-0.1,"min_rate":21515.0,"max_rate":21846.0,"is_open":false,"enter_tag":null,"is_short":true,"open_timestamp":1657296900000,"close_timestamp":1657301400000,"orders":[{"amount":0.41306194,"safe_price":21788.5,"ft_order_side":"sell","order_filled_timestamp":1657296900000,"ft_is_entry":true},{"amount":0.41306194,"safe_price":21789.5,"ft_order_side":"buy","order_filled_timestamp":1657301400000,"ft_is_entry":false}]},{"pair":"BTC/USDT","stake_amount":9000,"amount":0.41434175,"open_date":"2022-07-08 18:15:00+00:00","close_date":"2022-07-08 18:30:00+00:00","open_rate":21721.2,"close_rate":21814.0,"fee_open":0.0002,"fee_close":0.0002,"trade_duration":15,"profit_ratio":-0.00467411,"profit_abs":-42.05860459,"exit_reason":"exit_signal","initial_stop_loss_abs":23893.320000000003,"initial_stop_loss_ratio":-0.1,"stop_loss_abs":23893.320000000003,"stop_loss_ratio":-0.1,"min_rate":21693.3,"max_rate":21880.0,"is_open":false,"enter_tag":null,"is_short":true,"open_timestamp":1657304100000,"close_timestamp":1657305000000,"orders":[{"amount":0.41434175,"safe_price":21721.2,"ft_order_side":"sell","order_filled_timestamp":1657304100000,"ft_is_entry":true},{"amount":0.41434175,"safe_price":21814.0,"ft_order_side":"buy","order_filled_timestamp":1657305000000,"ft_is_entry":false}]},{"pair":"BTC/USDT","stake_amount":9000,"amount":0.41422161,"open_date":"2022-07-08 19:00:00+00:00","close_date":"2022-07-08 19:45:00+00:00","open_rate":21727.5,"close_rate":21856.7,"fee_open":0.0002,"fee_close":0.0002,"trade_duration":45,"profit_ratio":-0.00634884,"profit_abs":-57.12813551,"exit_reason":"exit_signal","initial_stop_loss_abs":23900.250000000004,"initial_stop_loss_ratio":-0.1,"stop_loss_abs":23900.250000000004,"stop_loss_ratio":-0.1,"min_rate":21652.2,"max_rate":21873.8,"is_open":false,"enter_tag":null,"is_short":true,"open_timestamp":1657306800000,"close_timestamp":1657309500000,"orders":[{"amount":0.41422161,"safe_price":21727.5,"ft_order_side":"sell","order_filled_timestamp":1657306800000,"ft_is_entry":true},{"amount":0.41422161,"safe_price":21856.7,"ft_order_side":"buy","order_filled_timestamp":1657309500000,"ft_is_entry":false}]},{"pair":"BTC/USDT","stake_amount":9000,"amount":0.41254882,"open_date":"2022-07-08 21:45:00+00:00","close_date":"2022-07-08 23:15:00+00:00","open_rate":21815.6,"close_rate":21805.7,"fee_open":0.0002,"fee_close":0.0002,"trade_duration":90,"profit_ratio":5.391e-05,"profit_abs":0.48505015,"exit_reason":"exit_signal","initial_stop_loss_abs":23997.16,"initial_stop_loss_ratio":-0.1,"stop_loss_abs":23997.16,"stop_loss_ratio":-0.1,"min_rate":21675.5,"max_rate":21960.5,"is_open":false,"enter_tag":null,"is_short":true,"open_timestamp":1657316700000,"close_timestamp":1657322100000,"orders":[{"amount":0.41254882,"safe_price":21815.6,"ft_order_side":"sell","order_filled_timestamp":1657316700000,"ft_is_entry":true},{"amount":0.41254882,"safe_price":21805.7,"ft_order_side":"buy","order_filled_timestamp":1657322100000,"ft_is_entry":false}]},{"pair":"BTC/USDT","stake_amount":9000,"amount":0.41690214,"open_date":"2022-07-09 00:00:00+00:00","close_date":"2022-07-09 02:30:00+00:00","open_rate":21587.8,"close_rate":21588.7,"fee_open":0.0002,"fee_close":0.0002,"trade_duration":150,"profit_ratio":-0.00034177,"profit_abs":-3.07528697,"exit_reason":"exit_signal","initial_stop_loss_abs":23746.58,"initial_stop_loss_ratio":-0.1,"stop_loss_abs":23746.58,"stop_loss_ratio":-0.1,"min_rate":21400.0,"max_rate":21687.3,"is_open":false,"enter_tag":null,"is_short":true,"open_timestamp":1657324800000,"close_timestamp":1657333800000,"orders":[{"amount":0.41690214,"safe_price":21587.8,"ft_order_side":"sell","order_filled_timestamp":1657324800000,"ft_is_entry":true},{"amount":0.41690214,"safe_price":21588.7,"ft_order_side":"buy","order_filled_timestamp":1657333800000,"ft_is_entry":false}]},{"pair":"BTC/USDT","stake_amount":9000,"amount":0.415223,"open_date":"2022-07-09 22:45:00+00:00","close_date":"2022-07-10 00:00:00+00:00","open_rate":21675.1,"close_rate":21449.72403519296,"fee_open":0.0002,"fee_close":0.0002,"trade_duration":75,"profit_ratio":0.0101012,"profit_abs":90.89264671,"exit_reason":"roi","initial_stop_loss_abs":23842.61,"initial_stop_loss_ratio":-0.1,"stop_loss_abs":23842.61,"stop_loss_ratio":-0.1,"min_rate":21421.0,"max_rate":21720.2,"is_open":false,"enter_tag":null,"is_short":true,"open_timestamp":1657406700000,"close_timestamp":1657411200000,"orders":[{"amount":0.415223,"safe_price":21675.1,"ft_order_side":"sell","order_filled_timestamp":1657406700000,"ft_is_entry":true},{"amount":0.415223,"safe_price":21449.72403519296,"ft_order_side":"buy","order_filled_timestamp":1657411200000,"ft_is_entry":false}]},{"pair":"BTC/USDT","stake_amount":9000,"amount":0.45590396,"open_date":"2022-07-13 12:15:00+00:00","close_date":"2022-07-13 12:30:00+00:00","open_rate":19741.0,"close_rate":20043.7,"fee_open":0.0002,"fee_close":0.0002,"trade_duration":15,"profit_ratio":-0.01573978,"profit_abs":-141.62972915,"exit_reason":"exit_signal","initial_stop_loss_abs":21715.100000000002,"initial_stop_loss_ratio":-0.1,"stop_loss_abs":21715.100000000002,"stop_loss_ratio":-0.1,"min_rate":18901.0,"max_rate":20150.0,"is_open":false,"enter_tag":null,"is_short":true,"open_timestamp":1657714500000,"close_timestamp":1657715400000,"orders":[{"amount":0.45590396,"safe_price":19741.0,"ft_order_side":"sell","order_filled_timestamp":1657714500000,"ft_is_entry":true},{"amount":0.45590396,"safe_price":20043.7,"ft_order_side":"buy","order_filled_timestamp":1657715400000,"ft_is_entry":false}]},{"pair":"BTC/USDT","stake_amount":9000,"amount":0.47022189,"open_date":"2022-07-13 12:45:00+00:00","close_date":"2022-07-13 14:15:00+00:00","open_rate":19139.9,"close_rate":19294.1,"fee_open":0.0002,"fee_close":0.0002,"trade_duration":90,"profit_ratio":-0.00845977,"profit_abs":-76.12271706,"exit_reason":"exit_signal","initial_stop_loss_abs":21053.890000000003,"initial_stop_loss_ratio":-0.1,"stop_loss_abs":21053.890000000003,"stop_loss_ratio":-0.1,"min_rate":18916.8,"max_rate":19388.0,"is_open":false,"enter_tag":null,"is_short":true,"open_timestamp":1657716300000,"close_timestamp":1657721700000,"orders":[{"amount":0.47022189,"safe_price":19139.9,"ft_order_side":"sell","order_filled_timestamp":1657716300000,"ft_is_entry":true},{"amount":0.47022189,"safe_price":19294.1,"ft_order_side":"buy","order_filled_timestamp":1657721700000,"ft_is_entry":false}]},{"pair":"BTC/USDT","stake_amount":9000,"amount":0.46376453,"open_date":"2022-07-13 15:45:00+00:00","close_date":"2022-07-13 17:00:00+00:00","open_rate":19406.4,"close_rate":19620.5,"fee_open":0.0002,"fee_close":0.0002,"trade_duration":75,"profit_ratio":-0.01144914,"profit_abs":-103.02168286,"exit_reason":"exit_signal","initial_stop_loss_abs":21347.040000000005,"initial_stop_loss_ratio":-0.1,"stop_loss_abs":21347.040000000005,"stop_loss_ratio":-0.1,"min_rate":19228.1,"max_rate":20106.6,"is_open":false,"enter_tag":null,"is_short":true,"open_timestamp":1657727100000,"close_timestamp":1657731600000,"orders":[{"amount":0.46376453,"safe_price":19406.4,"ft_order_side":"sell","order_filled_timestamp":1657727100000,"ft_is_entry":true},{"amount":0.46376453,"safe_price":19620.5,"ft_order_side":"buy","order_filled_timestamp":1657731600000,"ft_is_entry":false}]},{"pair":"BTC/USDT","stake_amount":9000,"amount":0.4545225,"open_date":"2022-07-13 19:15:00+00:00","close_date":"2022-07-13 20:15:00+00:00","open_rate":19801.0,"close_rate":19595.11077784443,"fee_open":0.0002,"fee_close":0.0002,"trade_duration":60,"profit_ratio":0.010002,"profit_abs":90.00000022,"exit_reason":"roi","initial_stop_loss_abs":21781.100000000002,"initial_stop_loss_ratio":-0.1,"stop_loss_abs":21781.100000000002,"stop_loss_ratio":-0.1,"min_rate":19575.5,"max_rate":19803.2,"is_open":false,"enter_tag":null,"is_short":true,"open_timestamp":1657739700000,"close_timestamp":1657743300000,"orders":[{"amount":0.4545225,"safe_price":19801.0,"ft_order_side":"sell","order_filled_timestamp":1657739700000,"ft_is_entry":true},{"amount":0.4545225,"safe_price":19595.11077784443,"ft_order_side":"buy","order_filled_timestamp":1657743300000,"ft_is_entry":false}]},{"pair":"BTC/USDT","stake_amount":9000,"amount":0.45377084,"open_date":"2022-07-13 23:00:00+00:00","close_date":"2022-07-13 23:15:00+00:00","open_rate":19833.8,"close_rate":19958.8,"fee_open":0.0002,"fee_close":0.0002,"trade_duration":15,"profit_ratio":-0.00670497,"profit_abs":-60.33269931,"exit_reason":"exit_signal","initial_stop_loss_abs":21817.18,"initial_stop_loss_ratio":-0.1,"stop_loss_abs":21817.18,"stop_loss_ratio":-0.1,"min_rate":19825.2,"max_rate":20401.6,"is_open":false,"enter_tag":null,"is_short":true,"open_timestamp":1657753200000,"close_timestamp":1657754100000,"orders":[{"amount":0.45377084,"safe_price":19833.8,"ft_order_side":"sell","order_filled_timestamp":1657753200000,"ft_is_entry":true},{"amount":0.45377084,"safe_price":19958.8,"ft_order_side":"buy","order_filled_timestamp":1657754100000,"ft_is_entry":false}]},{"pair":"BTC/USDT","stake_amount":9000,"amount":0.44446639,"open_date":"2022-07-14 01:45:00+00:00","close_date":"2022-07-14 03:15:00+00:00","open_rate":20249.0,"close_rate":20294.7,"fee_open":0.0002,"fee_close":0.0002,"trade_duration":90,"profit_ratio":-0.00265788,"profit_abs":-23.91617642,"exit_reason":"exit_signal","initial_stop_loss_abs":22273.9,"initial_stop_loss_ratio":-0.1,"stop_loss_abs":22273.9,"stop_loss_ratio":-0.1,"min_rate":20172.7,"max_rate":20369.6,"is_open":false,"enter_tag":null,"is_short":true,"open_timestamp":1657763100000,"close_timestamp":1657768500000,"orders":[{"amount":0.44446639,"safe_price":20249.0,"ft_order_side":"sell","order_filled_timestamp":1657763100000,"ft_is_entry":true},{"amount":0.44446639,"safe_price":20294.7,"ft_order_side":"buy","order_filled_timestamp":1657768500000,"ft_is_entry":false}]},{"pair":"BTC/USDT","stake_amount":9000,"amount":0.44520734,"open_date":"2022-07-14 04:00:00+00:00","close_date":"2022-07-14 05:45:00+00:00","open_rate":20215.3,"close_rate":20141.3,"fee_open":0.0002,"fee_close":0.0002,"trade_duration":105,"profit_ratio":0.00326198,"profit_abs":29.35193225,"exit_reason":"exit_signal","initial_stop_loss_abs":22236.83,"initial_stop_loss_ratio":-0.1,"stop_loss_abs":22236.83,"stop_loss_ratio":-0.1,"min_rate":20034.1,"max_rate":20270.4,"is_open":false,"enter_tag":null,"is_short":true,"open_timestamp":1657771200000,"close_timestamp":1657777500000,"orders":[{"amount":0.44520734,"safe_price":20215.3,"ft_order_side":"sell","order_filled_timestamp":1657771200000,"ft_is_entry":true},{"amount":0.44520734,"safe_price":20141.3,"ft_order_side":"buy","order_filled_timestamp":1657777500000,"ft_is_entry":false}]},{"pair":"BTC/USDT","stake_amount":9000,"amount":0.44760976,"open_date":"2022-07-14 06:00:00+00:00","close_date":"2022-07-14 08:15:00+00:00","open_rate":20106.8,"close_rate":20003.0,"fee_open":0.0002,"fee_close":0.0002,"trade_duration":135,"profit_ratio":0.00486381,"profit_abs":43.76556799,"exit_reason":"exit_signal","initial_stop_loss_abs":22117.48,"initial_stop_loss_ratio":-0.1,"stop_loss_abs":22117.48,"stop_loss_ratio":-0.1,"min_rate":19894.0,"max_rate":20137.2,"is_open":false,"enter_tag":null,"is_short":true,"open_timestamp":1657778400000,"close_timestamp":1657786500000,"orders":[{"amount":0.44760976,"safe_price":20106.8,"ft_order_side":"sell","order_filled_timestamp":1657778400000,"ft_is_entry":true},{"amount":0.44760976,"safe_price":20003.0,"ft_order_side":"buy","order_filled_timestamp":1657786500000,"ft_is_entry":false}]},{"pair":"BTC/USDT","stake_amount":9000,"amount":0.45095151,"open_date":"2022-07-14 08:30:00+00:00","close_date":"2022-07-14 09:30:00+00:00","open_rate":19957.8,"close_rate":19737.3,"fee_open":0.0002,"fee_close":0.0002,"trade_duration":60,"profit_ratio":0.01065265,"profit_abs":95.8546949,"exit_reason":"roi","initial_stop_loss_abs":21953.58,"initial_stop_loss_ratio":-0.1,"stop_loss_abs":21953.58,"stop_loss_ratio":-0.1,"min_rate":19666.0,"max_rate":19980.4,"is_open":false,"enter_tag":null,"is_short":true,"open_timestamp":1657787400000,"close_timestamp":1657791000000,"orders":[{"amount":0.45095151,"safe_price":19957.8,"ft_order_side":"sell","order_filled_timestamp":1657787400000,"ft_is_entry":true},{"amount":0.45095151,"safe_price":19737.3,"ft_order_side":"buy","order_filled_timestamp":1657791000000,"ft_is_entry":false}]},{"pair":"BTC/USDT","stake_amount":9000,"amount":0.45517995,"open_date":"2022-07-14 11:00:00+00:00","close_date":"2022-07-14 12:15:00+00:00","open_rate":19772.4,"close_rate":19765.0,"fee_open":0.0002,"fee_close":0.0002,"trade_duration":75,"profit_ratio":-2.567e-05,"profit_abs":-0.23099472,"exit_reason":"exit_signal","initial_stop_loss_abs":21749.640000000003,"initial_stop_loss_ratio":-0.1,"stop_loss_abs":21749.640000000003,"stop_loss_ratio":-0.1,"min_rate":19617.4,"max_rate":19813.5,"is_open":false,"enter_tag":null,"is_short":true,"open_timestamp":1657796400000,"close_timestamp":1657800900000,"orders":[{"amount":0.45517995,"safe_price":19772.4,"ft_order_side":"sell","order_filled_timestamp":1657796400000,"ft_is_entry":true},{"amount":0.45517995,"safe_price":19765.0,"ft_order_side":"buy","order_filled_timestamp":1657800900000,"ft_is_entry":false}]},{"pair":"BTC/USDT","stake_amount":9000,"amount":0.45636862,"open_date":"2022-07-14 12:30:00+00:00","close_date":"2022-07-14 12:45:00+00:00","open_rate":19720.9,"close_rate":19787.2,"fee_open":0.0002,"fee_close":0.0002,"trade_duration":15,"profit_ratio":-0.00376334,"profit_abs":-33.86329092,"exit_reason":"exit_signal","initial_stop_loss_abs":21692.99,"initial_stop_loss_ratio":-0.1,"stop_loss_abs":21692.99,"stop_loss_ratio":-0.1,"min_rate":19600.0,"max_rate":19874.4,"is_open":false,"enter_tag":null,"is_short":true,"open_timestamp":1657801800000,"close_timestamp":1657802700000,"orders":[{"amount":0.45636862,"safe_price":19720.9,"ft_order_side":"sell","order_filled_timestamp":1657801800000,"ft_is_entry":true},{"amount":0.45636862,"safe_price":19787.2,"ft_order_side":"buy","order_filled_timestamp":1657802700000,"ft_is_entry":false}]},{"pair":"BTC/USDT","stake_amount":9000,"amount":0.45607261,"open_date":"2022-07-14 13:15:00+00:00","close_date":"2022-07-14 14:15:00+00:00","open_rate":19733.7,"close_rate":19740.9,"fee_open":0.0002,"fee_close":0.0002,"trade_duration":60,"profit_ratio":-0.00076508,"profit_abs":-6.88437956,"exit_reason":"exit_signal","initial_stop_loss_abs":21707.070000000003,"initial_stop_loss_ratio":-0.1,"stop_loss_abs":21707.070000000003,"stop_loss_ratio":-0.1,"min_rate":19633.0,"max_rate":19813.6,"is_open":false,"enter_tag":null,"is_short":true,"open_timestamp":1657804500000,"close_timestamp":1657808100000,"orders":[{"amount":0.45607261,"safe_price":19733.7,"ft_order_side":"sell","order_filled_timestamp":1657804500000,"ft_is_entry":true},{"amount":0.45607261,"safe_price":19740.9,"ft_order_side":"buy","order_filled_timestamp":1657808100000,"ft_is_entry":false}]},{"pair":"BTC/USDT","stake_amount":9000,"amount":0.43558644,"open_date":"2022-07-14 19:45:00+00:00","close_date":"2022-07-14 21:00:00+00:00","open_rate":20661.8,"close_rate":20672.5,"fee_open":0.0002,"fee_close":0.0002,"trade_duration":75,"profit_ratio":-0.00091815,"profit_abs":-8.26170703,"exit_reason":"exit_signal","initial_stop_loss_abs":22727.98,"initial_stop_loss_ratio":-0.1,"stop_loss_abs":22727.98,"stop_loss_ratio":-0.1,"min_rate":20517.7,"max_rate":20713.2,"is_open":false,"enter_tag":null,"is_short":true,"open_timestamp":1657827900000,"close_timestamp":1657832400000,"orders":[{"amount":0.43558644,"safe_price":20661.8,"ft_order_side":"sell","order_filled_timestamp":1657827900000,"ft_is_entry":true},{"amount":0.43558644,"safe_price":20672.5,"ft_order_side":"buy","order_filled_timestamp":1657832400000,"ft_is_entry":false}]},{"pair":"BTC/USDT","stake_amount":9000,"amount":0.43772829,"open_date":"2022-07-14 21:30:00+00:00","close_date":"2022-07-14 23:30:00+00:00","open_rate":20560.7,"close_rate":20535.3,"fee_open":0.0002,"fee_close":0.0002,"trade_duration":120,"profit_ratio":0.00083578,"profit_abs":7.5205222,"exit_reason":"exit_signal","initial_stop_loss_abs":22616.770000000004,"initial_stop_loss_ratio":-0.1,"stop_loss_abs":22616.770000000004,"stop_loss_ratio":-0.1,"min_rate":20425.6,"max_rate":20592.0,"is_open":false,"enter_tag":null,"is_short":true,"open_timestamp":1657834200000,"close_timestamp":1657841400000,"orders":[{"amount":0.43772829,"safe_price":20560.7,"ft_order_side":"sell","order_filled_timestamp":1657834200000,"ft_is_entry":true},{"amount":0.43772829,"safe_price":20535.3,"ft_order_side":"buy","order_filled_timestamp":1657841400000,"ft_is_entry":false}]},{"pair":"BTC/USDT","stake_amount":9000,"amount":0.43905223,"open_date":"2022-07-15 00:15:00+00:00","close_date":"2022-07-15 01:45:00+00:00","open_rate":20498.7,"close_rate":20458.2,"fee_open":0.0002,"fee_close":0.0002,"trade_duration":90,"profit_ratio":0.00157645,"profit_abs":14.18517166,"exit_reason":"exit_signal","initial_stop_loss_abs":22548.570000000003,"initial_stop_loss_ratio":-0.1,"stop_loss_abs":22548.570000000003,"stop_loss_ratio":-0.1,"min_rate":20364.3,"max_rate":20649.0,"is_open":false,"enter_tag":null,"is_short":true,"open_timestamp":1657844100000,"close_timestamp":1657849500000,"orders":[{"amount":0.43905223,"safe_price":20498.7,"ft_order_side":"sell","order_filled_timestamp":1657844100000,"ft_is_entry":true},{"amount":0.43905223,"safe_price":20458.2,"ft_order_side":"buy","order_filled_timestamp":1657849500000,"ft_is_entry":false}]},{"pair":"BTC/USDT","stake_amount":9000,"amount":0.43943381,"open_date":"2022-07-15 03:00:00+00:00","close_date":"2022-07-15 04:00:00+00:00","open_rate":20480.9,"close_rate":20601.4,"fee_open":0.0002,"fee_close":0.0002,"trade_duration":60,"profit_ratio":-0.00628596,"profit_abs":-56.56236443,"exit_reason":"exit_signal","initial_stop_loss_abs":22528.990000000005,"initial_stop_loss_ratio":-0.1,"stop_loss_abs":22528.990000000005,"stop_loss_ratio":-0.1,"min_rate":20438.5,"max_rate":20676.2,"is_open":false,"enter_tag":null,"is_short":true,"open_timestamp":1657854000000,"close_timestamp":1657857600000,"orders":[{"amount":0.43943381,"safe_price":20480.9,"ft_order_side":"sell","order_filled_timestamp":1657854000000,"ft_is_entry":true},{"amount":0.43943381,"safe_price":20601.4,"ft_order_side":"buy","order_filled_timestamp":1657857600000,"ft_is_entry":false}]},{"pair":"BTC/USDT","stake_amount":9000,"amount":0.43832734,"open_date":"2022-07-15 04:45:00+00:00","close_date":"2022-07-15 06:00:00+00:00","open_rate":20532.6,"close_rate":20653.9,"fee_open":0.0002,"fee_close":0.0002,"trade_duration":75,"profit_ratio":-0.00631012,"profit_abs":-56.77974014,"exit_reason":"exit_signal","initial_stop_loss_abs":22585.86,"initial_stop_loss_ratio":-0.1,"stop_loss_abs":22585.86,"stop_loss_ratio":-0.1,"min_rate":20481.2,"max_rate":20665.7,"is_open":false,"enter_tag":null,"is_short":true,"open_timestamp":1657860300000,"close_timestamp":1657864800000,"orders":[{"amount":0.43832734,"safe_price":20532.6,"ft_order_side":"sell","order_filled_timestamp":1657860300000,"ft_is_entry":true},{"amount":0.43832734,"safe_price":20653.9,"ft_order_side":"buy","order_filled_timestamp":1657864800000,"ft_is_entry":false}]},{"pair":"BTC/USDT","stake_amount":9000,"amount":0.43706506,"open_date":"2022-07-15 07:00:00+00:00","close_date":"2022-07-15 07:15:00+00:00","open_rate":20591.9,"close_rate":20675.8,"fee_open":0.0002,"fee_close":0.0002,"trade_duration":15,"profit_ratio":-0.00447613,"profit_abs":-40.27709249,"exit_reason":"exit_signal","initial_stop_loss_abs":22651.090000000004,"initial_stop_loss_ratio":-0.1,"stop_loss_abs":22651.090000000004,"stop_loss_ratio":-0.1,"min_rate":20552.4,"max_rate":20893.1,"is_open":false,"enter_tag":null,"is_short":true,"open_timestamp":1657868400000,"close_timestamp":1657869300000,"orders":[{"amount":0.43706506,"safe_price":20591.9,"ft_order_side":"sell","order_filled_timestamp":1657868400000,"ft_is_entry":true},{"amount":0.43706506,"safe_price":20675.8,"ft_order_side":"buy","order_filled_timestamp":1657869300000,"ft_is_entry":false}]},{"pair":"BTC/USDT","stake_amount":9000,"amount":0.43118936,"open_date":"2022-07-15 10:15:00+00:00","close_date":"2022-07-15 11:15:00+00:00","open_rate":20872.5,"close_rate":20927.3,"fee_open":0.0002,"fee_close":0.0002,"trade_duration":60,"profit_ratio":-0.00302659,"profit_abs":-27.23390273,"exit_reason":"exit_signal","initial_stop_loss_abs":22959.750000000004,"initial_stop_loss_ratio":-0.1,"stop_loss_abs":22959.750000000004,"stop_loss_ratio":-0.1,"min_rate":20793.0,"max_rate":20939.0,"is_open":false,"enter_tag":null,"is_short":true,"open_timestamp":1657880100000,"close_timestamp":1657883700000,"orders":[{"amount":0.43118936,"safe_price":20872.5,"ft_order_side":"sell","order_filled_timestamp":1657880100000,"ft_is_entry":true},{"amount":0.43118936,"safe_price":20927.3,"ft_order_side":"buy","order_filled_timestamp":1657883700000,"ft_is_entry":false}]},{"pair":"BTC/USDT","stake_amount":9000,"amount":0.43165675,"open_date":"2022-07-15 11:30:00+00:00","close_date":"2022-07-15 12:30:00+00:00","open_rate":20849.9,"close_rate":20835.0,"fee_open":0.0002,"fee_close":0.0002,"trade_duration":60,"profit_ratio":0.00031484,"profit_abs":2.83297188,"exit_reason":"exit_signal","initial_stop_loss_abs":22934.890000000003,"initial_stop_loss_ratio":-0.1,"stop_loss_abs":22934.890000000003,"stop_loss_ratio":-0.1,"min_rate":20751.2,"max_rate":20945.6,"is_open":false,"enter_tag":null,"is_short":true,"open_timestamp":1657884600000,"close_timestamp":1657888200000,"orders":[{"amount":0.43165675,"safe_price":20849.9,"ft_order_side":"sell","order_filled_timestamp":1657884600000,"ft_is_entry":true},{"amount":0.43165675,"safe_price":20835.0,"ft_order_side":"buy","order_filled_timestamp":1657888200000,"ft_is_entry":false}]},{"pair":"BTC/USDT","stake_amount":9000,"amount":0.43117697,"open_date":"2022-07-15 13:45:00+00:00","close_date":"2022-07-15 14:30:00+00:00","open_rate":20873.1,"close_rate":20968.0,"fee_open":0.0002,"fee_close":0.0002,"trade_duration":45,"profit_ratio":-0.00494842,"profit_abs":-44.5268782,"exit_reason":"exit_signal","initial_stop_loss_abs":22960.41,"initial_stop_loss_ratio":-0.1,"stop_loss_abs":22960.41,"stop_loss_ratio":-0.1,"min_rate":20781.4,"max_rate":20991.9,"is_open":false,"enter_tag":null,"is_short":true,"open_timestamp":1657892700000,"close_timestamp":1657895400000,"orders":[{"amount":0.43117697,"safe_price":20873.1,"ft_order_side":"sell","order_filled_timestamp":1657892700000,"ft_is_entry":true},{"amount":0.43117697,"safe_price":20968.0,"ft_order_side":"buy","order_filled_timestamp":1657895400000,"ft_is_entry":false}]},{"pair":"BTC/USDT","stake_amount":9000,"amount":0.43100146,"open_date":"2022-07-15 14:45:00+00:00","close_date":"2022-07-15 16:15:00+00:00","open_rate":20881.6,"close_rate":20664.474785042992,"fee_open":0.0002,"fee_close":0.0002,"trade_duration":90,"profit_ratio":0.01001794,"profit_abs":90.14342499,"exit_reason":"roi","initial_stop_loss_abs":22969.760000000002,"initial_stop_loss_ratio":-0.1,"stop_loss_abs":22969.760000000002,"stop_loss_ratio":-0.1,"min_rate":20622.0,"max_rate":20948.2,"is_open":false,"enter_tag":null,"is_short":true,"open_timestamp":1657896300000,"close_timestamp":1657901700000,"orders":[{"amount":0.43100146,"safe_price":20881.6,"ft_order_side":"sell","order_filled_timestamp":1657896300000,"ft_is_entry":true},{"amount":0.43100146,"safe_price":20664.474785042992,"ft_order_side":"buy","order_filled_timestamp":1657901700000,"ft_is_entry":false}]},{"pair":"BTC/USDT","stake_amount":9000,"amount":0.43288586,"open_date":"2022-07-15 18:15:00+00:00","close_date":"2022-07-15 18:30:00+00:00","open_rate":20790.7,"close_rate":20847.3,"fee_open":0.0002,"fee_close":0.0002,"trade_duration":15,"profit_ratio":-0.00312354,"profit_abs":-28.10623996,"exit_reason":"exit_signal","initial_stop_loss_abs":22869.770000000004,"initial_stop_loss_ratio":-0.1,"stop_loss_abs":22869.770000000004,"stop_loss_ratio":-0.1,"min_rate":20783.8,"max_rate":20978.8,"is_open":false,"enter_tag":null,"is_short":true,"open_timestamp":1657908900000,"close_timestamp":1657909800000,"orders":[{"amount":0.43288586,"safe_price":20790.7,"ft_order_side":"sell","order_filled_timestamp":1657908900000,"ft_is_entry":true},{"amount":0.43288586,"safe_price":20847.3,"ft_order_side":"buy","order_filled_timestamp":1657909800000,"ft_is_entry":false}]},{"pair":"BTC/USDT","stake_amount":9000,"amount":0.43023089,"open_date":"2022-07-15 20:45:00+00:00","close_date":"2022-07-15 23:15:00+00:00","open_rate":20919.0,"close_rate":20932.6,"fee_open":0.0002,"fee_close":0.0002,"trade_duration":150,"profit_ratio":-0.00105047,"profit_abs":-9.45231033,"exit_reason":"exit_signal","initial_stop_loss_abs":23010.9,"initial_stop_loss_ratio":-0.1,"stop_loss_abs":23010.9,"stop_loss_ratio":-0.1,"min_rate":20755.0,"max_rate":21009.1,"is_open":false,"enter_tag":null,"is_short":true,"open_timestamp":1657917900000,"close_timestamp":1657926900000,"orders":[{"amount":0.43023089,"safe_price":20919.0,"ft_order_side":"sell","order_filled_timestamp":1657917900000,"ft_is_entry":true},{"amount":0.43023089,"safe_price":20932.6,"ft_order_side":"buy","order_filled_timestamp":1657926900000,"ft_is_entry":false}]},{"pair":"BTC/USDT","stake_amount":9000,"amount":0.43285879,"open_date":"2022-07-15 23:30:00+00:00","close_date":"2022-07-16 03:15:00+00:00","open_rate":20792.0,"close_rate":20692.6,"fee_open":0.0002,"fee_close":0.0002,"trade_duration":225,"profit_ratio":0.00444317,"profit_abs":39.98053409,"exit_reason":"exit_signal","initial_stop_loss_abs":22871.2,"initial_stop_loss_ratio":-0.1,"stop_loss_abs":22871.2,"stop_loss_ratio":-0.1,"min_rate":20600.0,"max_rate":20854.2,"is_open":false,"enter_tag":null,"is_short":true,"open_timestamp":1657927800000,"close_timestamp":1657941300000,"orders":[{"amount":0.43285879,"safe_price":20792.0,"ft_order_side":"sell","order_filled_timestamp":1657927800000,"ft_is_entry":true},{"amount":0.43285879,"safe_price":20692.6,"ft_order_side":"buy","order_filled_timestamp":1657941300000,"ft_is_entry":false}]},{"pair":"BTC/USDT","stake_amount":9000,"amount":0.42372881,"open_date":"2022-07-16 18:00:00+00:00","close_date":"2022-07-16 19:15:00+00:00","open_rate":21240.0,"close_rate":21335.5,"fee_open":0.0002,"fee_close":0.0002,"trade_duration":75,"profit_ratio":-0.00489811,"profit_abs":-44.07419455,"exit_reason":"exit_signal","initial_stop_loss_abs":23364.000000000004,"initial_stop_loss_ratio":-0.1,"stop_loss_abs":23364.000000000004,"stop_loss_ratio":-0.1,"min_rate":21190.9,"max_rate":21382.8,"is_open":false,"enter_tag":null,"is_short":true,"open_timestamp":1657994400000,"close_timestamp":1657998900000,"orders":[{"amount":0.42372881,"safe_price":21240.0,"ft_order_side":"sell","order_filled_timestamp":1657994400000,"ft_is_entry":true},{"amount":0.42372881,"safe_price":21335.5,"ft_order_side":"buy","order_filled_timestamp":1657998900000,"ft_is_entry":false}]},{"pair":"BTC/USDT","stake_amount":9000,"amount":0.42363906,"open_date":"2022-07-16 19:45:00+00:00","close_date":"2022-07-16 21:00:00+00:00","open_rate":21244.5,"close_rate":21201.1,"fee_open":0.0002,"fee_close":0.0002,"trade_duration":75,"profit_ratio":0.00164362,"profit_abs":14.78961239,"exit_reason":"exit_signal","initial_stop_loss_abs":23368.95,"initial_stop_loss_ratio":-0.1,"stop_loss_abs":23368.95,"stop_loss_ratio":-0.1,"min_rate":20900.0,"max_rate":21254.7,"is_open":false,"enter_tag":null,"is_short":true,"open_timestamp":1658000700000,"close_timestamp":1658005200000,"orders":[{"amount":0.42363906,"safe_price":21244.5,"ft_order_side":"sell","order_filled_timestamp":1658000700000,"ft_is_entry":true},{"amount":0.42363906,"safe_price":21201.1,"ft_order_side":"buy","order_filled_timestamp":1658005200000,"ft_is_entry":false}]},{"pair":"BTC/USDT","stake_amount":9000,"amount":0.42474067,"open_date":"2022-07-16 22:15:00+00:00","close_date":"2022-07-16 22:30:00+00:00","open_rate":21189.4,"close_rate":21226.6,"fee_open":0.0002,"fee_close":0.0002,"trade_duration":15,"profit_ratio":-0.00215638,"profit_abs":-19.40351298,"exit_reason":"exit_signal","initial_stop_loss_abs":23308.340000000004,"initial_stop_loss_ratio":-0.1,"stop_loss_abs":23308.340000000004,"stop_loss_ratio":-0.1,"min_rate":21163.6,"max_rate":21246.4,"is_open":false,"enter_tag":null,"is_short":true,"open_timestamp":1658009700000,"close_timestamp":1658010600000,"orders":[{"amount":0.42474067,"safe_price":21189.4,"ft_order_side":"sell","order_filled_timestamp":1658009700000,"ft_is_entry":true},{"amount":0.42474067,"safe_price":21226.6,"ft_order_side":"buy","order_filled_timestamp":1658010600000,"ft_is_entry":false}]},{"pair":"BTC/USDT","stake_amount":9000,"amount":0.42503955,"open_date":"2022-07-16 23:30:00+00:00","close_date":"2022-07-17 00:15:00+00:00","open_rate":21174.5,"close_rate":21315.5,"fee_open":0.0002,"fee_close":0.0002,"trade_duration":45,"profit_ratio":-0.00698127,"profit_abs":-62.81883175,"exit_reason":"exit_signal","initial_stop_loss_abs":23291.95,"initial_stop_loss_ratio":-0.1,"stop_loss_abs":23291.95,"stop_loss_ratio":-0.1,"min_rate":21148.7,"max_rate":21339.5,"is_open":false,"enter_tag":null,"is_short":true,"open_timestamp":1658014200000,"close_timestamp":1658016900000,"orders":[{"amount":0.42503955,"safe_price":21174.5,"ft_order_side":"sell","order_filled_timestamp":1658014200000,"ft_is_entry":true},{"amount":0.42503955,"safe_price":21315.5,"ft_order_side":"buy","order_filled_timestamp":1658016900000,"ft_is_entry":false}]},{"pair":"BTC/USDT","stake_amount":9000,"amount":0.42400829,"open_date":"2022-07-17 01:15:00+00:00","close_date":"2022-07-17 02:30:00+00:00","open_rate":21226.0,"close_rate":21192.3,"fee_open":0.0002,"fee_close":0.0002,"trade_duration":75,"profit_ratio":0.00118823,"profit_abs":10.6919372,"exit_reason":"exit_signal","initial_stop_loss_abs":23348.600000000002,"initial_stop_loss_ratio":-0.1,"stop_loss_abs":23348.600000000002,"stop_loss_ratio":-0.1,"min_rate":21071.7,"max_rate":21240.7,"is_open":false,"enter_tag":null,"is_short":true,"open_timestamp":1658020500000,"close_timestamp":1658025000000,"orders":[{"amount":0.42400829,"safe_price":21226.0,"ft_order_side":"sell","order_filled_timestamp":1658020500000,"ft_is_entry":true},{"amount":0.42400829,"safe_price":21192.3,"ft_order_side":"buy","order_filled_timestamp":1658025000000,"ft_is_entry":false}]},{"pair":"BTC/USDT","stake_amount":9000,"amount":0.42544743,"open_date":"2022-07-17 03:00:00+00:00","close_date":"2022-07-17 03:15:00+00:00","open_rate":21154.2,"close_rate":21242.0,"fee_open":0.0002,"fee_close":0.0002,"trade_duration":15,"profit_ratio":-0.00455222,"profit_abs":-40.96175522,"exit_reason":"exit_signal","initial_stop_loss_abs":23269.620000000003,"initial_stop_loss_ratio":-0.1,"stop_loss_abs":23269.620000000003,"stop_loss_ratio":-0.1,"min_rate":21152.8,"max_rate":21429.9,"is_open":false,"enter_tag":null,"is_short":true,"open_timestamp":1658026800000,"close_timestamp":1658027700000,"orders":[{"amount":0.42544743,"safe_price":21154.2,"ft_order_side":"sell","order_filled_timestamp":1658026800000,"ft_is_entry":true},{"amount":0.42544743,"safe_price":21242.0,"ft_order_side":"buy","order_filled_timestamp":1658027700000,"ft_is_entry":false}]},{"pair":"BTC/USDT","stake_amount":9000,"amount":0.42322867,"open_date":"2022-07-17 04:45:00+00:00","close_date":"2022-07-17 05:30:00+00:00","open_rate":21265.1,"close_rate":21349.1,"fee_open":0.0002,"fee_close":0.0002,"trade_duration":45,"profit_ratio":-0.00435179,"profit_abs":-39.15831852,"exit_reason":"exit_signal","initial_stop_loss_abs":23391.61,"initial_stop_loss_ratio":-0.1,"stop_loss_abs":23391.61,"stop_loss_ratio":-0.1,"min_rate":21222.0,"max_rate":21359.4,"is_open":false,"enter_tag":null,"is_short":true,"open_timestamp":1658033100000,"close_timestamp":1658035800000,"orders":[{"amount":0.42322867,"safe_price":21265.1,"ft_order_side":"sell","order_filled_timestamp":1658033100000,"ft_is_entry":true},{"amount":0.42322867,"safe_price":21349.1,"ft_order_side":"buy","order_filled_timestamp":1658035800000,"ft_is_entry":false}]},{"pair":"BTC/USDT","stake_amount":9000,"amount":0.4193849,"open_date":"2022-07-17 08:00:00+00:00","close_date":"2022-07-17 09:15:00+00:00","open_rate":21460.0,"close_rate":21489.0,"fee_open":0.0002,"fee_close":0.0002,"trade_duration":75,"profit_ratio":-0.00165195,"profit_abs":-14.86459452,"exit_reason":"exit_signal","initial_stop_loss_abs":23606.000000000004,"initial_stop_loss_ratio":-0.1,"stop_loss_abs":23606.000000000004,"stop_loss_ratio":-0.1,"min_rate":21265.2,"max_rate":21545.7,"is_open":false,"enter_tag":null,"is_short":true,"open_timestamp":1658044800000,"close_timestamp":1658049300000,"orders":[{"amount":0.4193849,"safe_price":21460.0,"ft_order_side":"sell","order_filled_timestamp":1658044800000,"ft_is_entry":true},{"amount":0.4193849,"safe_price":21489.0,"ft_order_side":"buy","order_filled_timestamp":1658049300000,"ft_is_entry":false}]},{"pair":"BTC/USDT","stake_amount":9000,"amount":0.42265228,"open_date":"2022-07-17 09:30:00+00:00","close_date":"2022-07-17 11:00:00+00:00","open_rate":21294.1,"close_rate":21377.7,"fee_open":0.0002,"fee_close":0.0002,"trade_duration":90,"profit_ratio":-0.00432762,"profit_abs":-38.94079732,"exit_reason":"exit_signal","initial_stop_loss_abs":23423.510000000002,"initial_stop_loss_ratio":-0.1,"stop_loss_abs":23423.510000000002,"stop_loss_ratio":-0.1,"min_rate":21210.1,"max_rate":21425.0,"is_open":false,"enter_tag":null,"is_short":true,"open_timestamp":1658050200000,"close_timestamp":1658055600000,"orders":[{"amount":0.42265228,"safe_price":21294.1,"ft_order_side":"sell","order_filled_timestamp":1658050200000,"ft_is_entry":true},{"amount":0.42265228,"safe_price":21377.7,"ft_order_side":"buy","order_filled_timestamp":1658055600000,"ft_is_entry":false}]},{"pair":"BTC/USDT","stake_amount":9000,"amount":0.42183809,"open_date":"2022-07-17 11:45:00+00:00","close_date":"2022-07-17 12:00:00+00:00","open_rate":21335.2,"close_rate":21450.7,"fee_open":0.0002,"fee_close":0.0002,"trade_duration":15,"profit_ratio":-0.00581583,"profit_abs":-52.33204386,"exit_reason":"exit_signal","initial_stop_loss_abs":23468.72,"initial_stop_loss_ratio":-0.1,"stop_loss_abs":23468.72,"stop_loss_ratio":-0.1,"min_rate":21311.0,"max_rate":21495.0,"is_open":false,"enter_tag":null,"is_short":true,"open_timestamp":1658058300000,"close_timestamp":1658059200000,"orders":[{"amount":0.42183809,"safe_price":21335.2,"ft_order_side":"sell","order_filled_timestamp":1658058300000,"ft_is_entry":true},{"amount":0.42183809,"safe_price":21450.7,"ft_order_side":"buy","order_filled_timestamp":1658059200000,"ft_is_entry":false}]},{"pair":"BTC/USDT","stake_amount":9000,"amount":0.4207613,"open_date":"2022-07-17 12:45:00+00:00","close_date":"2022-07-17 13:45:00+00:00","open_rate":21389.8,"close_rate":21167.390561887623,"fee_open":0.0002,"fee_close":0.0002,"trade_duration":60,"profit_ratio":0.010002,"profit_abs":90.00000055,"exit_reason":"roi","initial_stop_loss_abs":23528.780000000002,"initial_stop_loss_ratio":-0.1,"stop_loss_abs":23528.780000000002,"stop_loss_ratio":-0.1,"min_rate":21101.9,"max_rate":21413.0,"is_open":false,"enter_tag":null,"is_short":true,"open_timestamp":1658061900000,"close_timestamp":1658065500000,"orders":[{"amount":0.4207613,"safe_price":21389.8,"ft_order_side":"sell","order_filled_timestamp":1658061900000,"ft_is_entry":true},{"amount":0.4207613,"safe_price":21167.390561887623,"ft_order_side":"buy","order_filled_timestamp":1658065500000,"ft_is_entry":false}]},{"pair":"BTC/USDT","stake_amount":9000,"amount":0.42508974,"open_date":"2022-07-17 15:45:00+00:00","close_date":"2022-07-17 17:15:00+00:00","open_rate":21172.0,"close_rate":21215.4,"fee_open":0.0002,"fee_close":0.0002,"trade_duration":90,"profit_ratio":-0.00236373,"profit_abs":-21.26929278,"exit_reason":"exit_signal","initial_stop_loss_abs":23289.2,"initial_stop_loss_ratio":-0.1,"stop_loss_abs":23289.2,"stop_loss_ratio":-0.1,"min_rate":20978.4,"max_rate":21349.2,"is_open":false,"enter_tag":null,"is_short":true,"open_timestamp":1658072700000,"close_timestamp":1658078100000,"orders":[{"amount":0.42508974,"safe_price":21172.0,"ft_order_side":"sell","order_filled_timestamp":1658072700000,"ft_is_entry":true},{"amount":0.42508974,"safe_price":21215.4,"ft_order_side":"buy","order_filled_timestamp":1658078100000,"ft_is_entry":false}]},{"pair":"BTC/USDT","stake_amount":9000,"amount":0.43036667,"open_date":"2022-07-17 18:00:00+00:00","close_date":"2022-07-17 19:45:00+00:00","open_rate":20912.4,"close_rate":21047.3,"fee_open":0.0002,"fee_close":0.0002,"trade_duration":105,"profit_ratio":-0.00685338,"profit_abs":-61.66807506,"exit_reason":"exit_signal","initial_stop_loss_abs":23003.640000000003,"initial_stop_loss_ratio":-0.1,"stop_loss_abs":23003.640000000003,"stop_loss_ratio":-0.1,"min_rate":20865.0,"max_rate":21077.0,"is_open":false,"enter_tag":null,"is_short":true,"open_timestamp":1658080800000,"close_timestamp":1658087100000,"orders":[{"amount":0.43036667,"safe_price":20912.4,"ft_order_side":"sell","order_filled_timestamp":1658080800000,"ft_is_entry":true},{"amount":0.43036667,"safe_price":21047.3,"ft_order_side":"buy","order_filled_timestamp":1658087100000,"ft_is_entry":false}]},{"pair":"BTC/USDT","stake_amount":9000,"amount":0.40458166,"open_date":"2022-07-18 08:45:00+00:00","close_date":"2022-07-18 09:15:00+00:00","open_rate":22245.2,"close_rate":22294.1,"fee_open":0.0002,"fee_close":0.0002,"trade_duration":30,"profit_ratio":-0.00259919,"profit_abs":-23.38799996,"exit_reason":"exit_signal","initial_stop_loss_abs":24469.72,"initial_stop_loss_ratio":-0.1,"stop_loss_abs":24469.72,"stop_loss_ratio":-0.1,"min_rate":22210.6,"max_rate":22370.0,"is_open":false,"enter_tag":null,"is_short":true,"open_timestamp":1658133900000,"close_timestamp":1658135700000,"orders":[{"amount":0.40458166,"safe_price":22245.2,"ft_order_side":"sell","order_filled_timestamp":1658133900000,"ft_is_entry":true},{"amount":0.40458166,"safe_price":22294.1,"ft_order_side":"buy","order_filled_timestamp":1658135700000,"ft_is_entry":false}]},{"pair":"BTC/USDT","stake_amount":9000,"amount":0.40467626,"open_date":"2022-07-18 09:45:00+00:00","close_date":"2022-07-18 10:30:00+00:00","open_rate":22240.0,"close_rate":22302.1,"fee_open":0.0002,"fee_close":0.0002,"trade_duration":45,"profit_ratio":-0.00319346,"profit_abs":-28.73542183,"exit_reason":"exit_signal","initial_stop_loss_abs":24464.000000000004,"initial_stop_loss_ratio":-0.1,"stop_loss_abs":24464.000000000004,"stop_loss_ratio":-0.1,"min_rate":22130.0,"max_rate":22360.0,"is_open":false,"enter_tag":null,"is_short":true,"open_timestamp":1658137500000,"close_timestamp":1658140200000,"orders":[{"amount":0.40467626,"safe_price":22240.0,"ft_order_side":"sell","order_filled_timestamp":1658137500000,"ft_is_entry":true},{"amount":0.40467626,"safe_price":22302.1,"ft_order_side":"buy","order_filled_timestamp":1658140200000,"ft_is_entry":false}]},{"pair":"BTC/USDT","stake_amount":9000,"amount":0.40545472,"open_date":"2022-07-18 10:45:00+00:00","close_date":"2022-07-18 11:30:00+00:00","open_rate":22197.3,"close_rate":22266.1,"fee_open":0.0002,"fee_close":0.0002,"trade_duration":45,"profit_ratio":-0.0035008,"profit_abs":-31.50086382,"exit_reason":"exit_signal","initial_stop_loss_abs":24417.030000000002,"initial_stop_loss_ratio":-0.1,"stop_loss_abs":24417.030000000002,"stop_loss_ratio":-0.1,"min_rate":22109.4,"max_rate":22338.5,"is_open":false,"enter_tag":null,"is_short":true,"open_timestamp":1658141100000,"close_timestamp":1658143800000,"orders":[{"amount":0.40545472,"safe_price":22197.3,"ft_order_side":"sell","order_filled_timestamp":1658141100000,"ft_is_entry":true},{"amount":0.40545472,"safe_price":22266.1,"ft_order_side":"buy","order_filled_timestamp":1658143800000,"ft_is_entry":false}]},{"pair":"BTC/USDT","stake_amount":9000,"amount":0.40619767,"open_date":"2022-07-18 11:45:00+00:00","close_date":"2022-07-18 13:00:00+00:00","open_rate":22156.7,"close_rate":22280.9,"fee_open":0.0002,"fee_close":0.0002,"trade_duration":75,"profit_ratio":-0.00600785,"profit_abs":-54.05984053,"exit_reason":"exit_signal","initial_stop_loss_abs":24372.370000000003,"initial_stop_loss_ratio":-0.1,"stop_loss_abs":24372.370000000003,"stop_loss_ratio":-0.1,"min_rate":21900.7,"max_rate":22320.4,"is_open":false,"enter_tag":null,"is_short":true,"open_timestamp":1658144700000,"close_timestamp":1658149200000,"orders":[{"amount":0.40619767,"safe_price":22156.7,"ft_order_side":"sell","order_filled_timestamp":1658144700000,"ft_is_entry":true},{"amount":0.40619767,"safe_price":22280.9,"ft_order_side":"buy","order_filled_timestamp":1658149200000,"ft_is_entry":false}]},{"pair":"BTC/USDT","stake_amount":9000,"amount":0.40667305,"open_date":"2022-07-18 14:00:00+00:00","close_date":"2022-07-18 15:00:00+00:00","open_rate":22130.8,"close_rate":22205.3,"fee_open":0.0002,"fee_close":0.0002,"trade_duration":60,"profit_ratio":-0.00376778,"profit_abs":-33.90320163,"exit_reason":"exit_signal","initial_stop_loss_abs":24343.88,"initial_stop_loss_ratio":-0.1,"stop_loss_abs":24343.88,"stop_loss_ratio":-0.1,"min_rate":21987.7,"max_rate":22239.0,"is_open":false,"enter_tag":null,"is_short":true,"open_timestamp":1658152800000,"close_timestamp":1658156400000,"orders":[{"amount":0.40667305,"safe_price":22130.8,"ft_order_side":"sell","order_filled_timestamp":1658152800000,"ft_is_entry":true},{"amount":0.40667305,"safe_price":22205.3,"ft_order_side":"buy","order_filled_timestamp":1658156400000,"ft_is_entry":false}]}],"locks":[],"best_pair":{"key":"BTC/USDT","trades":97,"profit_mean":-0.0010699085567010308,"profit_mean_pct":-0.10699085567010308,"profit_sum":-0.10378113,"profit_sum_pct":-10.38,"profit_total_abs":-933.84362388,"profit_total":-0.093384362388,"profit_total_pct":-9.34,"duration_avg":"1:09:00","wins":28,"draws":0,"losses":69},"worst_pair":{"key":"BTC/USDT","trades":97,"profit_mean":-0.0010699085567010308,"profit_mean_pct":-0.10699085567010308,"profit_sum":-0.10378113,"profit_sum_pct":-10.38,"profit_total_abs":-933.84362388,"profit_total":-0.093384362388,"profit_total_pct":-9.34,"duration_avg":"1:09:00","wins":28,"draws":0,"losses":69},"results_per_pair":[{"key":"BTC/USDT","trades":97,"profit_mean":-0.0010699085567010308,"profit_mean_pct":-0.10699085567010308,"profit_sum":-0.10378113,"profit_sum_pct":-10.38,"profit_total_abs":-933.84362388,"profit_total":-0.093384362388,"profit_total_pct":-9.34,"duration_avg":"1:09:00","wins":28,"draws":0,"losses":69},{"key":"TOTAL","trades":97,"profit_mean":-0.0010699085567010308,"profit_mean_pct":-0.10699085567010308,"profit_sum":-0.10378113,"profit_sum_pct":-10.38,"profit_total_abs":-933.84362388,"profit_total":-0.093384362388,"profit_total_pct":-9.34,"duration_avg":"1:09:00","wins":28,"draws":0,"losses":69}],"results_per_enter_tag":[{"key":"TOTAL","trades":97,"profit_mean":-0.0010699085567010308,"profit_mean_pct":-0.10699085567010308,"profit_sum":-0.10378113,"profit_sum_pct":-10.38,"profit_total_abs":-933.84362388,"profit_total":-0.093384362388,"profit_total_pct":-9.34,"duration_avg":"1:09:00","wins":28,"draws":0,"losses":69}],"exit_reason_summary":[{"exit_reason":"exit_signal","trades":85,"wins":16,"draws":0,"losses":69,"profit_mean":-0.002895175176470589,"profit_mean_pct":-0.29,"profit_sum":-0.24608989000000003,"profit_sum_pct":-24.61,"profit_total_abs":-2214.3663198500003,"profit_total":-0.24608989000000003,"profit_total_pct":-24.61},{"exit_reason":"roi","trades":12,"wins":12,"draws":0,"losses":0,"profit_mean":0.011859063333333334,"profit_mean_pct":1.19,"profit_sum":0.14230876,"profit_sum_pct":14.23,"profit_total_abs":1280.52269597,"profit_total":0.14230876,"profit_total_pct":14.23}],"left_open_trades":[{"key":"TOTAL","trades":0,"profit_mean":0.0,"profit_mean_pct":0.0,"profit_sum":0.0,"profit_sum_pct":0.0,"profit_total_abs":0.0,"profit_total":0.0,"profit_total_pct":0.0,"duration_avg":"0:00","wins":0,"draws":0,"losses":0}],"total_trades":97,"trade_count_long":0,"trade_count_short":97,"total_volume":873000.0,"avg_stake_amount":9000.0,"profit_mean":-0.0010699085567010308,"profit_median":-0.00236764,"profit_total":-0.093384362388,"profit_total_long":0.0,"profit_total_short":-0.093384362388,"profit_total_abs":-933.84362388,"profit_total_long_abs":0.0,"profit_total_short_abs":-933.84362388,"cagr":-0.7610105100326138,"profit_factor":0.6288800104624169,"backtest_start":"2022-07-01 07:30:00","backtest_start_ts":1656660600000,"backtest_end":"2022-07-27 00:00:00","backtest_end_ts":1658880000000,"backtest_days":25,"backtest_run_start_ts":1659076435,"backtest_run_end_ts":1659076451,"trades_per_day":3.88,"market_change":0.07776255707762561,"pairlist":["BTC/USDT"],"stake_amount":9000,"stake_currency":"USDT","stake_currency_decimals":3,"starting_balance":10000,"dry_run_wallet":10000,"final_balance":9066.15637612,"rejected_signals":0,"timedout_entry_orders":0,"timedout_exit_orders":0,"canceled_trade_entries":0,"canceled_entry_orders":0,"replaced_entry_orders":0,"max_open_trades":1,"max_open_trades_setting":10,"timeframe":"15m","timeframe_detail":"","timerange":"20220101-20220727","enable_protections":false,"strategy_name":"CoralTrendMix","stoploss":-0.1,"trailing_stop":false,"trailing_stop_positive":null,"trailing_stop_positive_offset":0.0,"trailing_only_offset_is_reached":false,"use_custom_stoploss":false,"minimal_roi":{"60":0.01,"30":0.02,"0":0.04},"use_exit_signal":true,"exit_profit_only":false,"exit_profit_offset":0.0,"ignore_roi_if_entry_signal":false,"backtest_best_day":0.012577000000000001,"backtest_worst_day":-0.03235166,"backtest_best_day_abs":113.17041489,"backtest_worst_day_abs":-291.10682816,"winning_days":4,"draw_days":3,"losing_days":11,"daily_profit":[["2022-07-01",-31.20977704],["2022-07-02",104.40332577],["2022-07-03",0.0],["2022-07-04",-59.48901794],["2022-07-05",113.17041489],["2022-07-06",-120.5848515],["2022-07-07",-221.84133176],["2022-07-08",-50.94546672],["2022-07-09",-3.07528697],["2022-07-10",90.89264671],["2022-07-11",0.0],["2022-07-12",0.0],["2022-07-13",-291.10682816],["2022-07-14",103.33616869],["2022-07-15",-155.77695975],["2022-07-16",-8.70756105],["2022-07-17",-231.32177128],["2022-07-18",-171.58732777]],"wins":28,"losses":69,"draws":0,"holding_avg":"1:09:00","holding_avg_s":4140.0,"winner_holding_avg":"1:36:00","winner_holding_avg_s":5760.0,"loser_holding_avg":"0:57:00","loser_holding_avg_s":3420.0,"max_drawdown":0.13475211999999998,"max_drawdown_account":0.11796519370628901,"max_relative_drawdown":0.11796519370628901,"max_drawdown_abs":1212.5268588599997,"drawdown_start":"2022-07-06 02:00:00","drawdown_start_ts":1657072800000.0,"drawdown_end":"2022-07-18 15:00:00","drawdown_end_ts":1658156400000.0,"max_drawdown_low":-933.8436238799999,"max_drawdown_high":278.68323497999995,"csum_min":9066.15637612,"csum_max":10278.68323498}},"strategy_comparison":[{"key":"CoralTrendMix","trades":97,"profit_mean":-0.0010699085567010308,"profit_mean_pct":-0.10699085567010308,"profit_sum":-0.10378113,"profit_sum_pct":-10.38,"profit_total_abs":-933.84362388,"profit_total":-0.093384362388,"profit_total_pct":-9.34,"duration_avg":"1:09:00","wins":28,"draws":0,"losses":69,"max_drawdown_account":0.11796519370628901,"max_drawdown_abs":"1212.527"}]}