{"strategy":{"CoralTrendMix":{"trades":[{"pair":"BTC/USDT","stake_amount":9000,"amount":0.46830365,"open_date":"2022-07-01 12:30:00+00:00","close_date":"2022-07-01 12:45:00+00:00","open_rate":19218.3,"close_rate":19305.5,"fee_open":0.0002,"fee_close":0.0002,"trade_duration":15,"profit_ratio":0.00413561,"profit_abs":37.22791105,"exit_reason":"exit_signal","initial_stop_loss_abs":17296.47,"initial_stop_loss_ratio":-0.1,"stop_loss_abs":17296.47,"stop_loss_ratio":-0.1,"min_rate":19208.0,"max_rate":19335.1,"is_open":false,"enter_tag":null,"is_short":false,"open_timestamp":1656678600000,"close_timestamp":1656679500000,"orders":[{"amount":0.46830365,"safe_price":19218.3,"ft_order_side":"buy","order_filled_timestamp":1656678600000,"ft_is_entry":true},{"amount":0.46830365,"safe_price":19305.5,"ft_order_side":"sell","order_filled_timestamp":1656679500000,"ft_is_entry":false}]},{"pair":"BTC/USDT","stake_amount":9000,"amount":0.46592774,"open_date":"2022-07-01 16:15:00+00:00","close_date":"2022-07-01 23:00:00+00:00","open_rate":19316.3,"close_rate":19292.0,"fee_open":0.0002,"fee_close":0.0002,"trade_duration":405,"profit_ratio":0.00085843,"profit_abs":7.72430849,"exit_reason":"exit_signal","initial_stop_loss_abs":21247.93,"initial_stop_loss_ratio":-0.1,"stop_loss_abs":21247.93,"stop_loss_ratio":-0.1,"min_rate":19263.6,"max_rate":19686.8,"is_open":false,"enter_tag":null,"is_short":true,"open_timestamp":1656692100000,"close_timestamp":1656716400000,"orders":[{"amount":0.46592774,"safe_price":19316.3,"ft_order_side":"sell","order_filled_timestamp":1656692100000,"ft_is_entry":true},{"amount":0.46592774,"safe_price":19292.0,"ft_order_side":"buy","order_filled_timestamp":1656716400000,"ft_is_entry":false}]},{"pair":"BTC/USDT","stake_amount":9000,"amount":0.46946643,"open_date":"2022-07-02 10:15:00+00:00","close_date":"2022-07-02 10:45:00+00:00","open_rate":19170.7,"close_rate":19215.7,"fee_open":0.0002,"fee_close":0.0002,"trade_duration":30,"profit_ratio":0.00194647,"profit_abs":17.52176412,"exit_reason":"exit_signal","initial_stop_loss_abs":17253.63,"initial_stop_loss_ratio":-0.1,"stop_loss_abs":17253.63,"stop_loss_ratio":-0.1,"min_rate":19126.5,"max_rate":19280.3,"is_open":false,"enter_tag":null,"is_short":false,"open_timestamp":1656756900000,"close_timestamp":1656758700000,"orders":[{"amount":0.46946643,"safe_price":19170.7,"ft_order_side":"buy","order_filled_timestamp":1656756900000,"ft_is_entry":true},{"amount":0.46946643,"safe_price":19215.7,"ft_order_side":"sell","order_filled_timestamp":1656758700000,"ft_is_entry":false}]},{"pair":"BTC/USDT","stake_amount":9000,"amount":0.46736009,"open_date":"2022-07-02 14:00:00+00:00","close_date":"2022-07-02 15:30:00+00:00","open_rate":19257.1,"close_rate":19186.5,"fee_open":0.0002,"fee_close":0.0002,"trade_duration":90,"profit_ratio":0.00326757,"profit_abs":29.40222148,"exit_reason":"exit_signal","initial_stop_loss_abs":21182.81,"initial_stop_loss_ratio":-0.1,"stop_loss_abs":21182.81,"stop_loss_ratio":-0.1,"min_rate":19158.0,"max_rate":19354.3,"is_open":false,"enter_tag":null,"is_short":true,"open_timestamp":1656770400000,"close_timestamp":1656775800000,"orders":[{"amount":0.46736009,"safe_price":19257.1,"ft_order_side":"sell","order_filled_timestamp":1656770400000,"ft_is_entry":true},{"amount":0.46736009,"safe_price":19186.5,"ft_order_side":"buy","order_filled_timestamp":1656775800000,"ft_is_entry":false}]},{"pair":"BTC/USDT","stake_amount":9000,"amount":0.46676866,"open_date":"2022-07-02 17:00:00+00:00","close_date":"2022-07-03 03:00:00+00:00","open_rate":19281.5,"close_rate":19255.5,"fee_open":0.0002,"fee_close":0.0002,"trade_duration":600,"profit_ratio":-0.00178344,"profit_abs":-16.05418305,"exit_reason":"exit_signal","initial_stop_loss_abs":17353.350000000002,"initial_stop_loss_ratio":-0.1,"stop_loss_abs":17353.350000000002,"stop_loss_ratio":-0.1,"min_rate":19150.1,"max_rate":19400.0,"is_open":false,"enter_tag":null,"is_short":false,"open_timestamp":1656781200000,"close_timestamp":1656817200000,"orders":[{"amount":0.46676866,"safe_price":19281.5,"ft_order_side":"buy","order_filled_timestamp":1656781200000,"ft_is_entry":true},{"amount":0.46676866,"safe_price":19255.5,"ft_order_side":"sell","order_filled_timestamp":1656817200000,"ft_is_entry":false}]},{"pair":"BTC/USDT","stake_amount":9000,"amount":0.46914095,"open_date":"2022-07-03 05:15:00+00:00","close_date":"2022-07-03 08:45:00+00:00","open_rate":19184.0,"close_rate":18984.526294741052,"fee_open":0.0002,"fee_close":0.0002,"trade_duration":210,"profit_ratio":0.01004966,"profit_abs":90.42884759,"exit_reason":"roi","initial_stop_loss_abs":21102.4,"initial_stop_loss_ratio":-0.1,"stop_loss_abs":21102.4,"stop_loss_ratio":-0.1,"min_rate":18921.9,"max_rate":19216.7,"is_open":false,"enter_tag":null,"is_short":true,"open_timestamp":1656825300000,"close_timestamp":1656837900000,"orders":[{"amount":0.46914095,"safe_price":19184.0,"ft_order_side":"sell","order_filled_timestamp":1656825300000,"ft_is_entry":true},{"amount":0.46914095,"safe_price":18984.526294741052,"ft_order_side":"buy","order_filled_timestamp":1656837900000,"ft_is_entry":false}]},{"pair":"BTC/USDT","stake_amount":9000,"amount":0.4724459,"open_date":"2022-07-03 10:15:00+00:00","close_date":"2022-07-03 16:45:00+00:00","open_rate":19049.8,"close_rate":19130.3,"fee_open":0.0002,"fee_close":0.0002,"trade_duration":390,"profit_ratio":0.00375172,"profit_abs":33.77219534,"exit_reason":"exit_signal","initial_stop_loss_abs":17144.82,"initial_stop_loss_ratio":-0.1,"stop_loss_abs":17144.82,"stop_loss_ratio":-0.1,"min_rate":18955.0,"max_rate":19232.0,"is_open":false,"enter_tag":null,"is_short":false,"open_timestamp":1656843300000,"close_timestamp":1656866700000,"orders":[{"amount":0.4724459,"safe_price":19049.8,"ft_order_side":"buy","order_filled_timestamp":1656843300000,"ft_is_entry":true},{"amount":0.4724459,"safe_price":19130.3,"ft_order_side":"sell","order_filled_timestamp":1656866700000,"ft_is_entry":false}]},{"pair":"BTC/USDT","stake_amount":9000,"amount":0.46640582,"open_date":"2022-07-03 21:30:00+00:00","close_date":"2022-07-04 02:45:00+00:00","open_rate":19296.5,"close_rate":19095.85652869426,"fee_open":0.0002,"fee_close":0.0002,"trade_duration":315,"profit_ratio":0.01007997,"profit_abs":90.7016243,"exit_reason":"roi","initial_stop_loss_abs":21226.15,"initial_stop_loss_ratio":-0.1,"stop_loss_abs":21226.15,"stop_loss_ratio":-0.1,"min_rate":19050.0,"max_rate":19375.2,"is_open":false,"enter_tag":null,"is_short":true,"open_timestamp":1656883800000,"close_timestamp":1656902700000,"orders":[{"amount":0.46640582,"safe_price":19296.5,"ft_order_side":"sell","order_filled_timestamp":1656883800000,"ft_is_entry":true},{"amount":0.46640582,"safe_price":19095.85652869426,"ft_order_side":"buy","order_filled_timestamp":1656902700000,"ft_is_entry":false}]},{"pair":"BTC/USDT","stake_amount":9000,"amount":0.47070637,"open_date":"2022-07-04 04:45:00+00:00","close_date":"2022-07-04 09:30:00+00:00","open_rate":19120.2,"close_rate":19222.1,"fee_open":0.0002,"fee_close":0.0002,"trade_duration":285,"profit_ratio":0.00488111,"profit_abs":43.93879728,"exit_reason":"exit_signal","initial_stop_loss_abs":17208.18,"initial_stop_loss_ratio":-0.1,"stop_loss_abs":17208.18,"stop_loss_ratio":-0.1,"min_rate":19071.6,"max_rate":19270.9,"is_open":false,"enter_tag":null,"is_short":false,"open_timestamp":1656909900000,"close_timestamp":1656927000000,"orders":[{"amount":0.47070637,"safe_price":19120.2,"ft_order_side":"buy","order_filled_timestamp":1656909900000,"ft_is_entry":true},{"amount":0.47070637,"safe_price":19222.1,"ft_order_side":"sell","order_filled_timestamp":1656927000000,"ft_is_entry":false}]},{"pair":"BTC/USDT","stake_amount":9000,"amount":0.4570616,"open_date":"2022-07-04 16:45:00+00:00","close_date":"2022-07-05 02:15:00+00:00","open_rate":19691.0,"close_rate":20259.8,"fee_open":0.0002,"fee_close":0.0002,"trade_duration":570,"profit_ratio":-0.02924357,"profit_abs":-263.13949817,"exit_reason":"exit_signal","initial_stop_loss_abs":21660.100000000002,"initial_stop_loss_ratio":-0.1,"stop_loss_abs":21660.100000000002,"stop_loss_ratio":-0.1,"min_rate":19691.0,"max_rate":20474.0,"is_open":false,"enter_tag":null,"is_short":true,"open_timestamp":1656953100000,"close_timestamp":1656987300000,"orders":[{"amount":0.4570616,"safe_price":19691.0,"ft_order_side":"sell","order_filled_timestamp":1656953100000,"ft_is_entry":true},{"amount":0.4570616,"safe_price":20259.8,"ft_order_side":"buy","order_filled_timestamp":1656987300000,"ft_is_entry":false}]},{"pair":"BTC/USDT","stake_amount":9000,"amount":0.44214312,"open_date":"2022-07-05 05:30:00+00:00","close_date":"2022-07-05 14:45:00+00:00","open_rate":20355.4,"close_rate":19508.4,"fee_open":0.0002,"fee_close":0.0002,"trade_duration":555,"profit_ratio":-0.04209311,"profit_abs":-378.9137976,"exit_reason":"exit_signal","initial_stop_loss_abs":18319.86,"initial_stop_loss_ratio":-0.1,"stop_loss_abs":18319.86,"stop_loss_ratio":-0.1,"min_rate":19291.6,"max_rate":20435.0,"is_open":false,"enter_tag":null,"is_short":false,"open_timestamp":1656999000000,"close_timestamp":1657032300000,"orders":[{"amount":0.44214312,"safe_price":20355.4,"ft_order_side":"buy","order_filled_timestamp":1656999000000,"ft_is_entry":true},{"amount":0.44214312,"safe_price":19508.4,"ft_order_side":"sell","order_filled_timestamp":1657032300000,"ft_is_entry":false}]},{"pair":"BTC/USDT","stake_amount":9000,"amount":0.44378042,"open_date":"2022-07-05 21:30:00+00:00","close_date":"2022-07-06 01:30:00+00:00","open_rate":20280.3,"close_rate":20069.427054589083,"fee_open":0.0002,"fee_close":0.0002,"trade_duration":240,"profit_ratio":0.01010148,"profit_abs":90.89511006,"exit_reason":"roi","initial_stop_loss_abs":22308.33,"initial_stop_loss_ratio":-0.1,"stop_loss_abs":22308.33,"stop_loss_ratio":-0.1,"min_rate":19914.3,"max_rate":20480.0,"is_open":false,"enter_tag":null,"is_short":true,"open_timestamp":1657056600000,"close_timestamp":1657071000000,"orders":[{"amount":0.44378042,"safe_price":20280.3,"ft_order_side":"sell","order_filled_timestamp":1657056600000,"ft_is_entry":true},{"amount":0.44378042,"safe_price":20069.427054589083,"ft_order_side":"buy","order_filled_timestamp":1657071000000,"ft_is_entry":false}]},{"pair":"BTC/USDT","stake_amount":9000,"amount":0.45219541,"open_date":"2022-07-06 06:30:00+00:00","close_date":"2022-07-06 11:30:00+00:00","open_rate":19902.9,"close_rate":20075.9,"fee_open":0.0002,"fee_close":0.0002,"trade_duration":300,"profit_ratio":-0.00899449,"profit_abs":-80.93423293,"exit_reason":"exit_signal","initial_stop_loss_abs":21893.190000000002,"initial_stop_loss_ratio":-0.1,"stop_loss_abs":21893.190000000002,"stop_loss_ratio":-0.1,"min_rate":19880.5,"max_rate":20295.0,"is_open":false,"enter_tag":null,"is_short":true,"open_timestamp":1657089000000,"close_timestamp":1657107000000,"orders":[{"amount":0.45219541,"safe_price":19902.9,"ft_order_side":"sell","order_filled_timestamp":1657089000000,"ft_is_entry":true},{"amount":0.45219541,"safe_price":20075.9,"ft_order_side":"buy","order_filled_timestamp":1657107000000,"ft_is_entry":false}]},{"pair":"BTC/USDT","stake_amount":9000,"amount":0.44730276,"open_date":"2022-07-06 15:15:00+00:00","close_date":"2022-07-06 15:30:00+00:00","open_rate":20120.6,"close_rate":20095.3,"fee_open":0.0002,"fee_close":0.0002,"trade_duration":15,"profit_ratio":0.00085784,"profit_abs":7.71902321,"exit_reason":"exit_signal","initial_stop_loss_abs":22132.66,"initial_stop_loss_ratio":-0.1,"stop_loss_abs":22132.66,"stop_loss_ratio":-0.1,"min_rate":20050.7,"max_rate":20155.2,"is_open":false,"enter_tag":null,"is_short":true,"open_timestamp":1657120500000,"close_timestamp":1657121400000,"orders":[{"amount":0.44730276,"safe_price":20120.6,"ft_order_side":"sell","order_filled_timestamp":1657120500000,"ft_is_entry":true},{"amount":0.44730276,"safe_price":20095.3,"ft_order_side":"buy","order_filled_timestamp":1657121400000,"ft_is_entry":false}]},{"pair":"BTC/USDT","stake_amount":9000,"amount":0.44609665,"open_date":"2022-07-06 16:30:00+00:00","close_date":"2022-07-06 17:00:00+00:00","open_rate":20175.0,"close_rate":20291.9,"fee_open":0.0002,"fee_close":0.0002,"trade_duration":30,"profit_ratio":0.00539206,"profit_abs":48.53826868,"exit_reason":"exit_signal","initial_stop_loss_abs":18157.5,"initial_stop_loss_ratio":-0.1,"stop_loss_abs":18157.5,"stop_loss_ratio":-0.1,"min_rate":20161.2,"max_rate":20388.0,"is_open":false,"enter_tag":null,"is_short":false,"open_timestamp":1657125000000,"close_timestamp":1657126800000,"orders":[{"amount":0.44609665,"safe_price":20175.0,"ft_order_side":"buy","order_filled_timestamp":1657125000000,"ft_is_entry":true},{"amount":0.44609665,"safe_price":20291.9,"ft_order_side":"sell","order_filled_timestamp":1657126800000,"ft_is_entry":false}]},{"pair":"BTC/USDT","stake_amount":9000,"amount":0.44366666,"open_date":"2022-07-06 20:15:00+00:00","close_date":"2022-07-06 20:30:00+00:00","open_rate":20285.5,"close_rate":20290.6,"fee_open":0.0002,"fee_close":0.0002,"trade_duration":15,"profit_ratio":-0.00065159,"profit_abs":-5.86315252,"exit_reason":"exit_signal","initial_stop_loss_abs":22314.050000000003,"initial_stop_loss_ratio":-0.1,"stop_loss_abs":22314.050000000003,"stop_loss_ratio":-0.1,"min_rate":20259.2,"max_rate":20338.7,"is_open":false,"enter_tag":null,"is_short":true,"open_timestamp":1657138500000,"close_timestamp":1657139400000,"orders":[{"amount":0.44366666,"safe_price":20285.5,"ft_order_side":"sell","order_filled_timestamp":1657138500000,"ft_is_entry":true},{"amount":0.44366666,"safe_price":20290.6,"ft_order_side":"buy","order_filled_timestamp":1657139400000,"ft_is_entry":false}]},{"pair":"BTC/USDT","stake_amount":9000,"amount":0.44117863,"open_date":"2022-07-06 21:15:00+00:00","close_date":"2022-07-06 23:00:00+00:00","open_rate":20399.9,"close_rate":20612.101400280055,"fee_open":0.0002,"fee_close":0.0002,"trade_duration":105,"profit_ratio":0.009998,"profit_abs":89.99999934,"exit_reason":"roi","initial_stop_loss_abs":18359.910000000003,"initial_stop_loss_ratio":-0.1,"stop_loss_abs":18359.910000000003,"stop_loss_ratio":-0.1,"min_rate":20300.0,"max_rate":20667.6,"is_open":false,"enter_tag":null,"is_short":false,"open_timestamp":1657142100000,"close_timestamp":1657148400000,"orders":[{"amount":0.44117863,"safe_price":20399.9,"ft_order_side":"buy","order_filled_timestamp":1657142100000,"ft_is_entry":true},{"amount":0.44117863,"safe_price":20612.101400280055,"ft_order_side":"sell","order_filled_timestamp":1657148400000,"ft_is_entry":false}]},{"pair":"BTC/USDT","stake_amount":9000,"amount":0.43800736,"open_date":"2022-07-07 00:45:00+00:00","close_date":"2022-07-07 02:30:00+00:00","open_rate":20547.6,"close_rate":20430.9,"fee_open":0.0002,"fee_close":0.0002,"trade_duration":105,"profit_ratio":0.00528169,"profit_abs":47.52568199,"exit_reason":"exit_signal","initial_stop_loss_abs":22602.36,"initial_stop_loss_ratio":-0.1,"stop_loss_abs":22602.36,"stop_loss_ratio":-0.1,"min_rate":20373.6,"max_rate":20588.0,"is_open":false,"enter_tag":null,"is_short":true,"open_timestamp":1657154700000,"close_timestamp":1657161000000,"orders":[{"amount":0.43800736,"safe_price":20547.6,"ft_order_side":"sell","order_filled_timestamp":1657154700000,"ft_is_entry":true},{"amount":0.43800736,"safe_price":20430.9,"ft_order_side":"buy","order_filled_timestamp":1657161000000,"ft_is_entry":false}]},{"pair":"BTC/USDT","stake_amount":9000,"amount":0.44220177,"open_date":"2022-07-07 07:30:00+00:00","close_date":"2022-07-07 07:45:00+00:00","open_rate":20352.7,"close_rate":20406.9,"fee_open":0.0002,"fee_close":0.0002,"trade_duration":15,"profit_ratio":0.00226205,"profit_abs":20.36254248,"exit_reason":"exit_signal","initial_stop_loss_abs":18317.43,"initial_stop_loss_ratio":-0.1,"stop_loss_abs":18317.43,"stop_loss_ratio":-0.1,"min_rate":20352.6,"max_rate":20472.5,"is_open":false,"enter_tag":null,"is_short":false,"open_timestamp":1657179000000,"close_timestamp":1657179900000,"orders":[{"amount":0.44220177,"safe_price":20352.7,"ft_order_side":"buy","order_filled_timestamp":1657179000000,"ft_is_entry":true},{"amount":0.44220177,"safe_price":20406.9,"ft_order_side":"sell","order_filled_timestamp":1657179900000,"ft_is_entry":false}]},{"pair":"BTC/USDT","stake_amount":9000,"amount":0.41674191,"open_date":"2022-07-07 21:45:00+00:00","close_date":"2022-07-07 22:45:00+00:00","open_rate":21596.1,"close_rate":21582.7,"fee_open":0.0002,"fee_close":0.0002,"trade_duration":60,"profit_ratio":0.00022065,"profit_abs":1.98545848,"exit_reason":"exit_signal","initial_stop_loss_abs":23755.71,"initial_stop_loss_ratio":-0.1,"stop_loss_abs":23755.71,"stop_loss_ratio":-0.1,"min_rate":21577.0,"max_rate":21750.0,"is_open":false,"enter_tag":null,"is_short":true,"open_timestamp":1657230300000,"close_timestamp":1657233900000,"orders":[{"amount":0.41674191,"safe_price":21596.1,"ft_order_side":"sell","order_filled_timestamp":1657230300000,"ft_is_entry":true},{"amount":0.41674191,"safe_price":21582.7,"ft_order_side":"buy","order_filled_timestamp":1657233900000,"ft_is_entry":false}]},{"pair":"BTC/USDT","stake_amount":9000,"amount":0.40959359,"open_date":"2022-07-08 03:15:00+00:00","close_date":"2022-07-08 05:45:00+00:00","open_rate":21973.0,"close_rate":21744.526494701062,"fee_open":0.0002,"fee_close":0.0002,"trade_duration":150,"profit_ratio":0.010002,"profit_abs":89.99999953,"exit_reason":"roi","initial_stop_loss_abs":24170.300000000003,"initial_stop_loss_ratio":-0.1,"stop_loss_abs":24170.300000000003,"stop_loss_ratio":-0.1,"min_rate":21724.5,"max_rate":22243.7,"is_open":false,"enter_tag":null,"is_short":true,"open_timestamp":1657250100000,"close_timestamp":1657259100000,"orders":[{"amount":0.40959359,"safe_price":21973.0,"ft_order_side":"sell","order_filled_timestamp":1657250100000,"ft_is_entry":true},{"amount":0.40959359,"safe_price":21744.526494701062,"ft_order_side":"buy","order_filled_timestamp":1657259100000,"ft_is_entry":false}]},{"pair":"BTC/USDT","stake_amount":9000,"amount":0.41499899,"open_date":"2022-07-08 10:30:00+00:00","close_date":"2022-07-08 11:45:00+00:00","open_rate":21686.8,"close_rate":21607.8,"fee_open":0.0002,"fee_close":0.0002,"trade_duration":75,"profit_ratio":-0.00404123,"profit_abs":-36.37836326,"exit_reason":"exit_signal","initial_stop_loss_abs":19518.12,"initial_stop_loss_ratio":-0.1,"stop_loss_abs":19518.12,"stop_loss_ratio":-0.1,"min_rate":21451.0,"max_rate":21686.9,"is_open":false,"enter_tag":null,"is_short":false,"open_timestamp":1657276200000,"close_timestamp":1657280700000,"orders":[{"amount":0.41499899,"safe_price":21686.8,"ft_order_side":"buy","order_filled_timestamp":1657276200000,"ft_is_entry":true},{"amount":0.41499899,"safe_price":21607.8,"ft_order_side":"sell","order_filled_timestamp":1657280700000,"ft_is_entry":false}]},{"pair":"BTC/USDT","stake_amount":9000,"amount":0.41507363,"open_date":"2022-07-08 17:00:00+00:00","close_date":"2022-07-09 00:00:00+00:00","open_rate":21682.9,"close_rate":21457.44293141372,"fee_open":0.0002,"fee_close":0.0002,"trade_duration":420,"profit_ratio":0.01010158,"profit_abs":90.89605277,"exit_reason":"roi","initial_stop_loss_abs":23851.190000000002,"initial_stop_loss_ratio":-0.1,"stop_loss_abs":23851.190000000002,"stop_loss_ratio":-0.1,"min_rate":21417.3,"max_rate":22048.0,"is_open":false,"enter_tag":null,"is_short":true,"open_timestamp":1657299600000,"close_timestamp":1657324800000,"orders":[{"amount":0.41507363,"safe_price":21682.9,"ft_order_side":"sell","order_filled_timestamp":1657299600000,"ft_is_entry":true},{"amount":0.41507363,"safe_price":21457.44293141372,"ft_order_side":"buy","order_filled_timestamp":1657324800000,"ft_is_entry":false}]},{"pair":"BTC/USDT","stake_amount":9000,"amount":0.41748811,"open_date":"2022-07-09 02:45:00+00:00","close_date":"2022-07-09 07:00:00+00:00","open_rate":21557.5,"close_rate":21550.7,"fee_open":0.0002,"fee_close":0.0002,"trade_duration":255,"profit_ratio":-0.00071523,"profit_abs":-6.43835134,"exit_reason":"exit_signal","initial_stop_loss_abs":19401.75,"initial_stop_loss_ratio":-0.1,"stop_loss_abs":19401.75,"stop_loss_ratio":-0.1,"min_rate":21460.4,"max_rate":21740.4,"is_open":false,"enter_tag":null,"is_short":false,"open_timestamp":1657334700000,"close_timestamp":1657350000000,"orders":[{"amount":0.41748811,"safe_price":21557.5,"ft_order_side":"buy","order_filled_timestamp":1657334700000,"ft_is_entry":true},{"amount":0.41748811,"safe_price":21550.7,"ft_order_side":"sell","order_filled_timestamp":1657350000000,"ft_is_entry":false}]},{"pair":"BTC/USDT","stake_amount":9000,"amount":0.41574856,"open_date":"2022-07-09 10:00:00+00:00","close_date":"2022-07-09 11:45:00+00:00","open_rate":21647.7,"close_rate":21422.60893821236,"fee_open":0.0002,"fee_close":0.0002,"trade_duration":105,"profit_ratio":0.010002,"profit_abs":90.00000102,"exit_reason":"roi","initial_stop_loss_abs":23812.47,"initial_stop_loss_ratio":-0.1,"stop_loss_abs":23812.47,"stop_loss_ratio":-0.1,"min_rate":21309.6,"max_rate":21785.0,"is_open":false,"enter_tag":null,"is_short":true,"open_timestamp":1657360800000,"close_timestamp":1657367100000,"orders":[{"amount":0.41574856,"safe_price":21647.7,"ft_order_side":"sell","order_filled_timestamp":1657360800000,"ft_is_entry":true},{"amount":0.41574856,"safe_price":21422.60893821236,"ft_order_side":"buy","order_filled_timestamp":1657367100000,"ft_is_entry":false}]},{"pair":"BTC/USDT","stake_amount":9000,"amount":0.41785446,"open_date":"2022-07-09 16:00:00+00:00","close_date":"2022-07-10 02:15:00+00:00","open_rate":21538.6,"close_rate":21314.643351329734,"fee_open":0.0002,"fee_close":0.0002,"trade_duration":615,"profit_ratio":0.01016327,"profit_abs":91.45117408,"exit_reason":"roi","initial_stop_loss_abs":23692.46,"initial_stop_loss_ratio":-0.1,"stop_loss_abs":23692.46,"stop_loss_ratio":-0.1,"min_rate":21176.7,"max_rate":22000.0,"is_open":false,"enter_tag":null,"is_short":true,"open_timestamp":1657382400000,"close_timestamp":1657419300000,"orders":[{"amount":0.41785446,"safe_price":21538.6,"ft_order_side":"sell","order_filled_timestamp":1657382400000,"ft_is_entry":true},{"amount":0.41785446,"safe_price":21314.643351329734,"ft_order_side":"buy","order_filled_timestamp":1657419300000,"ft_is_entry":false}]},{"pair":"BTC/USDT","stake_amount":9000,"amount":0.42252529,"open_date":"2022-07-10 10:30:00+00:00","close_date":"2022-07-10 13:30:00+00:00","open_rate":21300.5,"close_rate":21079.019096180764,"fee_open":0.0002,"fee_close":0.0002,"trade_duration":180,"profit_ratio":0.010002,"profit_abs":89.9999994,"exit_reason":"roi","initial_stop_loss_abs":23430.550000000003,"initial_stop_loss_ratio":-0.1,"stop_loss_abs":23430.550000000003,"stop_loss_ratio":-0.1,"min_rate":20917.7,"max_rate":21339.8,"is_open":false,"enter_tag":null,"is_short":true,"open_timestamp":1657449000000,"close_timestamp":1657459800000,"orders":[{"amount":0.42252529,"safe_price":21300.5,"ft_order_side":"sell","order_filled_timestamp":1657449000000,"ft_is_entry":true},{"amount":0.42252529,"safe_price":21079.019096180764,"ft_order_side":"buy","order_filled_timestamp":1657459800000,"ft_is_entry":false}]},{"pair":"BTC/USDT","stake_amount":9000,"amount":0.43014864,"open_date":"2022-07-10 17:00:00+00:00","close_date":"2022-07-10 21:00:00+00:00","open_rate":20923.0,"close_rate":21140.64272854571,"fee_open":0.0002,"fee_close":0.0002,"trade_duration":240,"profit_ratio":0.009998,"profit_abs":89.99999995,"exit_reason":"roi","initial_stop_loss_abs":18830.7,"initial_stop_loss_ratio":-0.1,"stop_loss_abs":18830.7,"stop_loss_ratio":-0.1,"min_rate":20716.4,"max_rate":21170.0,"is_open":false,"enter_tag":null,"is_short":false,"open_timestamp":1657472400000,"close_timestamp":1657486800000,"orders":[{"amount":0.43014864,"safe_price":20923.0,"ft_order_side":"buy","order_filled_timestamp":1657472400000,"ft_is_entry":true},{"amount":0.43014864,"safe_price":21140.64272854571,"ft_order_side":"sell","order_filled_timestamp":1657486800000,"ft_is_entry":false}]},{"pair":"BTC/USDT","stake_amount":9000,"amount":0.43658802,"open_date":"2022-07-11 03:30:00+00:00","close_date":"2022-07-11 12:45:00+00:00","open_rate":20614.4,"close_rate":20558.9,"fee_open":0.0002,"fee_close":0.0002,"trade_duration":555,"profit_ratio":-0.00316283,"profit_abs":-28.47118143,"exit_reason":"exit_signal","initial_stop_loss_abs":18552.960000000003,"initial_stop_loss_ratio":-0.1,"stop_loss_abs":18552.960000000003,"stop_loss_ratio":-0.1,"min_rate":20345.8,"max_rate":20637.9,"is_open":false,"enter_tag":null,"is_short":false,"open_timestamp":1657510200000,"close_timestamp":1657543500000,"orders":[{"amount":0.43658802,"safe_price":20614.4,"ft_order_side":"buy","order_filled_timestamp":1657510200000,"ft_is_entry":true},{"amount":0.43658802,"safe_price":20558.9,"ft_order_side":"sell","order_filled_timestamp":1657543500000,"ft_is_entry":false}]},{"pair":"BTC/USDT","stake_amount":9000,"amount":0.43729654,"open_date":"2022-07-11 13:00:00+00:00","close_date":"2022-07-11 18:45:00+00:00","open_rate":20581.0,"close_rate":20653.6,"fee_open":0.0002,"fee_close":0.0002,"trade_duration":345,"profit_ratio":0.00304183,"profit_abs":27.38198448,"exit_reason":"exit_signal","initial_stop_loss_abs":18522.9,"initial_stop_loss_ratio":-0.1,"stop_loss_abs":18522.9,"stop_loss_ratio":-0.1,"min_rate":20260.0,"max_rate":20778.1,"is_open":false,"enter_tag":null,"is_short":false,"open_timestamp":1657544400000,"close_timestamp":1657565100000,"orders":[{"amount":0.43729654,"safe_price":20581.0,"ft_order_side":"buy","order_filled_timestamp":1657544400000,"ft_is_entry":true},{"amount":0.43729654,"safe_price":20653.6,"ft_order_side":"sell","order_filled_timestamp":1657565100000,"ft_is_entry":false}]},{"pair":"BTC/USDT","stake_amount":9000,"amount":0.43977308,"open_date":"2022-07-11 19:30:00+00:00","close_date":"2022-07-11 21:30:00+00:00","open_rate":20465.1,"close_rate":20346.0,"fee_open":0.0002,"fee_close":0.0002,"trade_duration":120,"profit_ratio":0.00542191,"profit_abs":48.7874492,"exit_reason":"exit_signal","initial_stop_loss_abs":22511.61,"initial_stop_loss_ratio":-0.1,"stop_loss_abs":22511.61,"stop_loss_ratio":-0.1,"min_rate":20300.0,"max_rate":20550.0,"is_open":false,"enter_tag":null,"is_short":true,"open_timestamp":1657567800000,"close_timestamp":1657575000000,"orders":[{"amount":0.43977308,"safe_price":20465.1,"ft_order_side":"sell","order_filled_timestamp":1657567800000,"ft_is_entry":true},{"amount":0.43977308,"safe_price":20346.0,"ft_order_side":"buy","order_filled_timestamp":1657575000000,"ft_is_entry":false}]},{"pair":"BTC/USDT","stake_amount":9000,"amount":0.45535037,"open_date":"2022-07-12 09:15:00+00:00","close_date":"2022-07-12 11:00:00+00:00","open_rate":19765.0,"close_rate":19609.9,"fee_open":0.0002,"fee_close":0.0002,"trade_duration":105,"profit_ratio":-0.00824399,"profit_abs":-74.21071744,"exit_reason":"exit_signal","initial_stop_loss_abs":17788.5,"initial_stop_loss_ratio":-0.1,"stop_loss_abs":17788.5,"stop_loss_ratio":-0.1,"min_rate":19552.4,"max_rate":19787.2,"is_open":false,"enter_tag":null,"is_short":false,"open_timestamp":1657617300000,"close_timestamp":1657623600000,"orders":[{"amount":0.45535037,"safe_price":19765.0,"ft_order_side":"buy","order_filled_timestamp":1657617300000,"ft_is_entry":true},{"amount":0.45535037,"safe_price":19609.9,"ft_order_side":"sell","order_filled_timestamp":1657623600000,"ft_is_entry":false}]},{"pair":"BTC/USDT","stake_amount":9000,"amount":0.45721717,"open_date":"2022-07-12 11:15:00+00:00","close_date":"2022-07-12 12:15:00+00:00","open_rate":19684.3,"close_rate":19889.057671534305,"fee_open":0.0002,"fee_close":0.0002,"trade_duration":60,"profit_ratio":0.009998,"profit_abs":89.99999939,"exit_reason":"roi","initial_stop_loss_abs":17715.87,"initial_stop_loss_ratio":-0.1,"stop_loss_abs":17715.87,"stop_loss_ratio":-0.1,"min_rate":19679.5,"max_rate":19959.4,"is_open":false,"enter_tag":null,"is_short":false,"open_timestamp":1657624500000,"close_timestamp":1657628100000,"orders":[{"amount":0.45721717,"safe_price":19684.3,"ft_order_side":"buy","order_filled_timestamp":1657624500000,"ft_is_entry":true},{"amount":0.45721717,"safe_price":19889.057671534305,"ft_order_side":"sell","order_filled_timestamp":1657628100000,"ft_is_entry":false}]},{"pair":"BTC/USDT","stake_amount":9000,"amount":0.45450414,"open_date":"2022-07-12 14:15:00+00:00","close_date":"2022-07-12 18:15:00+00:00","open_rate":19801.8,"close_rate":19828.4,"fee_open":0.0002,"fee_close":0.0002,"trade_duration":240,"profit_ratio":-0.00171715,"profit_abs":-15.45128778,"exit_reason":"exit_signal","initial_stop_loss_abs":21781.98,"initial_stop_loss_ratio":-0.1,"stop_loss_abs":21781.98,"stop_loss_ratio":-0.1,"min_rate":19749.1,"max_rate":19993.0,"is_open":false,"enter_tag":null,"is_short":true,"open_timestamp":1657635300000,"close_timestamp":1657649700000,"orders":[{"amount":0.45450414,"safe_price":19801.8,"ft_order_side":"sell","order_filled_timestamp":1657635300000,"ft_is_entry":true},{"amount":0.45450414,"safe_price":19828.4,"ft_order_side":"buy","order_filled_timestamp":1657649700000,"ft_is_entry":false}]},{"pair":"BTC/USDT","stake_amount":9000,"amount":0.46284392,"open_date":"2022-07-12 22:30:00+00:00","close_date":"2022-07-12 22:45:00+00:00","open_rate":19445.0,"close_rate":19406.1,"fee_open":0.0002,"fee_close":0.0002,"trade_duration":15,"profit_ratio":-0.00239963,"profit_abs":-21.60102757,"exit_reason":"exit_signal","initial_stop_loss_abs":17500.5,"initial_stop_loss_ratio":-0.1,"stop_loss_abs":17500.5,"stop_loss_ratio":-0.1,"min_rate":19333.0,"max_rate":19468.8,"is_open":false,"enter_tag":null,"is_short":false,"open_timestamp":1657665000000,"close_timestamp":1657665900000,"orders":[{"amount":0.46284392,"safe_price":19445.0,"ft_order_side":"buy","order_filled_timestamp":1657665000000,"ft_is_entry":true},{"amount":0.46284392,"safe_price":19406.1,"ft_order_side":"sell","order_filled_timestamp":1657665900000,"ft_is_entry":false}]},{"pair":"BTC/USDT","stake_amount":9000,"amount":0.46305586,"open_date":"2022-07-13 04:45:00+00:00","close_date":"2022-07-13 12:30:00+00:00","open_rate":19436.1,"close_rate":19234.004979004196,"fee_open":0.0002,"fee_close":0.0002,"trade_duration":465,"profit_ratio":0.01000826,"profit_abs":90.05628341,"exit_reason":"roi","initial_stop_loss_abs":21379.71,"initial_stop_loss_ratio":-0.1,"stop_loss_abs":21379.71,"stop_loss_ratio":-0.1,"min_rate":18901.0,"max_rate":20150.0,"is_open":false,"enter_tag":null,"is_short":true,"open_timestamp":1657687500000,"close_timestamp":1657715400000,"orders":[{"amount":0.46305586,"safe_price":19436.1,"ft_order_side":"sell","order_filled_timestamp":1657687500000,"ft_is_entry":true},{"amount":0.46305586,"safe_price":19234.004979004196,"ft_order_side":"buy","order_filled_timestamp":1657715400000,"ft_is_entry":false}]},{"pair":"BTC/USDT","stake_amount":9000,"amount":0.46077759,"open_date":"2022-07-13 14:45:00+00:00","close_date":"2022-07-13 17:00:00+00:00","open_rate":19532.2,"close_rate":19735.37551510302,"fee_open":0.0002,"fee_close":0.0002,"trade_duration":135,"profit_ratio":0.01001012,"profit_abs":90.10913161,"exit_reason":"roi","initial_stop_loss_abs":17578.98,"initial_stop_loss_ratio":-0.1,"stop_loss_abs":17578.98,"stop_loss_ratio":-0.1,"min_rate":19228.1,"max_rate":20106.6,"is_open":false,"enter_tag":null,"is_short":false,"open_timestamp":1657723500000,"close_timestamp":1657731600000,"orders":[{"amount":0.46077759,"safe_price":19532.2,"ft_order_side":"buy","order_filled_timestamp":1657723500000,"ft_is_entry":true},{"amount":0.46077759,"safe_price":19735.37551510302,"ft_order_side":"sell","order_filled_timestamp":1657731600000,"ft_is_entry":false}]},{"pair":"BTC/USDT","stake_amount":9000,"amount":0.4559848,"open_date":"2022-07-13 19:30:00+00:00","close_date":"2022-07-14 04:30:00+00:00","open_rate":19737.5,"close_rate":20147.0,"fee_open":0.0002,"fee_close":0.0002,"trade_duration":540,"profit_ratio":-0.0211551,"profit_abs":-190.35786532,"exit_reason":"exit_signal","initial_stop_loss_abs":21711.25,"initial_stop_loss_ratio":-0.1,"stop_loss_abs":21711.25,"stop_loss_ratio":-0.1,"min_rate":19575.5,"max_rate":20436.6,"is_open":false,"enter_tag":null,"is_short":true,"open_timestamp":1657740600000,"close_timestamp":1657773000000,"orders":[{"amount":0.4559848,"safe_price":19737.5,"ft_order_side":"sell","order_filled_timestamp":1657740600000,"ft_is_entry":true},{"amount":0.4559848,"safe_price":20147.0,"ft_order_side":"buy","order_filled_timestamp":1657773000000,"ft_is_entry":false}]},{"pair":"BTC/USDT","stake_amount":9000,"amount":0.45423116,"open_date":"2022-07-14 10:45:00+00:00","close_date":"2022-07-14 12:45:00+00:00","open_rate":19813.7,"close_rate":19787.2,"fee_open":0.0002,"fee_close":0.0002,"trade_duration":120,"profit_ratio":-0.00173684,"profit_abs":-15.63471829,"exit_reason":"exit_signal","initial_stop_loss_abs":17832.33,"initial_stop_loss_ratio":-0.1,"stop_loss_abs":17832.33,"stop_loss_ratio":-0.1,"min_rate":19600.0,"max_rate":19874.4,"is_open":false,"enter_tag":null,"is_short":false,"open_timestamp":1657795500000,"close_timestamp":1657802700000,"orders":[{"amount":0.45423116,"safe_price":19813.7,"ft_order_side":"buy","order_filled_timestamp":1657795500000,"ft_is_entry":true},{"amount":0.45423116,"safe_price":19787.2,"ft_order_side":"sell","order_filled_timestamp":1657802700000,"ft_is_entry":false}]},{"pair":"BTC/USDT","stake_amount":9000,"amount":0.43558644,"open_date":"2022-07-14 19:45:00+00:00","close_date":"2022-07-14 20:00:00+00:00","open_rate":20661.8,"close_rate":20603.0,"fee_open":0.0002,"fee_close":0.0002,"trade_duration":15,"profit_ratio":0.00244689,"profit_abs":22.01760521,"exit_reason":"exit_signal","initial_stop_loss_abs":22727.98,"initial_stop_loss_ratio":-0.1,"stop_loss_abs":22727.98,"stop_loss_ratio":-0.1,"min_rate":20517.7,"max_rate":20687.8,"is_open":false,"enter_tag":null,"is_short":true,"open_timestamp":1657827900000,"close_timestamp":1657828800000,"orders":[{"amount":0.43558644,"safe_price":20661.8,"ft_order_side":"sell","order_filled_timestamp":1657827900000,"ft_is_entry":true},{"amount":0.43558644,"safe_price":20603.0,"ft_order_side":"buy","order_filled_timestamp":1657828800000,"ft_is_entry":false}]},{"pair":"BTC/USDT","stake_amount":9000,"amount":0.43825477,"open_date":"2022-07-15 05:00:00+00:00","close_date":"2022-07-15 11:45:00+00:00","open_rate":20536.0,"close_rate":20770.0,"fee_open":0.0002,"fee_close":0.0002,"trade_duration":405,"profit_ratio":-0.01178505,"profit_abs":-106.04427248,"exit_reason":"exit_signal","initial_stop_loss_abs":22589.600000000002,"initial_stop_loss_ratio":-0.1,"stop_loss_abs":22589.600000000002,"stop_loss_ratio":-0.1,"min_rate":20510.0,"max_rate":21054.0,"is_open":false,"enter_tag":null,"is_short":true,"open_timestamp":1657861200000,"close_timestamp":1657885500000,"orders":[{"amount":0.43825477,"safe_price":20536.0,"ft_order_side":"sell","order_filled_timestamp":1657861200000,"ft_is_entry":true},{"amount":0.43825477,"safe_price":20770.0,"ft_order_side":"buy","order_filled_timestamp":1657885500000,"ft_is_entry":false}]},{"pair":"BTC/USDT","stake_amount":9000,"amount":0.42922549,"open_date":"2022-07-15 14:30:00+00:00","close_date":"2022-07-15 19:30:00+00:00","open_rate":20968.0,"close_rate":21186.11082216443,"fee_open":0.0002,"fee_close":0.0002,"trade_duration":300,"profit_ratio":0.00998213,"profit_abs":89.85716761,"exit_reason":"roi","initial_stop_loss_abs":18871.2,"initial_stop_loss_ratio":-0.1,"stop_loss_abs":18871.2,"stop_loss_ratio":-0.1,"min_rate":20622.0,"max_rate":21197.0,"is_open":false,"enter_tag":null,"is_short":false,"open_timestamp":1657895400000,"close_timestamp":1657913400000,"orders":[{"amount":0.42922549,"safe_price":20968.0,"ft_order_side":"buy","order_filled_timestamp":1657895400000,"ft_is_entry":true},{"amount":0.42922549,"safe_price":21186.11082216443,"ft_order_side":"sell","order_filled_timestamp":1657913400000,"ft_is_entry":false}]},{"pair":"BTC/USDT","stake_amount":9000,"amount":0.43721581,"open_date":"2022-07-16 06:00:00+00:00","close_date":"2022-07-16 18:00:00+00:00","open_rate":20584.8,"close_rate":21240.0,"fee_open":0.0002,"fee_close":0.0002,"trade_duration":720,"profit_ratio":-0.03215418,"profit_abs":-289.32975816,"exit_reason":"exit_signal","initial_stop_loss_abs":22643.280000000002,"initial_stop_loss_ratio":-0.1,"stop_loss_abs":22643.280000000002,"stop_loss_ratio":-0.1,"min_rate":20471.0,"max_rate":21580.0,"is_open":false,"enter_tag":null,"is_short":true,"open_timestamp":1657951200000,"close_timestamp":1657994400000,"orders":[{"amount":0.43721581,"safe_price":20584.8,"ft_order_side":"sell","order_filled_timestamp":1657951200000,"ft_is_entry":true},{"amount":0.43721581,"safe_price":21240.0,"ft_order_side":"buy","order_filled_timestamp":1657994400000,"ft_is_entry":false}]},{"pair":"BTC/USDT","stake_amount":9000,"amount":0.42294624,"open_date":"2022-07-16 18:30:00+00:00","close_date":"2022-07-16 20:00:00+00:00","open_rate":21279.3,"close_rate":21058.03953209358,"fee_open":0.0002,"fee_close":0.0002,"trade_duration":90,"profit_ratio":0.010002,"profit_abs":89.99999925,"exit_reason":"roi","initial_stop_loss_abs":23407.23,"initial_stop_loss_ratio":-0.1,"stop_loss_abs":23407.23,"stop_loss_ratio":-0.1,"min_rate":21037.5,"max_rate":21382.8,"is_open":false,"enter_tag":null,"is_short":true,"open_timestamp":1657996200000,"close_timestamp":1658001600000,"orders":[{"amount":0.42294624,"safe_price":21279.3,"ft_order_side":"sell","order_filled_timestamp":1657996200000,"ft_is_entry":true},{"amount":0.42294624,"safe_price":21058.03953209358,"ft_order_side":"buy","order_filled_timestamp":1658001600000,"ft_is_entry":false}]},{"pair":"BTC/USDT","stake_amount":9000,"amount":0.42277538,"open_date":"2022-07-16 21:45:00+00:00","close_date":"2022-07-17 06:45:00+00:00","open_rate":21287.9,"close_rate":21509.33844768954,"fee_open":0.0002,"fee_close":0.0002,"trade_duration":540,"profit_ratio":0.00991803,"profit_abs":89.28012451,"exit_reason":"roi","initial_stop_loss_abs":19159.11,"initial_stop_loss_ratio":-0.1,"stop_loss_abs":19159.11,"stop_loss_ratio":-0.1,"min_rate":21071.7,"max_rate":21600.0,"is_open":false,"enter_tag":null,"is_short":false,"open_timestamp":1658007900000,"close_timestamp":1658040300000,"orders":[{"amount":0.42277538,"safe_price":21287.9,"ft_order_side":"buy","order_filled_timestamp":1658007900000,"ft_is_entry":true},{"amount":0.42277538,"safe_price":21509.33844768954,"ft_order_side":"sell","order_filled_timestamp":1658040300000,"ft_is_entry":false}]},{"pair":"BTC/USDT","stake_amount":9000,"amount":0.41946113,"open_date":"2022-07-17 08:15:00+00:00","close_date":"2022-07-17 10:15:00+00:00","open_rate":21456.1,"close_rate":21233.001179764047,"fee_open":0.0002,"fee_close":0.0002,"trade_duration":120,"profit_ratio":0.010002,"profit_abs":89.99999951,"exit_reason":"roi","initial_stop_loss_abs":23601.71,"initial_stop_loss_ratio":-0.1,"stop_loss_abs":23601.71,"stop_loss_ratio":-0.1,"min_rate":21210.1,"max_rate":21545.7,"is_open":false,"enter_tag":null,"is_short":true,"open_timestamp":1658045700000,"close_timestamp":1658052900000,"orders":[{"amount":0.41946113,"safe_price":21456.1,"ft_order_side":"sell","order_filled_timestamp":1658045700000,"ft_is_entry":true},{"amount":0.41946113,"safe_price":21233.001179764047,"ft_order_side":"buy","order_filled_timestamp":1658052900000,"ft_is_entry":false}]},{"pair":"BTC/USDT","stake_amount":9000,"amount":0.41956673,"open_date":"2022-07-17 12:00:00+00:00","close_date":"2022-07-18 02:30:00+00:00","open_rate":21450.7,"close_rate":21012.4,"fee_open":0.0002,"fee_close":0.0002,"trade_duration":870,"profit_ratio":-0.02100745,"profit_abs":-189.10489713,"exit_reason":"exit_signal","initial_stop_loss_abs":19305.63,"initial_stop_loss_ratio":-0.1,"stop_loss_abs":19305.63,"stop_loss_ratio":-0.1,"min_rate":20742.0,"max_rate":21495.0,"is_open":false,"enter_tag":null,"is_short":false,"open_timestamp":1658059200000,"close_timestamp":1658111400000,"orders":[{"amount":0.41956673,"safe_price":21450.7,"ft_order_side":"buy","order_filled_timestamp":1658059200000,"ft_is_entry":true},{"amount":0.41956673,"safe_price":21012.4,"ft_order_side":"sell","order_filled_timestamp":1658111400000,"ft_is_entry":false}]},{"pair":"BTC/USDT","stake_amount":9000,"amount":0.40389353,"open_date":"2022-07-18 09:00:00+00:00","close_date":"2022-07-18 11:45:00+00:00","open_rate":22283.1,"close_rate":22051.402099580086,"fee_open":0.0002,"fee_close":0.0002,"trade_duration":165,"profit_ratio":0.010002,"profit_abs":89.99999918,"exit_reason":"roi","initial_stop_loss_abs":24511.41,"initial_stop_loss_ratio":-0.1,"stop_loss_abs":24511.41,"stop_loss_ratio":-0.1,"min_rate":21972.0,"max_rate":22395.1,"is_open":false,"enter_tag":null,"is_short":true,"open_timestamp":1658134800000,"close_timestamp":1658144700000,"orders":[{"amount":0.40389353,"safe_price":22283.1,"ft_order_side":"sell","order_filled_timestamp":1658134800000,"ft_is_entry":true},{"amount":0.40389353,"safe_price":22051.402099580086,"ft_order_side":"buy","order_filled_timestamp":1658144700000,"ft_is_entry":false}]},{"pair":"BTC/USDT","stake_amount":9000,"amount":0.40527032,"open_date":"2022-07-18 15:15:00+00:00","close_date":"2022-07-18 15:45:00+00:00","open_rate":22207.4,"close_rate":22660.521584316866,"fee_open":0.0002,"fee_close":0.0002,"trade_duration":30,"profit_ratio":0.019996,"profit_abs":180.00000209,"exit_reason":"roi","initial_stop_loss_abs":19986.660000000003,"initial_stop_loss_ratio":-0.1,"stop_loss_abs":19986.660000000003,"stop_loss_ratio":-0.1,"min_rate":22151.0,"max_rate":22800.0,"is_open":false,"enter_tag":null,"is_short":false,"open_timestamp":1658157300000,"close_timestamp":1658159100000,"orders":[{"amount":0.40527032,"safe_price":22207.4,"ft_order_side":"buy","order_filled_timestamp":1658157300000,"ft_is_entry":true},{"amount":0.40527032,"safe_price":22660.521584316866,"ft_order_side":"sell","order_filled_timestamp":1658159100000,"ft_is_entry":false}]},{"pair":"BTC/USDT","stake_amount":9000,"amount":0.40550039,"open_date":"2022-07-18 17:00:00+00:00","close_date":"2022-07-18 18:00:00+00:00","open_rate":22194.8,"close_rate":21874.4,"fee_open":0.0002,"fee_close":0.0002,"trade_duration":60,"profit_ratio":0.01404151,"profit_abs":126.3483094,"exit_reason":"roi","initial_stop_loss_abs":24414.280000000002,"initial_stop_loss_ratio":-0.1,"stop_loss_abs":24414.280000000002,"stop_loss_ratio":-0.1,"min_rate":21806.0,"max_rate":22216.2,"is_open":false,"enter_tag":null,"is_short":true,"open_timestamp":1658163600000,"close_timestamp":1658167200000,"orders":[{"amount":0.40550039,"safe_price":22194.8,"ft_order_side":"sell","order_filled_timestamp":1658163600000,"ft_is_entry":true},{"amount":0.40550039,"safe_price":21874.4,"ft_order_side":"buy","order_filled_timestamp":1658167200000,"ft_is_entry":false}]},{"pair":"BTC/USDT","stake_amount":9000,"amount":0.40694152,"open_date":"2022-07-19 01:45:00+00:00","close_date":"2022-07-19 03:45:00+00:00","open_rate":22116.2,"close_rate":21886.2375124975,"fee_open":0.0002,"fee_close":0.0002,"trade_duration":120,"profit_ratio":0.010002,"profit_abs":90.00000045,"exit_reason":"roi","initial_stop_loss_abs":24327.820000000003,"initial_stop_loss_ratio":-0.1,"stop_loss_abs":24327.820000000003,"stop_loss_ratio":-0.1,"min_rate":21800.0,"max_rate":22262.5,"is_open":false,"enter_tag":null,"is_short":true,"open_timestamp":1658195100000,"close_timestamp":1658202300000,"orders":[{"amount":0.40694152,"safe_price":22116.2,"ft_order_side":"sell","order_filled_timestamp":1658195100000,"ft_is_entry":true},{"amount":0.40694152,"safe_price":21886.2375124975,"ft_order_side":"buy","order_filled_timestamp":1658202300000,"ft_is_entry":false}]},{"pair":"BTC/USDT","stake_amount":9000,"amount":0.4075847,"open_date":"2022-07-19 05:45:00+00:00","close_date":"2022-07-19 10:45:00+00:00","open_rate":22081.3,"close_rate":22040.6,"fee_open":0.0002,"fee_close":0.0002,"trade_duration":300,"profit_ratio":-0.0023409,"profit_abs":-21.07232055,"exit_reason":"exit_signal","initial_stop_loss_abs":19873.17,"initial_stop_loss_ratio":-0.1,"stop_loss_abs":19873.17,"stop_loss_ratio":-0.1,"min_rate":21575.0,"max_rate":22124.6,"is_open":false,"enter_tag":null,"is_short":false,"open_timestamp":1658209500000,"close_timestamp":1658227500000,"orders":[{"amount":0.4075847,"safe_price":22081.3,"ft_order_side":"buy","order_filled_timestamp":1658209500000,"ft_is_entry":true},{"amount":0.4075847,"safe_price":22040.6,"ft_order_side":"sell","order_filled_timestamp":1658227500000,"ft_is_entry":false}]},{"pair":"BTC/USDT","stake_amount":9000,"amount":0.3856669,"open_date":"2022-07-19 18:45:00+00:00","close_date":"2022-07-19 20:15:00+00:00","open_rate":23336.2,"close_rate":23268.4,"fee_open":0.0002,"fee_close":0.0002,"trade_duration":90,"profit_ratio":0.00250644,"profit_abs":22.5534455,"exit_reason":"exit_signal","initial_stop_loss_abs":25669.820000000003,"initial_stop_loss_ratio":-0.1,"stop_loss_abs":25669.820000000003,"stop_loss_ratio":-0.1,"min_rate":23146.5,"max_rate":23739.0,"is_open":false,"enter_tag":null,"is_short":true,"open_timestamp":1658256300000,"close_timestamp":1658261700000,"orders":[{"amount":0.3856669,"safe_price":23336.2,"ft_order_side":"sell","order_filled_timestamp":1658256300000,"ft_is_entry":true},{"amount":0.3856669,"safe_price":23268.4,"ft_order_side":"buy","order_filled_timestamp":1658261700000,"ft_is_entry":false}]},{"pair":"BTC/USDT","stake_amount":9000,"amount":0.38074287,"open_date":"2022-07-19 22:00:00+00:00","close_date":"2022-07-20 02:30:00+00:00","open_rate":23638.0,"close_rate":23361.7,"fee_open":0.0002,"fee_close":0.0002,"trade_duration":270,"profit_ratio":-0.01218297,"profit_abs":-109.66861658,"exit_reason":"exit_signal","initial_stop_loss_abs":21274.2,"initial_stop_loss_ratio":-0.1,"stop_loss_abs":21274.2,"stop_loss_ratio":-0.1,"min_rate":22922.0,"max_rate":23650.2,"is_open":false,"enter_tag":null,"is_short":false,"open_timestamp":1658268000000,"close_timestamp":1658284200000,"orders":[{"amount":0.38074287,"safe_price":23638.0,"ft_order_side":"buy","order_filled_timestamp":1658268000000,"ft_is_entry":true},{"amount":0.38074287,"safe_price":23361.7,"ft_order_side":"sell","order_filled_timestamp":1658284200000,"ft_is_entry":false}]},{"pair":"BTC/USDT","stake_amount":9000,"amount":0.3858554,"open_date":"2022-07-20 05:15:00+00:00","close_date":"2022-07-20 07:45:00+00:00","open_rate":23324.8,"close_rate":23476.8,"fee_open":0.0002,"fee_close":0.0002,"trade_duration":150,"profit_ratio":-0.00691936,"profit_abs":-62.26175082,"exit_reason":"exit_signal","initial_stop_loss_abs":25657.280000000002,"initial_stop_loss_ratio":-0.1,"stop_loss_abs":25657.280000000002,"stop_loss_ratio":-0.1,"min_rate":23305.5,"max_rate":23861.0,"is_open":false,"enter_tag":null,"is_short":true,"open_timestamp":1658294100000,"close_timestamp":1658303100000,"orders":[{"amount":0.3858554,"safe_price":23324.8,"ft_order_side":"sell","order_filled_timestamp":1658294100000,"ft_is_entry":true},{"amount":0.3858554,"safe_price":23476.8,"ft_order_side":"buy","order_filled_timestamp":1658303100000,"ft_is_entry":false}]},{"pair":"BTC/USDT","stake_amount":9000,"amount":0.3849938,"open_date":"2022-07-20 08:00:00+00:00","close_date":"2022-07-20 20:00:00+00:00","open_rate":23377.0,"close_rate":23133.927814437113,"fee_open":0.0002,"fee_close":0.0002,"trade_duration":720,"profit_ratio":0.01018591,"profit_abs":91.65488921,"exit_reason":"roi","initial_stop_loss_abs":25714.7,"initial_stop_loss_ratio":-0.1,"stop_loss_abs":25714.7,"stop_loss_ratio":-0.1,"min_rate":23076.0,"max_rate":24277.0,"is_open":false,"enter_tag":null,"is_short":true,"open_timestamp":1658304000000,"close_timestamp":1658347200000,"orders":[{"amount":0.3849938,"safe_price":23377.0,"ft_order_side":"sell","order_filled_timestamp":1658304000000,"ft_is_entry":true},{"amount":0.3849938,"safe_price":23133.927814437113,"ft_order_side":"buy","order_filled_timestamp":1658347200000,"ft_is_entry":false}]},{"pair":"BTC/USDT","stake_amount":9000,"amount":0.38038884,"open_date":"2022-07-20 21:45:00+00:00","close_date":"2022-07-20 22:00:00+00:00","open_rate":23660.0,"close_rate":23601.8,"fee_open":0.0002,"fee_close":0.0002,"trade_duration":15,"profit_ratio":-0.00285878,"profit_abs":-25.73420274,"exit_reason":"exit_signal","initial_stop_loss_abs":21294.0,"initial_stop_loss_ratio":-0.1,"stop_loss_abs":21294.0,"stop_loss_ratio":-0.1,"min_rate":23472.6,"max_rate":23799.0,"is_open":false,"enter_tag":null,"is_short":false,"open_timestamp":1658353500000,"close_timestamp":1658354400000,"orders":[{"amount":0.38038884,"safe_price":23660.0,"ft_order_side":"buy","order_filled_timestamp":1658353500000,"ft_is_entry":true},{"amount":0.38038884,"safe_price":23601.8,"ft_order_side":"sell","order_filled_timestamp":1658354400000,"ft_is_entry":false}]},{"pair":"BTC/USDT","stake_amount":9000,"amount":0.38749844,"open_date":"2022-07-20 23:15:00+00:00","close_date":"2022-07-21 02:45:00+00:00","open_rate":23225.9,"close_rate":22984.398940211962,"fee_open":0.0002,"fee_close":0.0002,"trade_duration":210,"profit_ratio":0.010102,"profit_abs":90.89982968,"exit_reason":"roi","initial_stop_loss_abs":25548.490000000005,"initial_stop_loss_ratio":-0.1,"stop_loss_abs":25548.490000000005,"stop_loss_ratio":-0.1,"min_rate":22684.0,"max_rate":23441.1,"is_open":false,"enter_tag":null,"is_short":true,"open_timestamp":1658358900000,"close_timestamp":1658371500000,"orders":[{"amount":0.38749844,"safe_price":23225.9,"ft_order_side":"sell","order_filled_timestamp":1658358900000,"ft_is_entry":true},{"amount":0.38749844,"safe_price":22984.398940211962,"ft_order_side":"buy","order_filled_timestamp":1658371500000,"ft_is_entry":false}]},{"pair":"BTC/USDT","stake_amount":9000,"amount":0.39343574,"open_date":"2022-07-21 05:00:00+00:00","close_date":"2022-07-21 07:15:00+00:00","open_rate":22875.4,"close_rate":22904.2,"fee_open":0.0002,"fee_close":0.0002,"trade_duration":135,"profit_ratio":0.00085857,"profit_abs":7.72868315,"exit_reason":"exit_signal","initial_stop_loss_abs":20587.86,"initial_stop_loss_ratio":-0.1,"stop_loss_abs":20587.86,"stop_loss_ratio":-0.1,"min_rate":22750.0,"max_rate":23088.0,"is_open":false,"enter_tag":null,"is_short":false,"open_timestamp":1658379600000,"close_timestamp":1658387700000,"orders":[{"amount":0.39343574,"safe_price":22875.4,"ft_order_side":"buy","order_filled_timestamp":1658379600000,"ft_is_entry":true},{"amount":0.39343574,"safe_price":22904.2,"ft_order_side":"sell","order_filled_timestamp":1658387700000,"ft_is_entry":false}]},{"pair":"BTC/USDT","stake_amount":9000,"amount":0.39428031,"open_date":"2022-07-21 08:45:00+00:00","close_date":"2022-07-21 11:15:00+00:00","open_rate":22826.4,"close_rate":22697.4,"fee_open":0.0002,"fee_close":0.0002,"trade_duration":150,"profit_ratio":0.00525353,"profit_abs":47.27233239,"exit_reason":"exit_signal","initial_stop_loss_abs":25109.040000000005,"initial_stop_loss_ratio":-0.1,"stop_loss_abs":25109.040000000005,"stop_loss_ratio":-0.1,"min_rate":22444.0,"max_rate":23069.0,"is_open":false,"enter_tag":null,"is_short":true,"open_timestamp":1658393100000,"close_timestamp":1658402100000,"orders":[{"amount":0.39428031,"safe_price":22826.4,"ft_order_side":"sell","order_filled_timestamp":1658393100000,"ft_is_entry":true},{"amount":0.39428031,"safe_price":22697.4,"ft_order_side":"buy","order_filled_timestamp":1658402100000,"ft_is_entry":false}]},{"pair":"BTC/USDT","stake_amount":9000,"amount":0.3948598,"open_date":"2022-07-21 13:00:00+00:00","close_date":"2022-07-21 16:15:00+00:00","open_rate":22792.9,"close_rate":22902.5,"fee_open":0.0002,"fee_close":0.0002,"trade_duration":195,"profit_ratio":0.00430739,"profit_abs":38.77426495,"exit_reason":"exit_signal","initial_stop_loss_abs":20513.61,"initial_stop_loss_ratio":-0.1,"stop_loss_abs":20513.61,"stop_loss_ratio":-0.1,"min_rate":22340.2,"max_rate":23087.0,"is_open":false,"enter_tag":null,"is_short":false,"open_timestamp":1658408400000,"close_timestamp":1658420100000,"orders":[{"amount":0.3948598,"safe_price":22792.9,"ft_order_side":"buy","order_filled_timestamp":1658408400000,"ft_is_entry":true},{"amount":0.3948598,"safe_price":22902.5,"ft_order_side":"sell","order_filled_timestamp":1658420100000,"ft_is_entry":false}]},{"pair":"BTC/USDT","stake_amount":9000,"amount":0.39417324,"open_date":"2022-07-21 18:45:00+00:00","close_date":"2022-07-21 22:15:00+00:00","open_rate":22832.6,"close_rate":23047.4,"fee_open":0.0002,"fee_close":0.0002,"trade_duration":210,"profit_ratio":-0.00981145,"profit_abs":-88.2853456,"exit_reason":"exit_signal","initial_stop_loss_abs":25115.86,"initial_stop_loss_ratio":-0.1,"stop_loss_abs":25115.86,"stop_loss_ratio":-0.1,"min_rate":22828.4,"max_rate":23295.5,"is_open":false,"enter_tag":null,"is_short":true,"open_timestamp":1658429100000,"close_timestamp":1658441700000,"orders":[{"amount":0.39417324,"safe_price":22832.6,"ft_order_side":"sell","order_filled_timestamp":1658429100000,"ft_is_entry":true},{"amount":0.39417324,"safe_price":23047.4,"ft_order_side":"buy","order_filled_timestamp":1658441700000,"ft_is_entry":false}]},{"pair":"BTC/USDT","stake_amount":9000,"amount":0.38836962,"open_date":"2022-07-22 00:15:00+00:00","close_date":"2022-07-22 00:30:00+00:00","open_rate":23173.8,"close_rate":23221.2,"fee_open":0.0002,"fee_close":0.0002,"trade_duration":15,"profit_ratio":0.00164468,"profit_abs":14.80503828,"exit_reason":"exit_signal","initial_stop_loss_abs":20856.42,"initial_stop_loss_ratio":-0.1,"stop_loss_abs":20856.42,"stop_loss_ratio":-0.1,"min_rate":23144.8,"max_rate":23342.2,"is_open":false,"enter_tag":null,"is_short":false,"open_timestamp":1658448900000,"close_timestamp":1658449800000,"orders":[{"amount":0.38836962,"safe_price":23173.8,"ft_order_side":"buy","order_filled_timestamp":1658448900000,"ft_is_entry":true},{"amount":0.38836962,"safe_price":23221.2,"ft_order_side":"sell","order_filled_timestamp":1658449800000,"ft_is_entry":false}]},{"pair":"BTC/USDT","stake_amount":9000,"amount":0.38931882,"open_date":"2022-07-22 01:45:00+00:00","close_date":"2022-07-22 02:15:00+00:00","open_rate":23117.3,"close_rate":22994.7,"fee_open":0.0002,"fee_close":0.0002,"trade_duration":30,"profit_ratio":0.00490543,"profit_abs":44.14003345,"exit_reason":"exit_signal","initial_stop_loss_abs":25429.030000000002,"initial_stop_loss_ratio":-0.1,"stop_loss_abs":25429.030000000002,"stop_loss_ratio":-0.1,"min_rate":22979.1,"max_rate":23130.0,"is_open":false,"enter_tag":null,"is_short":true,"open_timestamp":1658454300000,"close_timestamp":1658456100000,"orders":[{"amount":0.38931882,"safe_price":23117.3,"ft_order_side":"sell","order_filled_timestamp":1658454300000,"ft_is_entry":true},{"amount":0.38931882,"safe_price":22994.7,"ft_order_side":"buy","order_filled_timestamp":1658456100000,"ft_is_entry":false}]},{"pair":"BTC/USDT","stake_amount":9000,"amount":0.39220984,"open_date":"2022-07-22 05:15:00+00:00","close_date":"2022-07-22 05:45:00+00:00","open_rate":22946.9,"close_rate":23082.5,"fee_open":0.0002,"fee_close":0.0002,"trade_duration":30,"profit_ratio":0.00550701,"profit_abs":49.57301758,"exit_reason":"exit_signal","initial_stop_loss_abs":20652.210000000003,"initial_stop_loss_ratio":-0.1,"stop_loss_abs":20652.210000000003,"stop_loss_ratio":-0.1,"min_rate":22934.1,"max_rate":23165.2,"is_open":false,"enter_tag":null,"is_short":false,"open_timestamp":1658466900000,"close_timestamp":1658468700000,"orders":[{"amount":0.39220984,"safe_price":22946.9,"ft_order_side":"buy","order_filled_timestamp":1658466900000,"ft_is_entry":true},{"amount":0.39220984,"safe_price":23082.5,"ft_order_side":"sell","order_filled_timestamp":1658468700000,"ft_is_entry":false}]},{"pair":"BTC/USDT","stake_amount":9000,"amount":0.39605703,"open_date":"2022-07-22 21:45:00+00:00","close_date":"2022-07-22 23:45:00+00:00","open_rate":22724.0,"close_rate":22670.3,"fee_open":0.0002,"fee_close":0.0002,"trade_duration":120,"profit_ratio":-0.00276212,"profit_abs":-24.86400884,"exit_reason":"exit_signal","initial_stop_loss_abs":20451.600000000002,"initial_stop_loss_ratio":-0.1,"stop_loss_abs":20451.600000000002,"stop_loss_ratio":-0.1,"min_rate":22626.0,"max_rate":22770.0,"is_open":false,"enter_tag":null,"is_short":false,"open_timestamp":1658526300000,"close_timestamp":1658533500000,"orders":[{"amount":0.39605703,"safe_price":22724.0,"ft_order_side":"buy","order_filled_timestamp":1658526300000,"ft_is_entry":true},{"amount":0.39605703,"safe_price":22670.3,"ft_order_side":"sell","order_filled_timestamp":1658533500000,"ft_is_entry":false}]},{"pair":"BTC/USDT","stake_amount":9000,"amount":0.39372146,"open_date":"2022-07-23 06:30:00+00:00","close_date":"2022-07-23 06:45:00+00:00","open_rate":22858.8,"close_rate":22845.9,"fee_open":0.0002,"fee_close":0.0002,"trade_duration":15,"profit_ratio":0.00016448,"profit_abs":1.48002259,"exit_reason":"exit_signal","initial_stop_loss_abs":25144.68,"initial_stop_loss_ratio":-0.1,"stop_loss_abs":25144.68,"stop_loss_ratio":-0.1,"min_rate":22796.7,"max_rate":22924.3,"is_open":false,"enter_tag":null,"is_short":true,"open_timestamp":1658557800000,"close_timestamp":1658558700000,"orders":[{"amount":0.39372146,"safe_price":22858.8,"ft_order_side":"sell","order_filled_timestamp":1658557800000,"ft_is_entry":true},{"amount":0.39372146,"safe_price":22845.9,"ft_order_side":"buy","order_filled_timestamp":1658558700000,"ft_is_entry":false}]},{"pair":"BTC/USDT","stake_amount":9000,"amount":0.40344452,"open_date":"2022-07-23 13:30:00+00:00","close_date":"2022-07-23 19:45:00+00:00","open_rate":22307.9,"close_rate":22227.5,"fee_open":0.0002,"fee_close":0.0002,"trade_duration":375,"profit_ratio":-0.00410212,"profit_abs":-36.92649827,"exit_reason":"exit_signal","initial_stop_loss_abs":20077.11,"initial_stop_loss_ratio":-0.1,"stop_loss_abs":20077.11,"stop_loss_ratio":-0.1,"min_rate":21933.5,"max_rate":22381.0,"is_open":false,"enter_tag":null,"is_short":false,"open_timestamp":1658583000000,"close_timestamp":1658605500000,"orders":[{"amount":0.40344452,"safe_price":22307.9,"ft_order_side":"buy","order_filled_timestamp":1658583000000,"ft_is_entry":true},{"amount":0.40344452,"safe_price":22227.5,"ft_order_side":"sell","order_filled_timestamp":1658605500000,"ft_is_entry":false}]},{"pair":"BTC/USDT","stake_amount":9000,"amount":0.39894324,"open_date":"2022-07-24 05:15:00+00:00","close_date":"2022-07-24 07:00:00+00:00","open_rate":22559.6,"close_rate":22794.26677335467,"fee_open":0.0002,"fee_close":0.0002,"trade_duration":105,"profit_ratio":0.009998,"profit_abs":89.99999917,"exit_reason":"roi","initial_stop_loss_abs":20303.64,"initial_stop_loss_ratio":-0.1,"stop_loss_abs":20303.64,"stop_loss_ratio":-0.1,"min_rate":22552.6,"max_rate":22828.8,"is_open":false,"enter_tag":null,"is_short":false,"open_timestamp":1658639700000,"close_timestamp":1658646000000,"orders":[{"amount":0.39894324,"safe_price":22559.6,"ft_order_side":"buy","order_filled_timestamp":1658639700000,"ft_is_entry":true},{"amount":0.39894324,"safe_price":22794.26677335467,"ft_order_side":"sell","order_filled_timestamp":1658646000000,"ft_is_entry":false}]},{"pair":"BTC/USDT","stake_amount":9000,"amount":0.39587411,"open_date":"2022-07-24 11:30:00+00:00","close_date":"2022-07-24 22:15:00+00:00","open_rate":22734.5,"close_rate":22843.9,"fee_open":0.0002,"fee_close":0.0002,"trade_duration":645,"profit_ratio":0.00432694,"profit_abs":38.95023087,"exit_reason":"exit_signal","initial_stop_loss_abs":20461.05,"initial_stop_loss_ratio":-0.1,"stop_loss_abs":20461.05,"stop_loss_ratio":-0.1,"min_rate":22428.1,"max_rate":22935.0,"is_open":false,"enter_tag":null,"is_short":false,"open_timestamp":1658662200000,"close_timestamp":1658700900000,"orders":[{"amount":0.39587411,"safe_price":22734.5,"ft_order_side":"buy","order_filled_timestamp":1658662200000,"ft_is_entry":true},{"amount":0.39587411,"safe_price":22843.9,"ft_order_side":"sell","order_filled_timestamp":1658700900000,"ft_is_entry":false}]},{"pair":"BTC/USDT","stake_amount":9000,"amount":0.39679216,"open_date":"2022-07-24 23:15:00+00:00","close_date":"2022-07-25 00:15:00+00:00","open_rate":22681.9,"close_rate":22446.055408918222,"fee_open":0.0002,"fee_close":0.0002,"trade_duration":60,"profit_ratio":0.01010153,"profit_abs":90.89558465,"exit_reason":"roi","initial_stop_loss_abs":24950.090000000004,"initial_stop_loss_ratio":-0.1,"stop_loss_abs":24950.090000000004,"stop_loss_ratio":-0.1,"min_rate":22356.0,"max_rate":22750.0,"is_open":false,"enter_tag":null,"is_short":true,"open_timestamp":1658704500000,"close_timestamp":1658708100000,"orders":[{"amount":0.39679216,"safe_price":22681.9,"ft_order_side":"sell","order_filled_timestamp":1658704500000,"ft_is_entry":true},{"amount":0.39679216,"safe_price":22446.055408918222,"ft_order_side":"buy","order_filled_timestamp":1658708100000,"ft_is_entry":false}]},{"pair":"BTC/USDT","stake_amount":9000,"amount":0.41129132,"open_date":"2022-07-25 15:45:00+00:00","close_date":"2022-07-25 20:00:00+00:00","open_rate":21882.3,"close_rate":22109.921444288855,"fee_open":0.0002,"fee_close":0.0002,"trade_duration":255,"profit_ratio":0.00997481,"profit_abs":89.79127049,"exit_reason":"roi","initial_stop_loss_abs":19694.07,"initial_stop_loss_ratio":-0.1,"stop_loss_abs":19694.07,"stop_loss_ratio":-0.1,"min_rate":21544.5,"max_rate":22209.8,"is_open":false,"enter_tag":null,"is_short":false,"open_timestamp":1658763900000,"close_timestamp":1658779200000,"orders":[{"amount":0.41129132,"safe_price":21882.3,"ft_order_side":"buy","order_filled_timestamp":1658763900000,"ft_is_entry":true},{"amount":0.41129132,"safe_price":22109.921444288855,"ft_order_side":"sell","order_filled_timestamp":1658779200000,"ft_is_entry":false}]},{"pair":"BTC/USDT","stake_amount":9000,"amount":0.41172596,"open_date":"2022-07-25 22:15:00+00:00","close_date":"2022-07-25 22:30:00+00:00","open_rate":21859.2,"close_rate":21617.5,"fee_open":0.0002,"fee_close":0.0002,"trade_duration":15,"profit_ratio":0.01066147,"profit_abs":95.93406732,"exit_reason":"exit_signal","initial_stop_loss_abs":24045.120000000003,"initial_stop_loss_ratio":-0.1,"stop_loss_abs":24045.120000000003,"stop_loss_ratio":-0.1,"min_rate":21501.0,"max_rate":21883.4,"is_open":false,"enter_tag":null,"is_short":true,"open_timestamp":1658787300000,"close_timestamp":1658788200000,"orders":[{"amount":0.41172596,"safe_price":21859.2,"ft_order_side":"sell","order_filled_timestamp":1658787300000,"ft_is_entry":true},{"amount":0.41172596,"safe_price":21617.5,"ft_order_side":"buy","order_filled_timestamp":1658788200000,"ft_is_entry":false}]},{"pair":"BTC/USDT","stake_amount":9000,"amount":0.4274377,"open_date":"2022-07-26 02:30:00+00:00","close_date":"2022-07-26 03:30:00+00:00","open_rate":21055.7,"close_rate":21150.5,"fee_open":0.0002,"fee_close":0.0002,"trade_duration":60,"profit_ratio":0.00410062,"profit_abs":36.91298975,"exit_reason":"exit_signal","initial_stop_loss_abs":18950.13,"initial_stop_loss_ratio":-0.1,"stop_loss_abs":18950.13,"stop_loss_ratio":-0.1,"min_rate":20820.8,"max_rate":21220.0,"is_open":false,"enter_tag":null,"is_short":false,"open_timestamp":1658802600000,"close_timestamp":1658806200000,"orders":[{"amount":0.4274377,"safe_price":21055.7,"ft_order_side":"buy","order_filled_timestamp":1658802600000,"ft_is_entry":true},{"amount":0.4274377,"safe_price":21150.5,"ft_order_side":"sell","order_filled_timestamp":1658806200000,"ft_is_entry":false}]},{"pair":"BTC/USDT","stake_amount":9000,"amount":0.42747831,"open_date":"2022-07-26 08:00:00+00:00","close_date":"2022-07-26 13:15:00+00:00","open_rate":21053.7,"close_rate":20890.7,"fee_open":0.0002,"fee_close":0.0002,"trade_duration":315,"profit_ratio":0.00738167,"profit_abs":66.42176029,"exit_reason":"exit_signal","initial_stop_loss_abs":23159.070000000003,"initial_stop_loss_ratio":-0.1,"stop_loss_abs":23159.070000000003,"stop_loss_ratio":-0.1,"min_rate":20760.0,"max_rate":21181.6,"is_open":false,"enter_tag":null,"is_short":true,"open_timestamp":1658822400000,"close_timestamp":1658841300000,"orders":[{"amount":0.42747831,"safe_price":21053.7,"ft_order_side":"sell","order_filled_timestamp":1658822400000,"ft_is_entry":true},{"amount":0.42747831,"safe_price":20890.7,"ft_order_side":"buy","order_filled_timestamp":1658841300000,"ft_is_entry":false}]},{"pair":"BTC/USDT","stake_amount":9000,"amount":0.43109023,"open_date":"2022-07-26 16:45:00+00:00","close_date":"2022-07-26 17:00:00+00:00","open_rate":20877.3,"close_rate":20925.3,"fee_open":0.0002,"fee_close":0.0002,"trade_duration":15,"profit_ratio":0.00189831,"profit_abs":17.08819255,"exit_reason":"exit_signal","initial_stop_loss_abs":18789.57,"initial_stop_loss_ratio":-0.1,"stop_loss_abs":18789.57,"stop_loss_ratio":-0.1,"min_rate":20866.4,"max_rate":21073.0,"is_open":false,"enter_tag":null,"is_short":false,"open_timestamp":1658853900000,"close_timestamp":1658854800000,"orders":[{"amount":0.43109023,"safe_price":20877.3,"ft_order_side":"buy","order_filled_timestamp":1658853900000,"ft_is_entry":true},{"amount":0.43109023,"safe_price":20925.3,"ft_order_side":"sell","order_filled_timestamp":1658854800000,"ft_is_entry":false}]},{"pair":"BTC/USDT","stake_amount":9000,"amount":0.43128441,"open_date":"2022-07-26 19:45:00+00:00","close_date":"2022-07-26 20:15:00+00:00","open_rate":20867.9,"close_rate":20916.6,"fee_open":0.0002,"fee_close":0.0002,"trade_duration":30,"profit_ratio":-0.00273474,"profit_abs":-24.60775145,"exit_reason":"exit_signal","initial_stop_loss_abs":22954.690000000002,"initial_stop_loss_ratio":-0.1,"stop_loss_abs":22954.690000000002,"stop_loss_ratio":-0.1,"min_rate":20803.6,"max_rate":20982.4,"is_open":false,"enter_tag":null,"is_short":true,"open_timestamp":1658864700000,"close_timestamp":1658866500000,"orders":[{"amount":0.43128441,"safe_price":20867.9,"ft_order_side":"sell","order_filled_timestamp":1658864700000,"ft_is_entry":true},{"amount":0.43128441,"safe_price":20916.6,"ft_order_side":"buy","order_filled_timestamp":1658866500000,"ft_is_entry":false}]},{"pair":"BTC/USDT","stake_amount":9000,"amount":0.42457436,"open_date":"2022-07-27 01:30:00+00:00","close_date":"2022-07-27 02:15:00+00:00","open_rate":21197.7,"close_rate":21116.1,"fee_open":0.0002,"fee_close":0.0002,"trade_duration":45,"profit_ratio":0.00345093,"profit_abs":31.05219687,"exit_reason":"exit_signal","initial_stop_loss_abs":23317.47,"initial_stop_loss_ratio":-0.1,"stop_loss_abs":23317.47,"stop_loss_ratio":-0.1,"min_rate":21082.0,"max_rate":21218.6,"is_open":false,"enter_tag":null,"is_short":true,"open_timestamp":1658885400000,"close_timestamp":1658888100000,"orders":[{"amount":0.42457436,"safe_price":21197.7,"ft_order_side":"sell","order_filled_timestamp":1658885400000,"ft_is_entry":true},{"amount":0.42457436,"safe_price":21116.1,"ft_order_side":"buy","order_filled_timestamp":1658888100000,"ft_is_entry":false}]},{"pair":"BTC/USDT","stake_amount":9000,"amount":0.4210743,"open_date":"2022-07-27 12:45:00+00:00","close_date":"2022-07-27 16:15:00+00:00","open_rate":21373.9,"close_rate":21596.233026605325,"fee_open":0.0002,"fee_close":0.0002,"trade_duration":210,"profit_ratio":0.009998,"profit_abs":89.99999981,"exit_reason":"roi","initial_stop_loss_abs":19236.510000000002,"initial_stop_loss_ratio":-0.1,"stop_loss_abs":19236.510000000002,"stop_loss_ratio":-0.1,"min_rate":21274.2,"max_rate":21699.0,"is_open":false,"enter_tag":null,"is_short":false,"open_timestamp":1658925900000,"close_timestamp":1658938500000,"orders":[{"amount":0.4210743,"safe_price":21373.9,"ft_order_side":"buy","order_filled_timestamp":1658925900000,"ft_is_entry":true},{"amount":0.4210743,"safe_price":21596.233026605325,"ft_order_side":"sell","order_filled_timestamp":1658938500000,"ft_is_entry":false}]}],"locks":[],"best_pair":{"key":"BTC/USDT","trades":79,"profit_mean":0.001910838481012658,"profit_mean_pct":0.1910838481012658,"profit_sum":0.15095624,"profit_sum_pct":15.1,"profit_total_abs":1358.50908517,"profit_total":0.135850908517,"profit_total_pct":13.59,"duration_avg":"3:39:00","wins":55,"draws":0,"losses":24},"worst_pair":{"key":"BTC/USDT","trades":79,"profit_mean":0.001910838481012658,"profit_mean_pct":0.1910838481012658,"profit_sum":0.15095624,"profit_sum_pct":15.1,"profit_total_abs":1358.50908517,"profit_total":0.135850908517,"profit_total_pct":13.59,"duration_avg":"3:39:00","wins":55,"draws":0,"losses":24},"results_per_pair":[{"key":"BTC/USDT","trades":79,"profit_mean":0.001910838481012658,"profit_mean_pct":0.1910838481012658,"profit_sum":0.15095624,"profit_sum_pct":15.1,"profit_total_abs":1358.50908517,"profit_total":0.135850908517,"profit_total_pct":13.59,"duration_avg":"3:39:00","wins":55,"draws":0,"losses":24},{"key":"TOTAL","trades":79,"profit_mean":0.001910838481012658,"profit_mean_pct":0.1910838481012658,"profit_sum":0.15095624,"profit_sum_pct":15.1,"profit_total_abs":1358.50908517,"profit_total":0.135850908517,"profit_total_pct":13.59,"duration_avg":"3:39:00","wins":55,"draws":0,"losses":24}],"results_per_enter_tag":[{"key":"TOTAL","trades":79,"profit_mean":0.001910838481012658,"profit_mean_pct":0.1910838481012658,"profit_sum":0.15095624,"profit_sum_pct":15.1,"profit_total_abs":1358.50908517,"profit_total":0.135850908517,"profit_total_pct":13.59,"duration_avg":"3:39:00","wins":55,"draws":0,"losses":24}],"exit_reason_summary":[{"exit_reason":"exit_signal","trades":52,"wins":28,"draws":0,"losses":24,"profit_mean":-0.0025743080769230773,"profit_mean_pct":-0.26,"profit_sum":-0.13386402000000003,"profit_sum_pct":-13.39,"profit_total_abs":-1204.75631229,"profit_total":-0.13386402000000003,"profit_total_pct":-13.39},{"exit_reason":"roi","trades":27,"wins":27,"draws":0,"losses":0,"profit_mean":0.010548898518518519,"profit_mean_pct":1.05,"profit_sum":0.28482026,"profit_sum_pct":28.48,"profit_total_abs":2563.26539746,"profit_total":0.28482026,"profit_total_pct":28.48}],"left_open_trades":[{"key":"TOTAL","trades":0,"profit_mean":0.0,"profit_mean_pct":0.0,"profit_sum":0.0,"profit_sum_pct":0.0,"profit_total_abs":0.0,"profit_total":0.0,"profit_total_pct":0.0,"duration_avg":"0:00","wins":0,"draws":0,"losses":0}],"total_trades":79,"trade_count_long":38,"trade_count_short":41,"total_volume":711000.0,"avg_stake_amount":9000.0,"profit_mean":0.001910838481012658,"profit_median":0.00410062,"profit_total":0.135850908517,"profit_total_long":0.043654069043999995,"profit_total_short":0.092196839473,"profit_total_abs":1358.50908517,"profit_total_long_abs":436.54069043999993,"profit_total_short_abs":921.96839473,"cagr":4.9789698002679685,"profit_factor":1.6434321648037016,"backtest_start":"2022-07-01 07:30:00","backtest_start_ts":1656660600000,"backtest_end":"2022-07-27 20:30:00","backtest_end_ts":1658953800000,"backtest_days":26,"backtest_run_start_ts":1658962987,"backtest_run_end_ts":1658962998,"trades_per_day":3.04,"market_change":0.15417047184170476,"pairlist":["BTC/USDT"],"stake_amount":9000,"stake_currency":"USDT","stake_currency_decimals":3,"starting_balance":10000,"dry_run_wallet":10000,"final_balance":11358.50908517,"rejected_signals":0,"timedout_entry_orders":0,"timedout_exit_orders":0,"canceled_trade_entries":0,"canceled_entry_orders":0,"replaced_entry_orders":0,"max_open_trades":1,"max_open_trades_setting":10,"timeframe":"15m","timeframe_detail":"","timerange":"","enable_protections":false,"strategy_name":"CoralTrendMix","stoploss":-0.1,"trailing_stop":false,"trailing_stop_positive":null,"trailing_stop_positive_offset":0.0,"trailing_only_offset_is_reached":false,"use_custom_stoploss":false,"minimal_roi":{"60":0.01,"30":0.02,"0":0.04},"use_exit_signal":true,"exit_profit_only":false,"exit_profit_offset":0.0,"ignore_roi_if_entry_signal":false,"backtest_best_day":0.030737809999999997,"backtest_worst_day":-0.07133668,"backtest_best_day_abs":276.62092246,"backtest_worst_day_abs":-642.05329577,"winning_days":20,"draw_days":0,"losing_days":7,"daily_profit":[["2022-07-01",44.95221954],["2022-07-02",46.9239856],["2022-07-03",108.14685988],["2022-07-04",134.64042158],["2022-07-05",-642.05329577],["2022-07-06",150.35501584],["2022-07-07",69.87368295],["2022-07-08",53.62163627],["2022-07-09",174.45770245],["2022-07-10",271.45117343],["2022-07-11",47.69825225],["2022-07-12",-21.2630334],["2022-07-13",180.16541502],["2022-07-14",-183.9749784],["2022-07-15",-16.18710487],["2022-07-16",-199.32975891],["2022-07-17",179.28012402],["2022-07-18",207.24341354],["2022-07-19",91.4811254],["2022-07-20",-106.00968093],["2022-07-21",96.38976457],["2022-07-22",83.65408047],["2022-07-23",-35.44647568],["2022-07-24",128.95023004],["2022-07-25",276.62092246],["2022-07-26",95.81519114],["2022-07-27",121.05219668]],"wins":55,"losses":24,"draws":0,"holding_avg":"3:39:00","holding_avg_s":13140.0,"winner_holding_avg":"3:00:00","winner_holding_avg_s":10800.0,"loser_holding_avg":"5:09:00","loser_holding_avg_s":18540.0,"max_drawdown":0.07133668,"max_drawdown_account":0.06212619274952597,"max_relative_drawdown":0.06212619274952597,"max_drawdown_abs":642.05329577,"drawdown_start":"2022-07-04 09:30:00","drawdown_start_ts":1656927000000.0,"drawdown_end":"2022-07-05 14:45:00","drawdown_end_ts":1657032300000.0,"max_drawdown_low":-307.38980917000004,"max_drawdown_high":334.6634866,"csum_min":9692.61019083,"csum_max":11358.50908517}},"strategy_comparison":[{"key":"CoralTrendMix","trades":79,"profit_mean":0.001910838481012658,"profit_mean_pct":0.1910838481012658,"profit_sum":0.15095624,"profit_sum_pct":15.1,"profit_total_abs":1358.50908517,"profit_total":0.135850908517,"profit_total_pct":13.59,"duration_avg":"3:39:00","wins":55,"draws":0,"losses":24,"max_drawdown_account":0.06212619274952597,"max_drawdown_abs":"642.053"}]}