{"strategy":{"CombinedBinHAndCluc":{"trades":[{"pair":"BTC/USDT","stake_amount":100,"amount":0.00524835,"open_date":"2022-07-13 12:40:00+00:00","close_date":"2022-07-13 13:55:00+00:00","open_rate":19053.6,"close_rate":19279.5,"fee_open":0.0002,"fee_close":0.0002,"trade_duration":75,"profit_ratio":0.01145137,"profit_abs":1.14536516,"exit_reason":"exit_signal","initial_stop_loss_abs":17148.239999999998,"initial_stop_loss_ratio":-0.1,"stop_loss_abs":17148.239999999998,"stop_loss_ratio":-0.1,"min_rate":18901.0,"max_rate":19347.6,"is_open":false,"enter_tag":null,"is_short":false,"open_timestamp":1657716000000,"close_timestamp":1657720500000,"orders":[{"amount":0.00524835,"safe_price":19053.6,"ft_order_side":"buy","order_filled_timestamp":1657716000000,"ft_is_entry":true},{"amount":0.00524835,"safe_price":19279.5,"ft_order_side":"sell","order_filled_timestamp":1657720500000,"ft_is_entry":false}]}],"locks":[],"best_pair":{"key":"BTC/USDT","trades":1,"profit_mean":0.01145137,"profit_mean_pct":1.145137,"profit_sum":0.01145137,"profit_sum_pct":1.15,"profit_total_abs":1.14536516,"profit_total":0.0011453651600000002,"profit_total_pct":0.11,"duration_avg":"1:15:00","wins":1,"draws":0,"losses":0},"worst_pair":{"key":"BTC/USDT","trades":1,"profit_mean":0.01145137,"profit_mean_pct":1.145137,"profit_sum":0.01145137,"profit_sum_pct":1.15,"profit_total_abs":1.14536516,"profit_total":0.0011453651600000002,"profit_total_pct":0.11,"duration_avg":"1:15:00","wins":1,"draws":0,"losses":0},"results_per_pair":[{"key":"BTC/USDT","trades":1,"profit_mean":0.01145137,"profit_mean_pct":1.145137,"profit_sum":0.01145137,"profit_sum_pct":1.15,"profit_total_abs":1.14536516,"profit_total":0.0011453651600000002,"profit_total_pct":0.11,"duration_avg":"1:15:00","wins":1,"draws":0,"losses":0},{"key":"TOTAL","trades":1,"profit_mean":0.01145137,"profit_mean_pct":1.145137,"profit_sum":0.01145137,"profit_sum_pct":1.15,"profit_total_abs":1.14536516,"profit_total":0.0011453651600000002,"profit_total_pct":0.11,"duration_avg":"1:15:00","wins":1,"draws":0,"losses":0}],"results_per_enter_tag":[{"key":"TOTAL","trades":1,"profit_mean":0.01145137,"profit_mean_pct":1.145137,"profit_sum":0.01145137,"profit_sum_pct":1.15,"profit_total_abs":1.14536516,"profit_total":0.0011453651600000002,"profit_total_pct":0.11,"duration_avg":"1:15:00","wins":1,"draws":0,"losses":0}],"exit_reason_summary":[{"exit_reason":"exit_signal","trades":1,"wins":1,"draws":0,"losses":0,"profit_mean":0.01145137,"profit_mean_pct":1.15,"profit_sum":0.01145137,"profit_sum_pct":1.15,"profit_total_abs":1.14536516,"profit_total":0.01145137,"profit_total_pct":1.15}],"left_open_trades":[{"key":"TOTAL","trades":0,"profit_mean":0.0,"profit_mean_pct":0.0,"profit_sum":0.0,"profit_sum_pct":0.0,"profit_total_abs":0.0,"profit_total":0.0,"profit_total_pct":0.0,"duration_avg":"0:00","wins":0,"draws":0,"losses":0}],"total_trades":1,"trade_count_long":1,"trade_count_short":0,"total_volume":100.0,"avg_stake_amount":100.0,"profit_mean":0.01145137,"profit_median":0.01145137,"profit_total":0.0011453651600000002,"profit_total_long":0.0011453651600000002,"profit_total_short":0.0,"profit_total_abs":1.14536516,"profit_total_long_abs":1.14536516,"profit_total_short_abs":0.0,"cagr":0.018332052022108636,"profit_factor":0.0,"backtest_start":"2022-07-01 00:00:00","backtest_start_ts":1656633600000,"backtest_end":"2022-07-24 00:00:00","backtest_end_ts":1658620800000,"backtest_days":23,"backtest_run_start_ts":1658708763,"backtest_run_end_ts":1658708764,"trades_per_day":0.04,"market_change":0.14595943964401853,"pairlist":["BTC/USDT"],"stake_amount":100,"stake_currency":"USDT","stake_currency_decimals":3,"starting_balance":1000,"dry_run_wallet":1000,"final_balance":1001.14536516,"rejected_signals":0,"timedout_entry_orders":0,"timedout_exit_orders":0,"canceled_trade_entries":0,"canceled_entry_orders":0,"replaced_entry_orders":0,"max_open_trades":1,"max_open_trades_setting":3,"timeframe":"5m","timeframe_detail":"","timerange":"20220701-20220724","enable_protections":false,"strategy_name":"CombinedBinHAndCluc","stoploss":-0.1,"trailing_stop":false,"trailing_stop_positive":null,"trailing_stop_positive_offset":0.0,"trailing_only_offset_is_reached":false,"use_custom_stoploss":false,"minimal_roi":{"0":0.1},"use_exit_signal":true,"exit_profit_only":true,"exit_profit_offset":0.0,"ignore_roi_if_entry_signal":false,"backtest_best_day":0.01145137,"backtest_worst_day":0.01145137,"backtest_best_day_abs":1.14536516,"backtest_worst_day_abs":1.14536516,"winning_days":1,"draw_days":0,"losing_days":0,"daily_profit":[["2022-07-13",1.14536516]],"wins":1,"losses":0,"draws":0,"holding_avg":"1:15:00","holding_avg_s":4500.0,"winner_holding_avg":"1:15:00","winner_holding_avg_s":4500.0,"loser_holding_avg":"0:00:00","loser_holding_avg_s":0.0,"max_drawdown":0.0,"max_drawdown_account":0.0,"max_relative_drawdown":0.0,"max_drawdown_abs":0.0,"max_drawdown_low":0.0,"max_drawdown_high":0.0,"drawdown_start":"1970-01-01 00:00:00+00:00","drawdown_start_ts":0,"drawdown_end":"1970-01-01 00:00:00+00:00","drawdown_end_ts":0,"csum_min":0,"csum_max":0}},"strategy_comparison":[{"key":"CombinedBinHAndCluc","trades":1,"profit_mean":0.01145137,"profit_mean_pct":1.145137,"profit_sum":0.01145137,"profit_sum_pct":1.15,"profit_total_abs":1.14536516,"profit_total":0.0011453651600000002,"profit_total_pct":0.11,"duration_avg":"1:15:00","wins":1,"draws":0,"losses":0,"max_drawdown_account":0.0,"max_drawdown_abs":"0"}]}