{"strategy":{"CoralTrendMix":{"trades":[{"pair":"BTC/USDT","stake_amount":9000,"amount":0.28180833,"open_date":"2022-06-01 00:45:00+00:00","close_date":"2022-06-13 14:45:00+00:00","open_rate":31936.6,"close_rate":22770.7958,"fee_open":0.0002,"fee_close":0.0002,"trade_duration":18120,"profit_ratio":-0.28893051,"profit_abs":-2600.8946301,"exit_reason":"stop_loss","initial_stop_loss_abs":22770.7958,"initial_stop_loss_ratio":-0.287,"stop_loss_abs":22770.7958,"stop_loss_ratio":-0.287,"min_rate":22559.7,"max_rate":31970.0,"is_open":false,"enter_tag":null,"is_short":false,"open_timestamp":1654044300000,"close_timestamp":1655131500000,"orders":[{"amount":0.28180833,"safe_price":31936.6,"ft_order_side":"buy","order_filled_timestamp":1654044300000,"ft_is_entry":true},{"amount":0.28180833,"safe_price":22770.7958,"ft_order_side":"sell","order_filled_timestamp":1655131500000,"ft_is_entry":false}]}],"locks":[],"best_pair":{"key":"BTC/USDT","trades":1,"profit_mean":-0.28893051,"profit_mean_pct":-28.893050999999996,"profit_sum":-0.28893051,"profit_sum_pct":-28.89,"profit_total_abs":-2600.8946301,"profit_total":-0.26008946301,"profit_total_pct":-26.01,"duration_avg":"12 days, 14:00:00","wins":0,"draws":0,"losses":1},"worst_pair":{"key":"BTC/USDT","trades":1,"profit_mean":-0.28893051,"profit_mean_pct":-28.893050999999996,"profit_sum":-0.28893051,"profit_sum_pct":-28.89,"profit_total_abs":-2600.8946301,"profit_total":-0.26008946301,"profit_total_pct":-26.01,"duration_avg":"12 days, 14:00:00","wins":0,"draws":0,"losses":1},"results_per_pair":[{"key":"BTC/USDT","trades":1,"profit_mean":-0.28893051,"profit_mean_pct":-28.893050999999996,"profit_sum":-0.28893051,"profit_sum_pct":-28.89,"profit_total_abs":-2600.8946301,"profit_total":-0.26008946301,"profit_total_pct":-26.01,"duration_avg":"12 days, 14:00:00","wins":0,"draws":0,"losses":1},{"key":"TOTAL","trades":1,"profit_mean":-0.28893051,"profit_mean_pct":-28.893050999999996,"profit_sum":-0.28893051,"profit_sum_pct":-28.89,"profit_total_abs":-2600.8946301,"profit_total":-0.26008946301,"profit_total_pct":-26.01,"duration_avg":"12 days, 14:00:00","wins":0,"draws":0,"losses":1}],"results_per_enter_tag":[{"key":"TOTAL","trades":1,"profit_mean":-0.28893051,"profit_mean_pct":-28.893050999999996,"profit_sum":-0.28893051,"profit_sum_pct":-28.89,"profit_total_abs":-2600.8946301,"profit_total":-0.26008946301,"profit_total_pct":-26.01,"duration_avg":"12 days, 14:00:00","wins":0,"draws":0,"losses":1}],"exit_reason_summary":[{"exit_reason":"stop_loss","trades":1,"wins":0,"draws":0,"losses":1,"profit_mean":-0.28893051,"profit_mean_pct":-28.89,"profit_sum":-0.28893051,"profit_sum_pct":-28.89,"profit_total_abs":-2600.8946301,"profit_total":-0.28893051,"profit_total_pct":-28.89}],"left_open_trades":[{"key":"TOTAL","trades":0,"profit_mean":0.0,"profit_mean_pct":0.0,"profit_sum":0.0,"profit_sum_pct":0.0,"profit_total_abs":0.0,"profit_total":0.0,"profit_total_pct":0.0,"duration_avg":"0:00","wins":0,"draws":0,"losses":0}],"total_trades":1,"trade_count_long":1,"trade_count_short":0,"total_volume":9000.0,"avg_stake_amount":9000.0,"profit_mean":-0.28893051,"profit_median":-0.28893051,"profit_total":-0.26008946301,"profit_total_long":-0.26008946301,"profit_total_short":0.0,"profit_total_abs":-2600.8946301,"profit_total_long_abs":-2600.8946301,"profit_total_short_abs":0.0,"cagr":-0.839980267407409,"profit_factor":0.0,"backtest_start":"2022-06-01 00:00:00","backtest_start_ts":1654041600000,"backtest_end":"2022-07-31 00:00:00","backtest_end_ts":1659225600000,"backtest_days":60,"backtest_run_start_ts":1659349556,"backtest_run_end_ts":1659349597,"trades_per_day":0.02,"market_change":-0.2544198590061034,"pairlist":["BTC/USDT"],"stake_amount":9000,"stake_currency":"USDT","stake_currency_decimals":3,"starting_balance":10000,"dry_run_wallet":10000,"final_balance":7399.1053699,"rejected_signals":0,"timedout_entry_orders":0,"timedout_exit_orders":0,"canceled_trade_entries":0,"canceled_entry_orders":0,"replaced_entry_orders":0,"max_open_trades":1,"max_open_trades_setting":10,"timeframe":"15m","timeframe_detail":"","timerange":"20220601-20220731","enable_protections":false,"strategy_name":"CoralTrendMix","stoploss":-0.287,"trailing_stop":false,"trailing_stop_positive":0.01,"trailing_stop_positive_offset":0.0,"trailing_only_offset_is_reached":false,"use_custom_stoploss":true,"minimal_roi":{"0":0.293,"116":0.099,"178":0.032,"525":0},"use_exit_signal":true,"exit_profit_only":false,"exit_profit_offset":0.0,"ignore_roi_if_entry_signal":false,"backtest_best_day":-0.28893051,"backtest_worst_day":-0.28893051,"backtest_best_day_abs":-2600.8946301,"backtest_worst_day_abs":-2600.8946301,"winning_days":0,"draw_days":0,"losing_days":1,"daily_profit":[["2022-06-13",-2600.8946301]],"wins":0,"losses":1,"draws":0,"holding_avg":"12 days, 14:00:00","holding_avg_s":1087200.0,"winner_holding_avg":"0:00:00","winner_holding_avg_s":0.0,"loser_holding_avg":"12 days, 14:00:00","loser_holding_avg_s":1087200.0,"max_drawdown":0.0,"max_drawdown_account":0.0,"max_relative_drawdown":0.0,"max_drawdown_abs":0.0,"max_drawdown_low":0.0,"max_drawdown_high":0.0,"drawdown_start":"1970-01-01 00:00:00+00:00","drawdown_start_ts":0,"drawdown_end":"1970-01-01 00:00:00+00:00","drawdown_end_ts":0,"csum_min":0,"csum_max":0}},"strategy_comparison":[{"key":"CoralTrendMix","trades":1,"profit_mean":-0.28893051,"profit_mean_pct":-28.893050999999996,"profit_sum":-0.28893051,"profit_sum_pct":-28.89,"profit_total_abs":-2600.8946301,"profit_total":-0.26008946301,"profit_total_pct":-26.01,"duration_avg":"12 days, 14:00:00","wins":0,"draws":0,"losses":1,"max_drawdown_account":0.0,"max_drawdown_abs":"0"}]}