{"strategy":{"CoralTrendMix":{"trades":[{"pair":"BTC/USDT","stake_amount":100,"amount":0.00527173,"open_date":"2022-07-03 14:00:00+00:00","close_date":"2022-07-13 12:30:00+00:00","open_rate":18969.1,"close_rate":18961.513877224555,"fee_open":0.0002,"fee_close":0.0002,"trade_duration":14310,"profit_ratio":0.00222237,"profit_abs":0.22219234,"exit_reason":"roi","initial_stop_loss_abs":25228.903,"initial_stop_loss_ratio":-0.33,"stop_loss_abs":25228.903,"stop_loss_ratio":-0.33,"min_rate":18901.0,"max_rate":22579.9,"is_open":false,"enter_tag":null,"is_short":true,"open_timestamp":1656856800000,"close_timestamp":1657715400000,"orders":[{"amount":0.00527173,"safe_price":18969.1,"ft_order_side":"sell","order_filled_timestamp":1656856800000,"ft_is_entry":true},{"amount":0.00527173,"safe_price":18961.513877224555,"ft_order_side":"buy","order_filled_timestamp":1657715400000,"ft_is_entry":false}]},{"pair":"BTC/USDT","stake_amount":100,"amount":0.00477998,"open_date":"2022-07-17 20:45:00+00:00","close_date":"2022-07-26 00:30:00+00:00","open_rate":20920.6,"close_rate":20954.2,"fee_open":0.0002,"fee_close":0.0002,"trade_duration":11745,"profit_ratio":0.00025581,"profit_abs":0.0255761,"exit_reason":"roi","initial_stop_loss_abs":27824.398,"initial_stop_loss_ratio":-0.33,"stop_loss_abs":27824.398,"stop_loss_ratio":-0.33,"min_rate":20742.0,"max_rate":24277.0,"is_open":false,"enter_tag":null,"is_short":true,"open_timestamp":1658090700000,"close_timestamp":1658795400000,"orders":[{"amount":0.00477998,"safe_price":20920.6,"ft_order_side":"sell","order_filled_timestamp":1658090700000,"ft_is_entry":true},{"amount":0.00477998,"safe_price":20954.2,"ft_order_side":"buy","order_filled_timestamp":1658795400000,"ft_is_entry":false}]},{"pair":"BTC/USDT","stake_amount":100,"amount":0.00466736,"open_date":"2022-07-27 14:15:00+00:00","close_date":"2022-07-27 18:45:00+00:00","open_rate":21425.4,"close_rate":22676.893658731748,"fee_open":0.0002,"fee_close":0.0002,"trade_duration":270,"profit_ratio":0.05795877,"profit_abs":5.79703964,"exit_reason":"roi","initial_stop_loss_abs":14355.018,"initial_stop_loss_ratio":-0.33,"stop_loss_abs":19084.795000000002,"stop_loss_ratio":-0.15,"min_rate":21380.0,"max_rate":22700.0,"is_open":false,"enter_tag":null,"is_short":false,"open_timestamp":1658931300000,"close_timestamp":1658947500000,"orders":[{"amount":0.00466736,"safe_price":21425.4,"ft_order_side":"buy","order_filled_timestamp":1658931300000,"ft_is_entry":true},{"amount":0.00466736,"safe_price":22676.893658731748,"ft_order_side":"sell","order_filled_timestamp":1658947500000,"ft_is_entry":false}]},{"pair":"BTC/USDT","stake_amount":100,"amount":0.00423975,"open_date":"2022-07-30 22:15:00+00:00","close_date":"2022-07-31 08:45:00+00:00","open_rate":23586.3,"close_rate":23576.867366526694,"fee_open":0.0002,"fee_close":0.0002,"trade_duration":630,"profit_ratio":0.00020073,"profit_abs":0.02006881,"exit_reason":"roi","initial_stop_loss_abs":31369.779000000002,"initial_stop_loss_ratio":-0.33,"stop_loss_abs":31369.779000000002,"stop_loss_ratio":-0.33,"min_rate":23509.2,"max_rate":23890.0,"is_open":false,"enter_tag":null,"is_short":true,"open_timestamp":1659219300000,"close_timestamp":1659257100000,"orders":[{"amount":0.00423975,"safe_price":23586.3,"ft_order_side":"sell","order_filled_timestamp":1659219300000,"ft_is_entry":true},{"amount":0.00423975,"safe_price":23576.867366526694,"ft_order_side":"buy","order_filled_timestamp":1659257100000,"ft_is_entry":false}]}],"locks":[],"best_pair":{"key":"BTC/USDT","trades":4,"profit_mean":0.015159420000000002,"profit_mean_pct":1.5159420000000001,"profit_sum":0.060637680000000006,"profit_sum_pct":6.06,"profit_total_abs":6.06487689,"profit_total":0.00606487689,"profit_total_pct":0.61,"duration_avg":"4 days, 16:19:00","wins":4,"draws":0,"losses":0},"worst_pair":{"key":"BTC/USDT","trades":4,"profit_mean":0.015159420000000002,"profit_mean_pct":1.5159420000000001,"profit_sum":0.060637680000000006,"profit_sum_pct":6.06,"profit_total_abs":6.06487689,"profit_total":0.00606487689,"profit_total_pct":0.61,"duration_avg":"4 days, 16:19:00","wins":4,"draws":0,"losses":0},"results_per_pair":[{"key":"BTC/USDT","trades":4,"profit_mean":0.015159420000000002,"profit_mean_pct":1.5159420000000001,"profit_sum":0.060637680000000006,"profit_sum_pct":6.06,"profit_total_abs":6.06487689,"profit_total":0.00606487689,"profit_total_pct":0.61,"duration_avg":"4 days, 16:19:00","wins":4,"draws":0,"losses":0},{"key":"TOTAL","trades":4,"profit_mean":0.015159420000000002,"profit_mean_pct":1.5159420000000001,"profit_sum":0.060637680000000006,"profit_sum_pct":6.06,"profit_total_abs":6.06487689,"profit_total":0.00606487689,"profit_total_pct":0.61,"duration_avg":"4 days, 16:19:00","wins":4,"draws":0,"losses":0}],"results_per_enter_tag":[{"key":"TOTAL","trades":4,"profit_mean":0.015159420000000002,"profit_mean_pct":1.5159420000000001,"profit_sum":0.060637680000000006,"profit_sum_pct":6.06,"profit_total_abs":6.06487689,"profit_total":0.00606487689,"profit_total_pct":0.61,"duration_avg":"4 days, 16:19:00","wins":4,"draws":0,"losses":0}],"exit_reason_summary":[{"exit_reason":"roi","trades":4,"wins":4,"draws":0,"losses":0,"profit_mean":0.015159420000000002,"profit_mean_pct":1.52,"profit_sum":0.060637680000000006,"profit_sum_pct":6.06,"profit_total_abs":6.06487689,"profit_total":0.060637680000000006,"profit_total_pct":6.06}],"left_open_trades":[{"key":"TOTAL","trades":0,"profit_mean":0.0,"profit_mean_pct":0.0,"profit_sum":0.0,"profit_sum_pct":0.0,"profit_total_abs":0.0,"profit_total":0.0,"profit_total_pct":0.0,"duration_avg":"0:00","wins":0,"draws":0,"losses":0}],"total_trades":4,"trade_count_long":1,"trade_count_short":3,"total_volume":400.0,"avg_stake_amount":100.0,"profit_mean":0.015159420000000002,"profit_median":0.00123909,"profit_total":0.00606487689,"profit_total_long":0.00579703964,"profit_total_short":0.00026783724999999997,"profit_total_abs":6.06487689,"profit_total_long_abs":5.79703964,"profit_total_short_abs":0.26783724999999997,"cagr":0.073788836209423,"profit_factor":0.0,"backtest_start":"2022-07-01 00:00:00","backtest_start_ts":1656633600000,"backtest_end":"2022-08-01 21:30:00","backtest_end_ts":1659389400000,"backtest_days":31,"backtest_run_start_ts":1659484071,"backtest_run_end_ts":1659484102,"trades_per_day":0.13,"market_change":0.2141729872954041,"pairlist":["BTC/USDT"],"stake_amount":100,"stake_currency":"USDT","stake_currency_decimals":3,"starting_balance":1000,"dry_run_wallet":1000,"final_balance":1006.06487689,"rejected_signals":0,"timedout_entry_orders":0,"timedout_exit_orders":0,"canceled_trade_entries":0,"canceled_entry_orders":0,"replaced_entry_orders":0,"max_open_trades":1,"max_open_trades_setting":3,"timeframe":"15m","timeframe_detail":"","timerange":"20220701-20220802","enable_protections":false,"strategy_name":"CoralTrendMix","stoploss":-0.33,"trailing_stop":false,"trailing_stop_positive":0.01,"trailing_stop_positive_offset":0.0,"trailing_only_offset_is_reached":false,"use_custom_stoploss":true,"minimal_roi":{"0":0.164,"111":0.117,"263":0.058,"480":0},"use_exit_signal":false,"exit_profit_only":false,"exit_profit_offset":0.0,"ignore_roi_if_entry_signal":true,"backtest_best_day":0.05795877,"backtest_worst_day":0.0,"backtest_best_day_abs":5.79703964,"backtest_worst_day_abs":0.0,"winning_days":4,"draw_days":15,"losing_days":0,"daily_profit":[["2022-07-13",0.22219234],["2022-07-14",0.0],["2022-07-15",0.0],["2022-07-16",0.0],["2022-07-17",0.0],["2022-07-18",0.0],["2022-07-19",0.0],["2022-07-20",0.0],["2022-07-21",0.0],["2022-07-22",0.0],["2022-07-23",0.0],["2022-07-24",0.0],["2022-07-25",0.0],["2022-07-26",0.0255761],["2022-07-27",5.79703964],["2022-07-28",0.0],["2022-07-29",0.0],["2022-07-30",0.0],["2022-07-31",0.02006881]],"wins":4,"losses":0,"draws":0,"holding_avg":"4 days, 16:19:00","holding_avg_s":404340.0,"winner_holding_avg":"4 days, 16:19:00","winner_holding_avg_s":404340.0,"loser_holding_avg":"0:00:00","loser_holding_avg_s":0.0,"max_drawdown":0.0,"max_drawdown_account":0.0,"max_relative_drawdown":0.0,"max_drawdown_abs":0.0,"max_drawdown_low":0.0,"max_drawdown_high":0.0,"drawdown_start":"1970-01-01 00:00:00+00:00","drawdown_start_ts":0,"drawdown_end":"1970-01-01 00:00:00+00:00","drawdown_end_ts":0,"csum_min":0,"csum_max":0}},"strategy_comparison":[{"key":"CoralTrendMix","trades":4,"profit_mean":0.015159420000000002,"profit_mean_pct":1.5159420000000001,"profit_sum":0.060637680000000006,"profit_sum_pct":6.06,"profit_total_abs":6.06487689,"profit_total":0.00606487689,"profit_total_pct":0.61,"duration_avg":"4 days, 16:19:00","wins":4,"draws":0,"losses":0,"max_drawdown_account":0.0,"max_drawdown_abs":"0"}]}