{"strategy":{"CoralTrendMix":{"trades":[{"pair":"BTC/USDT","stake_amount":9000,"amount":0.4652365,"open_date":"2022-07-01 14:15:00+00:00","close_date":"2022-07-01 14:45:00+00:00","open_rate":19345.0,"close_rate":19410.786157231443,"fee_open":0.0002,"fee_close":0.0002,"trade_duration":30,"profit_ratio":0.0029994,"profit_abs":27.00000028,"exit_reason":"roi","initial_stop_loss_abs":15476.0,"initial_stop_loss_ratio":-0.2,"stop_loss_abs":15476.0,"stop_loss_ratio":-0.2,"min_rate":19278.5,"max_rate":19445.0,"is_open":false,"enter_tag":null,"is_short":false,"open_timestamp":1656684900000,"close_timestamp":1656686700000,"orders":[{"amount":0.4652365,"safe_price":19345.0,"ft_order_side":"buy","order_filled_timestamp":1656684900000,"ft_is_entry":true},{"amount":0.4652365,"safe_price":19410.786157231443,"ft_order_side":"sell","order_filled_timestamp":1656686700000,"ft_is_entry":false}]},{"pair":"BTC/USDT","stake_amount":9000,"amount":0.46596634,"open_date":"2022-07-01 19:45:00+00:00","close_date":"2022-07-01 22:45:00+00:00","open_rate":19314.7,"close_rate":19287.664827034598,"fee_open":0.0002,"fee_close":0.0002,"trade_duration":180,"profit_ratio":0.0010002,"profit_abs":9.00000007,"exit_reason":"roi","initial_stop_loss_abs":23177.64,"initial_stop_loss_ratio":-0.2,"stop_loss_abs":23177.64,"stop_loss_ratio":-0.2,"min_rate":19275.6,"max_rate":19686.8,"is_open":false,"enter_tag":null,"is_short":true,"open_timestamp":1656704700000,"close_timestamp":1656715500000,"orders":[{"amount":0.46596634,"safe_price":19314.7,"ft_order_side":"sell","order_filled_timestamp":1656704700000,"ft_is_entry":true},{"amount":0.46596634,"safe_price":19287.664827034598,"ft_order_side":"buy","order_filled_timestamp":1656715500000,"ft_is_entry":false}]},{"pair":"BTC/USDT","stake_amount":9000,"amount":0.46901871,"open_date":"2022-07-02 05:00:00+00:00","close_date":"2022-07-02 05:15:00+00:00","open_rate":19189.0,"close_rate":19273.44848969794,"fee_open":0.0002,"fee_close":0.0002,"trade_duration":15,"profit_ratio":0.0039992,"profit_abs":36.0000001,"exit_reason":"roi","initial_stop_loss_abs":15351.2,"initial_stop_loss_ratio":-0.2,"stop_loss_abs":15351.2,"stop_loss_ratio":-0.2,"min_rate":19171.1,"max_rate":19296.2,"is_open":false,"enter_tag":null,"is_short":false,"open_timestamp":1656738000000,"close_timestamp":1656738900000,"orders":[{"amount":0.46901871,"safe_price":19189.0,"ft_order_side":"buy","order_filled_timestamp":1656738000000,"ft_is_entry":true},{"amount":0.46901871,"safe_price":19273.44848969794,"ft_order_side":"sell","order_filled_timestamp":1656738900000,"ft_is_entry":false}]},{"pair":"BTC/USDT","stake_amount":9000,"amount":0.4695448,"open_date":"2022-07-02 08:15:00+00:00","close_date":"2022-07-02 08:45:00+00:00","open_rate":19167.5,"close_rate":19102.343531293744,"fee_open":0.0002,"fee_close":0.0002,"trade_duration":30,"profit_ratio":0.0030006,"profit_abs":26.99999986,"exit_reason":"roi","initial_stop_loss_abs":23001.0,"initial_stop_loss_ratio":-0.2,"stop_loss_abs":23001.0,"stop_loss_ratio":-0.2,"min_rate":19070.0,"max_rate":19188.0,"is_open":false,"enter_tag":null,"is_short":true,"open_timestamp":1656749700000,"close_timestamp":1656751500000,"orders":[{"amount":0.4695448,"safe_price":19167.5,"ft_order_side":"sell","order_filled_timestamp":1656749700000,"ft_is_entry":true},{"amount":0.4695448,"safe_price":19102.343531293744,"ft_order_side":"buy","order_filled_timestamp":1656751500000,"ft_is_entry":false}]},{"pair":"BTC/USDT","stake_amount":9000,"amount":0.47002298,"open_date":"2022-07-02 10:30:00+00:00","close_date":"2022-07-02 10:45:00+00:00","open_rate":19148.0,"close_rate":19232.268053610722,"fee_open":0.0002,"fee_close":0.0002,"trade_duration":15,"profit_ratio":0.0039992,"profit_abs":36.00000008,"exit_reason":"roi","initial_stop_loss_abs":15318.400000000001,"initial_stop_loss_ratio":-0.2,"stop_loss_abs":15318.400000000001,"stop_loss_ratio":-0.2,"min_rate":19126.5,"max_rate":19280.3,"is_open":false,"enter_tag":null,"is_short":false,"open_timestamp":1656757800000,"close_timestamp":1656758700000,"orders":[{"amount":0.47002298,"safe_price":19148.0,"ft_order_side":"buy","order_filled_timestamp":1656757800000,"ft_is_entry":true},{"amount":0.47002298,"safe_price":19232.268053610722,"ft_order_side":"sell","order_filled_timestamp":1656758700000,"ft_is_entry":false}]},{"pair":"BTC/USDT","stake_amount":9000,"amount":0.46907982,"open_date":"2022-07-02 15:30:00+00:00","close_date":"2022-07-03 00:30:00+00:00","open_rate":19186.5,"close_rate":19159.64427114577,"fee_open":0.0002,"fee_close":0.0002,"trade_duration":540,"profit_ratio":0.00105725,"profit_abs":9.51334478,"exit_reason":"roi","initial_stop_loss_abs":23023.8,"initial_stop_loss_ratio":-0.2,"stop_loss_abs":23023.8,"stop_loss_ratio":-0.2,"min_rate":19150.1,"max_rate":19400.0,"is_open":false,"enter_tag":null,"is_short":true,"open_timestamp":1656775800000,"close_timestamp":1656808200000,"orders":[{"amount":0.46907982,"safe_price":19186.5,"ft_order_side":"sell","order_filled_timestamp":1656775800000,"ft_is_entry":true},{"amount":0.46907982,"safe_price":19159.64427114577,"ft_order_side":"buy","order_filled_timestamp":1656808200000,"ft_is_entry":false}]},{"pair":"BTC/USDT","stake_amount":9000,"amount":0.46739892,"open_date":"2022-07-03 03:00:00+00:00","close_date":"2022-07-03 04:00:00+00:00","open_rate":19255.5,"close_rate":19282.463092618524,"fee_open":0.0002,"fee_close":0.0002,"trade_duration":60,"profit_ratio":0.0009998,"profit_abs":8.9999999,"exit_reason":"roi","initial_stop_loss_abs":15404.400000000001,"initial_stop_loss_ratio":-0.2,"stop_loss_abs":15404.400000000001,"stop_loss_ratio":-0.2,"min_rate":19228.2,"max_rate":19319.4,"is_open":false,"enter_tag":null,"is_short":false,"open_timestamp":1656817200000,"close_timestamp":1656820800000,"orders":[{"amount":0.46739892,"safe_price":19255.5,"ft_order_side":"buy","order_filled_timestamp":1656817200000,"ft_is_entry":true},{"amount":0.46739892,"safe_price":19282.463092618524,"ft_order_side":"sell","order_filled_timestamp":1656820800000,"ft_is_entry":false}]},{"pair":"BTC/USDT","stake_amount":9000,"amount":0.47373408,"open_date":"2022-07-03 13:45:00+00:00","close_date":"2022-07-13 12:30:00+00:00","open_rate":18998.0,"close_rate":18971.408118376326,"fee_open":0.0002,"fee_close":0.0002,"trade_duration":14325,"profit_ratio":0.00321919,"profit_abs":28.96689573,"exit_reason":"roi","initial_stop_loss_abs":22797.6,"initial_stop_loss_ratio":-0.2,"stop_loss_abs":22797.6,"stop_loss_ratio":-0.2,"min_rate":18901.0,"max_rate":22579.9,"is_open":false,"enter_tag":null,"is_short":true,"open_timestamp":1656855900000,"close_timestamp":1657715400000,"orders":[{"amount":0.47373408,"safe_price":18998.0,"ft_order_side":"sell","order_filled_timestamp":1656855900000,"ft_is_entry":true},{"amount":0.47373408,"safe_price":18971.408118376326,"ft_order_side":"buy","order_filled_timestamp":1657715400000,"ft_is_entry":false}]},{"pair":"BTC/USDT","stake_amount":9000,"amount":0.47022189,"open_date":"2022-07-13 12:45:00+00:00","close_date":"2022-07-13 13:15:00+00:00","open_rate":19139.9,"close_rate":19074.8373525295,"fee_open":0.0002,"fee_close":0.0002,"trade_duration":30,"profit_ratio":0.0030006,"profit_abs":26.99999986,"exit_reason":"roi","initial_stop_loss_abs":22967.88,"initial_stop_loss_ratio":-0.2,"stop_loss_abs":22967.88,"stop_loss_ratio":-0.2,"min_rate":18965.0,"max_rate":19239.4,"is_open":false,"enter_tag":null,"is_short":true,"open_timestamp":1657716300000,"close_timestamp":1657718100000,"orders":[{"amount":0.47022189,"safe_price":19139.9,"ft_order_side":"sell","order_filled_timestamp":1657716300000,"ft_is_entry":true},{"amount":0.47022189,"safe_price":19074.8373525295,"ft_order_side":"buy","order_filled_timestamp":1657718100000,"ft_is_entry":false}]},{"pair":"BTC/USDT","stake_amount":9000,"amount":0.4583675,"open_date":"2022-07-13 15:15:00+00:00","close_date":"2022-07-13 17:00:00+00:00","open_rate":19634.9,"close_rate":19662.394358871778,"fee_open":0.0002,"fee_close":0.0002,"trade_duration":105,"profit_ratio":0.00101186,"profit_abs":9.10856039,"exit_reason":"roi","initial_stop_loss_abs":15707.920000000002,"initial_stop_loss_ratio":-0.2,"stop_loss_abs":15707.920000000002,"stop_loss_ratio":-0.2,"min_rate":19228.1,"max_rate":20106.6,"is_open":false,"enter_tag":null,"is_short":false,"open_timestamp":1657725300000,"close_timestamp":1657731600000,"orders":[{"amount":0.4583675,"safe_price":19634.9,"ft_order_side":"buy","order_filled_timestamp":1657725300000,"ft_is_entry":true},{"amount":0.4583675,"safe_price":19662.394358871778,"ft_order_side":"sell","order_filled_timestamp":1657731600000,"ft_is_entry":false}]},{"pair":"BTC/USDT","stake_amount":9000,"amount":0.45691078,"open_date":"2022-07-13 20:15:00+00:00","close_date":"2022-07-13 20:30:00+00:00","open_rate":19697.5,"close_rate":19606.4,"fee_open":0.0002,"fee_close":0.0002,"trade_duration":15,"profit_ratio":0.00422672,"profit_abs":38.03289694,"exit_reason":"roi","initial_stop_loss_abs":23637.0,"initial_stop_loss_ratio":-0.2,"stop_loss_abs":23637.0,"stop_loss_ratio":-0.2,"min_rate":19575.5,"max_rate":19697.5,"is_open":false,"enter_tag":null,"is_short":true,"open_timestamp":1657743300000,"close_timestamp":1657744200000,"orders":[{"amount":0.45691078,"safe_price":19697.5,"ft_order_side":"sell","order_filled_timestamp":1657743300000,"ft_is_entry":true},{"amount":0.45691078,"safe_price":19606.4,"ft_order_side":"buy","order_filled_timestamp":1657744200000,"ft_is_entry":false}]},{"pair":"BTC/USDT","stake_amount":9000,"amount":0.45260019,"open_date":"2022-07-13 21:45:00+00:00","close_date":"2022-07-13 22:00:00+00:00","open_rate":19885.1,"close_rate":19972.611942388477,"fee_open":0.0002,"fee_close":0.0002,"trade_duration":15,"profit_ratio":0.0039992,"profit_abs":36.00000015,"exit_reason":"roi","initial_stop_loss_abs":15908.08,"initial_stop_loss_ratio":-0.2,"stop_loss_abs":15908.08,"stop_loss_ratio":-0.2,"min_rate":19833.2,"max_rate":20029.7,"is_open":false,"enter_tag":null,"is_short":false,"open_timestamp":1657748700000,"close_timestamp":1657749600000,"orders":[{"amount":0.45260019,"safe_price":19885.1,"ft_order_side":"buy","order_filled_timestamp":1657748700000,"ft_is_entry":true},{"amount":0.45260019,"safe_price":19972.611942388477,"ft_order_side":"sell","order_filled_timestamp":1657749600000,"ft_is_entry":false}]},{"pair":"BTC/USDT","stake_amount":9000,"amount":0.44444444,"open_date":"2022-07-14 03:00:00+00:00","close_date":"2022-07-14 03:45:00+00:00","open_rate":20250.0,"close_rate":20201.40971805639,"fee_open":0.0002,"fee_close":0.0002,"trade_duration":45,"profit_ratio":0.0020004,"profit_abs":17.99999982,"exit_reason":"roi","initial_stop_loss_abs":24300.0,"initial_stop_loss_ratio":-0.2,"stop_loss_abs":24300.0,"stop_loss_ratio":-0.2,"min_rate":20196.9,"max_rate":20369.6,"is_open":false,"enter_tag":null,"is_short":true,"open_timestamp":1657767600000,"close_timestamp":1657770300000,"orders":[{"amount":0.44444444,"safe_price":20250.0,"ft_order_side":"sell","order_filled_timestamp":1657767600000,"ft_is_entry":true},{"amount":0.44444444,"safe_price":20201.40971805639,"ft_order_side":"buy","order_filled_timestamp":1657770300000,"ft_is_entry":false}]},{"pair":"BTC/USDT","stake_amount":9000,"amount":0.43600849,"open_date":"2022-07-14 20:30:00+00:00","close_date":"2022-07-14 21:15:00+00:00","open_rate":20641.8,"close_rate":20592.269586082784,"fee_open":0.0002,"fee_close":0.0002,"trade_duration":45,"profit_ratio":0.0020004,"profit_abs":18.0000001,"exit_reason":"roi","initial_stop_loss_abs":24770.16,"initial_stop_loss_ratio":-0.2,"stop_loss_abs":24770.16,"stop_loss_ratio":-0.2,"min_rate":20560.2,"max_rate":20713.2,"is_open":false,"enter_tag":null,"is_short":true,"open_timestamp":1657830600000,"close_timestamp":1657833300000,"orders":[{"amount":0.43600849,"safe_price":20641.8,"ft_order_side":"sell","order_filled_timestamp":1657830600000,"ft_is_entry":true},{"amount":0.43600849,"safe_price":20592.269586082784,"ft_order_side":"buy","order_filled_timestamp":1657833300000,"ft_is_entry":false}]},{"pair":"BTC/USDT","stake_amount":9000,"amount":0.43397964,"open_date":"2022-07-15 02:15:00+00:00","close_date":"2022-07-15 07:15:00+00:00","open_rate":20738.3,"close_rate":20767.339427885574,"fee_open":0.0002,"fee_close":0.0002,"trade_duration":300,"profit_ratio":0.0009998,"profit_abs":8.99999997,"exit_reason":"roi","initial_stop_loss_abs":16590.64,"initial_stop_loss_ratio":-0.2,"stop_loss_abs":16590.64,"stop_loss_ratio":-0.2,"min_rate":20430.0,"max_rate":20893.1,"is_open":false,"enter_tag":null,"is_short":false,"open_timestamp":1657851300000,"close_timestamp":1657869300000,"orders":[{"amount":0.43397964,"safe_price":20738.3,"ft_order_side":"buy","order_filled_timestamp":1657851300000,"ft_is_entry":true},{"amount":0.43397964,"safe_price":20767.339427885574,"ft_order_side":"sell","order_filled_timestamp":1657869300000,"ft_is_entry":false}]},{"pair":"BTC/USDT","stake_amount":9000,"amount":0.43146636,"open_date":"2022-07-15 11:00:00+00:00","close_date":"2022-07-15 11:30:00+00:00","open_rate":20859.1,"close_rate":20788.193241351728,"fee_open":0.0002,"fee_close":0.0002,"trade_duration":30,"profit_ratio":0.0030006,"profit_abs":26.99999985,"exit_reason":"roi","initial_stop_loss_abs":25030.92,"initial_stop_loss_ratio":-0.2,"stop_loss_abs":25030.92,"stop_loss_ratio":-0.2,"min_rate":20755.7,"max_rate":20939.0,"is_open":false,"enter_tag":null,"is_short":true,"open_timestamp":1657882800000,"close_timestamp":1657884600000,"orders":[{"amount":0.43146636,"safe_price":20859.1,"ft_order_side":"sell","order_filled_timestamp":1657882800000,"ft_is_entry":true},{"amount":0.43146636,"safe_price":20788.193241351728,"ft_order_side":"buy","order_filled_timestamp":1657884600000,"ft_is_entry":false}]},{"pair":"BTC/USDT","stake_amount":9000,"amount":0.42960453,"open_date":"2022-07-15 13:15:00+00:00","close_date":"2022-07-15 14:15:00+00:00","open_rate":20949.5,"close_rate":20978.835167033405,"fee_open":0.0002,"fee_close":0.0002,"trade_duration":60,"profit_ratio":0.0009998,"profit_abs":9.0000001,"exit_reason":"roi","initial_stop_loss_abs":16759.600000000002,"initial_stop_loss_ratio":-0.2,"stop_loss_abs":16759.600000000002,"stop_loss_ratio":-0.2,"min_rate":20781.4,"max_rate":21032.0,"is_open":false,"enter_tag":null,"is_short":false,"open_timestamp":1657890900000,"close_timestamp":1657894500000,"orders":[{"amount":0.42960453,"safe_price":20949.5,"ft_order_side":"buy","order_filled_timestamp":1657890900000,"ft_is_entry":true},{"amount":0.42960453,"safe_price":20978.835167033405,"ft_order_side":"sell","order_filled_timestamp":1657894500000,"ft_is_entry":false}]},{"pair":"BTC/USDT","stake_amount":9000,"amount":0.42924801,"open_date":"2022-07-15 18:45:00+00:00","close_date":"2022-07-15 19:30:00+00:00","open_rate":20966.9,"close_rate":21017.230626125227,"fee_open":0.0002,"fee_close":0.0002,"trade_duration":45,"profit_ratio":0.0019996,"profit_abs":18.0000002,"exit_reason":"roi","initial_stop_loss_abs":16773.52,"initial_stop_loss_ratio":-0.2,"stop_loss_abs":16773.52,"stop_loss_ratio":-0.2,"min_rate":20932.0,"max_rate":21197.0,"is_open":false,"enter_tag":null,"is_short":false,"open_timestamp":1657910700000,"close_timestamp":1657913400000,"orders":[{"amount":0.42924801,"safe_price":20966.9,"ft_order_side":"buy","order_filled_timestamp":1657910700000,"ft_is_entry":true},{"amount":0.42924801,"safe_price":21017.230626125227,"ft_order_side":"sell","order_filled_timestamp":1657913400000,"ft_is_entry":false}]},{"pair":"BTC/USDT","stake_amount":9000,"amount":0.43025146,"open_date":"2022-07-15 21:30:00+00:00","close_date":"2022-07-15 22:15:00+00:00","open_rate":20918.0,"close_rate":20867.806838632274,"fee_open":0.0002,"fee_close":0.0002,"trade_duration":45,"profit_ratio":0.0020004,"profit_abs":18.00000008,"exit_reason":"roi","initial_stop_loss_abs":25101.6,"initial_stop_loss_ratio":-0.2,"stop_loss_abs":25101.6,"stop_loss_ratio":-0.2,"min_rate":20826.0,"max_rate":20980.0,"is_open":false,"enter_tag":null,"is_short":true,"open_timestamp":1657920600000,"close_timestamp":1657923300000,"orders":[{"amount":0.43025146,"safe_price":20918.0,"ft_order_side":"sell","order_filled_timestamp":1657920600000,"ft_is_entry":true},{"amount":0.43025146,"safe_price":20867.806838632274,"ft_order_side":"buy","order_filled_timestamp":1657923300000,"ft_is_entry":false}]},{"pair":"BTC/USDT","stake_amount":9000,"amount":0.43386248,"open_date":"2022-07-16 03:45:00+00:00","close_date":"2022-07-16 13:15:00+00:00","open_rate":20743.9,"close_rate":20772.947269453893,"fee_open":0.0002,"fee_close":0.0002,"trade_duration":570,"profit_ratio":0.00092064,"profit_abs":8.28739884,"exit_reason":"roi","initial_stop_loss_abs":16595.120000000003,"initial_stop_loss_ratio":-0.2,"stop_loss_abs":16595.120000000003,"stop_loss_ratio":-0.2,"min_rate":20471.0,"max_rate":20815.0,"is_open":false,"enter_tag":null,"is_short":false,"open_timestamp":1657943100000,"close_timestamp":1657977300000,"orders":[{"amount":0.43386248,"safe_price":20743.9,"ft_order_side":"buy","order_filled_timestamp":1657943100000,"ft_is_entry":true},{"amount":0.43386248,"safe_price":20772.947269453893,"ft_order_side":"sell","order_filled_timestamp":1657977300000,"ft_is_entry":false}]},{"pair":"BTC/USDT","stake_amount":9000,"amount":0.42242019,"open_date":"2022-07-16 19:30:00+00:00","close_date":"2022-07-16 19:45:00+00:00","open_rate":21305.8,"close_rate":21212.07322535493,"fee_open":0.0002,"fee_close":0.0002,"trade_duration":15,"profit_ratio":0.0040008,"profit_abs":36.00000034,"exit_reason":"roi","initial_stop_loss_abs":25566.96,"initial_stop_loss_ratio":-0.2,"stop_loss_abs":25566.96,"stop_loss_ratio":-0.2,"min_rate":21150.8,"max_rate":21333.3,"is_open":false,"enter_tag":null,"is_short":true,"open_timestamp":1657999800000,"close_timestamp":1658000700000,"orders":[{"amount":0.42242019,"safe_price":21305.8,"ft_order_side":"sell","order_filled_timestamp":1657999800000,"ft_is_entry":true},{"amount":0.42242019,"safe_price":21212.07322535493,"ft_order_side":"buy","order_filled_timestamp":1658000700000,"ft_is_entry":false}]},{"pair":"BTC/USDT","stake_amount":9000,"amount":0.42283298,"open_date":"2022-07-17 01:00:00+00:00","close_date":"2022-07-17 03:15:00+00:00","open_rate":21285.0,"close_rate":21314.804960992195,"fee_open":0.0002,"fee_close":0.0002,"trade_duration":135,"profit_ratio":0.0009998,"profit_abs":8.99999998,"exit_reason":"roi","initial_stop_loss_abs":17028.0,"initial_stop_loss_ratio":-0.2,"stop_loss_abs":17028.0,"stop_loss_ratio":-0.2,"min_rate":21071.7,"max_rate":21429.9,"is_open":false,"enter_tag":null,"is_short":false,"open_timestamp":1658019600000,"close_timestamp":1658027700000,"orders":[{"amount":0.42283298,"safe_price":21285.0,"ft_order_side":"buy","order_filled_timestamp":1658019600000,"ft_is_entry":true},{"amount":0.42283298,"safe_price":21314.804960992195,"ft_order_side":"sell","order_filled_timestamp":1658027700000,"ft_is_entry":false}]},{"pair":"BTC/USDT","stake_amount":9000,"amount":0.42060595,"open_date":"2022-07-17 03:30:00+00:00","close_date":"2022-07-17 04:15:00+00:00","open_rate":21397.7,"close_rate":21449.064752950588,"fee_open":0.0002,"fee_close":0.0002,"trade_duration":45,"profit_ratio":0.0019996,"profit_abs":17.99999987,"exit_reason":"roi","initial_stop_loss_abs":17118.16,"initial_stop_loss_ratio":-0.2,"stop_loss_abs":17118.16,"stop_loss_ratio":-0.2,"min_rate":21301.2,"max_rate":21464.2,"is_open":false,"enter_tag":null,"is_short":false,"open_timestamp":1658028600000,"close_timestamp":1658031300000,"orders":[{"amount":0.42060595,"safe_price":21397.7,"ft_order_side":"buy","order_filled_timestamp":1658028600000,"ft_is_entry":true},{"amount":0.42060595,"safe_price":21449.064752950588,"ft_order_side":"sell","order_filled_timestamp":1658031300000,"ft_is_entry":false}]},{"pair":"BTC/USDT","stake_amount":9000,"amount":0.4204193,"open_date":"2022-07-17 08:45:00+00:00","close_date":"2022-07-17 09:15:00+00:00","open_rate":21407.2,"close_rate":21334.430073985204,"fee_open":0.0002,"fee_close":0.0002,"trade_duration":30,"profit_ratio":0.0030006,"profit_abs":27.00000012,"exit_reason":"roi","initial_stop_loss_abs":25688.64,"initial_stop_loss_ratio":-0.2,"stop_loss_abs":25688.64,"stop_loss_ratio":-0.2,"min_rate":21265.2,"max_rate":21545.7,"is_open":false,"enter_tag":null,"is_short":true,"open_timestamp":1658047500000,"close_timestamp":1658049300000,"orders":[{"amount":0.4204193,"safe_price":21407.2,"ft_order_side":"sell","order_filled_timestamp":1658047500000,"ft_is_entry":true},{"amount":0.4204193,"safe_price":21334.430073985204,"ft_order_side":"buy","order_filled_timestamp":1658049300000,"ft_is_entry":false}]},{"pair":"BTC/USDT","stake_amount":9000,"amount":0.41909197,"open_date":"2022-07-17 12:15:00+00:00","close_date":"2022-07-18 05:15:00+00:00","open_rate":21475.0,"close_rate":21505.071014202837,"fee_open":0.0002,"fee_close":0.0002,"trade_duration":1020,"profit_ratio":0.0008172,"profit_abs":7.35628354,"exit_reason":"roi","initial_stop_loss_abs":17180.0,"initial_stop_loss_ratio":-0.2,"stop_loss_abs":17180.0,"stop_loss_ratio":-0.2,"min_rate":20742.0,"max_rate":21599.0,"is_open":false,"enter_tag":null,"is_short":false,"open_timestamp":1658060100000,"close_timestamp":1658121300000,"orders":[{"amount":0.41909197,"safe_price":21475.0,"ft_order_side":"buy","order_filled_timestamp":1658060100000,"ft_is_entry":true},{"amount":0.41909197,"safe_price":21505.071014202837,"ft_order_side":"sell","order_filled_timestamp":1658121300000,"ft_is_entry":false}]},{"pair":"BTC/USDT","stake_amount":9000,"amount":0.40482188,"open_date":"2022-07-18 10:00:00+00:00","close_date":"2022-07-18 10:45:00+00:00","open_rate":22232.0,"close_rate":22178.653869226153,"fee_open":0.0002,"fee_close":0.0002,"trade_duration":45,"profit_ratio":0.0020004,"profit_abs":18.00000007,"exit_reason":"roi","initial_stop_loss_abs":26678.399999999998,"initial_stop_loss_ratio":-0.2,"stop_loss_abs":26678.399999999998,"stop_loss_ratio":-0.2,"min_rate":22130.0,"max_rate":22360.0,"is_open":false,"enter_tag":null,"is_short":true,"open_timestamp":1658138400000,"close_timestamp":1658141100000,"orders":[{"amount":0.40482188,"safe_price":22232.0,"ft_order_side":"sell","order_filled_timestamp":1658138400000,"ft_is_entry":true},{"amount":0.40482188,"safe_price":22178.653869226153,"ft_order_side":"buy","order_filled_timestamp":1658141100000,"ft_is_entry":false}]},{"pair":"BTC/USDT","stake_amount":9000,"amount":0.39693741,"open_date":"2022-07-18 16:00:00+00:00","close_date":"2022-07-19 00:00:00+00:00","open_rate":22673.6,"close_rate":22705.34938987797,"fee_open":0.0002,"fee_close":0.0002,"trade_duration":480,"profit_ratio":0.00080094,"profit_abs":7.20992745,"exit_reason":"roi","initial_stop_loss_abs":18138.88,"initial_stop_loss_ratio":-0.2,"stop_loss_abs":18138.88,"stop_loss_ratio":-0.2,"min_rate":21385.7,"max_rate":22950.0,"is_open":false,"enter_tag":null,"is_short":false,"open_timestamp":1658160000000,"close_timestamp":1658188800000,"orders":[{"amount":0.39693741,"safe_price":22673.6,"ft_order_side":"buy","order_filled_timestamp":1658160000000,"ft_is_entry":true},{"amount":0.39693741,"safe_price":22705.34938987797,"ft_order_side":"sell","order_filled_timestamp":1658188800000,"ft_is_entry":false}]},{"pair":"BTC/USDT","stake_amount":9000,"amount":0.40943334,"open_date":"2022-07-19 02:15:00+00:00","close_date":"2022-07-19 03:45:00+00:00","open_rate":21981.6,"close_rate":21950.831913617276,"fee_open":0.0002,"fee_close":0.0002,"trade_duration":90,"profit_ratio":0.0010002,"profit_abs":8.99999991,"exit_reason":"roi","initial_stop_loss_abs":26377.92,"initial_stop_loss_ratio":-0.2,"stop_loss_abs":26377.92,"stop_loss_ratio":-0.2,"min_rate":21800.0,"max_rate":22262.5,"is_open":false,"enter_tag":null,"is_short":true,"open_timestamp":1658196900000,"close_timestamp":1658202300000,"orders":[{"amount":0.40943334,"safe_price":21981.6,"ft_order_side":"sell","order_filled_timestamp":1658196900000,"ft_is_entry":true},{"amount":0.40943334,"safe_price":21950.831913617276,"ft_order_side":"buy","order_filled_timestamp":1658202300000,"ft_is_entry":false}]},{"pair":"BTC/USDT","stake_amount":9000,"amount":0.4120898,"open_date":"2022-07-19 09:15:00+00:00","close_date":"2022-07-19 09:30:00+00:00","open_rate":21839.9,"close_rate":21936.01478295659,"fee_open":0.0002,"fee_close":0.0002,"trade_duration":15,"profit_ratio":0.0039992,"profit_abs":36.00000009,"exit_reason":"roi","initial_stop_loss_abs":17471.920000000002,"initial_stop_loss_ratio":-0.2,"stop_loss_abs":17471.920000000002,"stop_loss_ratio":-0.2,"min_rate":21801.0,"max_rate":21960.9,"is_open":false,"enter_tag":null,"is_short":false,"open_timestamp":1658222100000,"close_timestamp":1658223000000,"orders":[{"amount":0.4120898,"safe_price":21839.9,"ft_order_side":"buy","order_filled_timestamp":1658222100000,"ft_is_entry":true},{"amount":0.4120898,"safe_price":21936.01478295659,"ft_order_side":"sell","order_filled_timestamp":1658223000000,"ft_is_entry":false}]},{"pair":"BTC/USDT","stake_amount":9000,"amount":0.38679067,"open_date":"2022-07-19 20:15:00+00:00","close_date":"2022-07-19 20:45:00+00:00","open_rate":23268.4,"close_rate":23189.303259348133,"fee_open":0.0002,"fee_close":0.0002,"trade_duration":30,"profit_ratio":0.0030006,"profit_abs":27.00000008,"exit_reason":"roi","initial_stop_loss_abs":27922.08,"initial_stop_loss_ratio":-0.2,"stop_loss_abs":27922.08,"stop_loss_ratio":-0.2,"min_rate":23177.0,"max_rate":23360.0,"is_open":false,"enter_tag":null,"is_short":true,"open_timestamp":1658261700000,"close_timestamp":1658263500000,"orders":[{"amount":0.38679067,"safe_price":23268.4,"ft_order_side":"sell","order_filled_timestamp":1658261700000,"ft_is_entry":true},{"amount":0.38679067,"safe_price":23189.303259348133,"ft_order_side":"buy","order_filled_timestamp":1658263500000,"ft_is_entry":false}]},{"pair":"BTC/USDT","stake_amount":9000,"amount":0.38515032,"open_date":"2022-07-20 03:00:00+00:00","close_date":"2022-07-20 03:15:00+00:00","open_rate":23367.5,"close_rate":23470.337567513503,"fee_open":0.0002,"fee_close":0.0002,"trade_duration":15,"profit_ratio":0.0039992,"profit_abs":36.00000041,"exit_reason":"roi","initial_stop_loss_abs":18694.0,"initial_stop_loss_ratio":-0.2,"stop_loss_abs":18694.0,"stop_loss_ratio":-0.2,"min_rate":23265.1,"max_rate":23475.0,"is_open":false,"enter_tag":null,"is_short":false,"open_timestamp":1658286000000,"close_timestamp":1658286900000,"orders":[{"amount":0.38515032,"safe_price":23367.5,"ft_order_side":"buy","order_filled_timestamp":1658286000000,"ft_is_entry":true},{"amount":0.38515032,"safe_price":23470.337567513503,"ft_order_side":"sell","order_filled_timestamp":1658286900000,"ft_is_entry":false}]},{"pair":"BTC/USDT","stake_amount":9000,"amount":0.38374131,"open_date":"2022-07-20 08:15:00+00:00","close_date":"2022-07-20 08:45:00+00:00","open_rate":23453.3,"close_rate":23373.57472505499,"fee_open":0.0002,"fee_close":0.0002,"trade_duration":30,"profit_ratio":0.0030006,"profit_abs":27.0000002,"exit_reason":"roi","initial_stop_loss_abs":28143.96,"initial_stop_loss_ratio":-0.2,"stop_loss_abs":28143.96,"stop_loss_ratio":-0.2,"min_rate":23301.6,"max_rate":23512.7,"is_open":false,"enter_tag":null,"is_short":true,"open_timestamp":1658304900000,"close_timestamp":1658306700000,"orders":[{"amount":0.38374131,"safe_price":23453.3,"ft_order_side":"sell","order_filled_timestamp":1658304900000,"ft_is_entry":true},{"amount":0.38374131,"safe_price":23373.57472505499,"ft_order_side":"buy","order_filled_timestamp":1658306700000,"ft_is_entry":false}]},{"pair":"BTC/USDT","stake_amount":9000,"amount":0.3796235,"open_date":"2022-07-20 10:30:00+00:00","close_date":"2022-07-20 11:00:00+00:00","open_rate":23707.7,"close_rate":23788.322304460893,"fee_open":0.0002,"fee_close":0.0002,"trade_duration":30,"profit_ratio":0.0029994,"profit_abs":27.00000015,"exit_reason":"roi","initial_stop_loss_abs":18966.16,"initial_stop_loss_ratio":-0.2,"stop_loss_abs":18966.16,"stop_loss_ratio":-0.2,"min_rate":23544.0,"max_rate":23825.0,"is_open":false,"enter_tag":null,"is_short":false,"open_timestamp":1658313000000,"close_timestamp":1658314800000,"orders":[{"amount":0.3796235,"safe_price":23707.7,"ft_order_side":"buy","order_filled_timestamp":1658313000000,"ft_is_entry":true},{"amount":0.3796235,"safe_price":23788.322304460893,"ft_order_side":"sell","order_filled_timestamp":1658314800000,"ft_is_entry":false}]},{"pair":"BTC/USDT","stake_amount":9000,"amount":0.38095077,"open_date":"2022-07-20 16:45:00+00:00","close_date":"2022-07-20 17:00:00+00:00","open_rate":23625.1,"close_rate":23521.170345930816,"fee_open":0.0002,"fee_close":0.0002,"trade_duration":15,"profit_ratio":0.0040008,"profit_abs":36.00000015,"exit_reason":"roi","initial_stop_loss_abs":28350.12,"initial_stop_loss_ratio":-0.2,"stop_loss_abs":28350.12,"stop_loss_ratio":-0.2,"min_rate":23420.0,"max_rate":23771.2,"is_open":false,"enter_tag":null,"is_short":true,"open_timestamp":1658335500000,"close_timestamp":1658336400000,"orders":[{"amount":0.38095077,"safe_price":23625.1,"ft_order_side":"sell","order_filled_timestamp":1658335500000,"ft_is_entry":true},{"amount":0.38095077,"safe_price":23521.170345930816,"ft_order_side":"buy","order_filled_timestamp":1658336400000,"ft_is_entry":false}]},{"pair":"BTC/USDT","stake_amount":9000,"amount":0.38132685,"open_date":"2022-07-20 22:00:00+00:00","close_date":"2022-07-22 12:15:00+00:00","open_rate":23601.8,"close_rate":23634.849129825965,"fee_open":0.0002,"fee_close":0.0002,"trade_duration":2295,"profit_ratio":0.0005125,"profit_abs":4.61338375,"exit_reason":"roi","initial_stop_loss_abs":18881.44,"initial_stop_loss_ratio":-0.2,"stop_loss_abs":18881.44,"stop_loss_ratio":-0.2,"min_rate":22340.2,"max_rate":23674.0,"is_open":false,"enter_tag":null,"is_short":false,"open_timestamp":1658354400000,"close_timestamp":1658492100000,"orders":[{"amount":0.38132685,"safe_price":23601.8,"ft_order_side":"buy","order_filled_timestamp":1658354400000,"ft_is_entry":true},{"amount":0.38132685,"safe_price":23634.849129825965,"ft_order_side":"sell","order_filled_timestamp":1658492100000,"ft_is_entry":false}]},{"pair":"BTC/USDT","stake_amount":9000,"amount":0.39658584,"open_date":"2022-07-22 22:15:00+00:00","close_date":"2022-07-22 23:30:00+00:00","open_rate":22693.7,"close_rate":22725.4775355071,"fee_open":0.0002,"fee_close":0.0002,"trade_duration":75,"profit_ratio":0.0009998,"profit_abs":9.00000008,"exit_reason":"roi","initial_stop_loss_abs":18154.960000000003,"initial_stop_loss_ratio":-0.2,"stop_loss_abs":18154.960000000003,"stop_loss_ratio":-0.2,"min_rate":22639.4,"max_rate":22759.0,"is_open":false,"enter_tag":null,"is_short":false,"open_timestamp":1658528100000,"close_timestamp":1658532600000,"orders":[{"amount":0.39658584,"safe_price":22693.7,"ft_order_side":"buy","order_filled_timestamp":1658528100000,"ft_is_entry":true},{"amount":0.39658584,"safe_price":22725.4775355071,"ft_order_side":"sell","order_filled_timestamp":1658532600000,"ft_is_entry":false}]},{"pair":"BTC/USDT","stake_amount":9000,"amount":0.39446176,"open_date":"2022-07-23 07:00:00+00:00","close_date":"2022-07-23 07:15:00+00:00","open_rate":22815.9,"close_rate":22715.530113977205,"fee_open":0.0002,"fee_close":0.0002,"trade_duration":15,"profit_ratio":0.0040008,"profit_abs":36.00000028,"exit_reason":"roi","initial_stop_loss_abs":27379.08,"initial_stop_loss_ratio":-0.2,"stop_loss_abs":27379.08,"stop_loss_ratio":-0.2,"min_rate":22654.7,"max_rate":22828.9,"is_open":false,"enter_tag":null,"is_short":true,"open_timestamp":1658559600000,"close_timestamp":1658560500000,"orders":[{"amount":0.39446176,"safe_price":22815.9,"ft_order_side":"sell","order_filled_timestamp":1658559600000,"ft_is_entry":true},{"amount":0.39446176,"safe_price":22715.530113977205,"ft_order_side":"buy","order_filled_timestamp":1658560500000,"ft_is_entry":false}]},{"pair":"BTC/USDT","stake_amount":9000,"amount":0.40862842,"open_date":"2022-07-23 17:45:00+00:00","close_date":"2022-07-25 02:15:00+00:00","open_rate":22024.9,"close_rate":21994.071305738853,"fee_open":0.0002,"fee_close":0.0002,"trade_duration":1950,"profit_ratio":0.00133017,"profit_abs":11.96916128,"exit_reason":"roi","initial_stop_loss_abs":26429.88,"initial_stop_loss_ratio":-0.2,"stop_loss_abs":26429.88,"stop_loss_ratio":-0.2,"min_rate":21933.5,"max_rate":22999.0,"is_open":false,"enter_tag":null,"is_short":true,"open_timestamp":1658598300000,"close_timestamp":1658715300000,"orders":[{"amount":0.40862842,"safe_price":22024.9,"ft_order_side":"sell","order_filled_timestamp":1658598300000,"ft_is_entry":true},{"amount":0.40862842,"safe_price":21994.071305738853,"ft_order_side":"buy","order_filled_timestamp":1658715300000,"ft_is_entry":false}]},{"pair":"BTC/USDT","stake_amount":9000,"amount":0.41111847,"open_date":"2022-07-25 05:45:00+00:00","close_date":"2022-07-25 07:00:00+00:00","open_rate":21891.5,"close_rate":21922.154230846172,"fee_open":0.0002,"fee_close":0.0002,"trade_duration":75,"profit_ratio":0.0009998,"profit_abs":8.99999999,"exit_reason":"roi","initial_stop_loss_abs":17513.2,"initial_stop_loss_ratio":-0.2,"stop_loss_abs":17513.2,"stop_loss_ratio":-0.2,"min_rate":21809.2,"max_rate":21978.4,"is_open":false,"enter_tag":null,"is_short":false,"open_timestamp":1658727900000,"close_timestamp":1658732400000,"orders":[{"amount":0.41111847,"safe_price":21891.5,"ft_order_side":"buy","order_filled_timestamp":1658727900000,"ft_is_entry":true},{"amount":0.41111847,"safe_price":21922.154230846172,"ft_order_side":"sell","order_filled_timestamp":1658732400000,"ft_is_entry":false}]},{"pair":"BTC/USDT","stake_amount":9000,"amount":0.41131387,"open_date":"2022-07-25 12:15:00+00:00","close_date":"2022-07-25 13:15:00+00:00","open_rate":21881.1,"close_rate":21850.472585482905,"fee_open":0.0002,"fee_close":0.0002,"trade_duration":60,"profit_ratio":0.0010002,"profit_abs":8.99999992,"exit_reason":"roi","initial_stop_loss_abs":26257.319999999996,"initial_stop_loss_ratio":-0.2,"stop_loss_abs":26257.319999999996,"stop_loss_ratio":-0.2,"min_rate":21821.0,"max_rate":21996.1,"is_open":false,"enter_tag":null,"is_short":true,"open_timestamp":1658751300000,"close_timestamp":1658754900000,"orders":[{"amount":0.41131387,"safe_price":21881.1,"ft_order_side":"sell","order_filled_timestamp":1658751300000,"ft_is_entry":true},{"amount":0.41131387,"safe_price":21850.472585482905,"ft_order_side":"buy","order_filled_timestamp":1658754900000,"ft_is_entry":false}]},{"pair":"BTC/USDT","stake_amount":9000,"amount":0.41058207,"open_date":"2022-07-25 16:15:00+00:00","close_date":"2022-07-25 17:00:00+00:00","open_rate":21920.1,"close_rate":21972.71876375275,"fee_open":0.0002,"fee_close":0.0002,"trade_duration":45,"profit_ratio":0.0019996,"profit_abs":18.00000007,"exit_reason":"roi","initial_stop_loss_abs":17536.079999999998,"initial_stop_loss_ratio":-0.2,"stop_loss_abs":17536.079999999998,"stop_loss_ratio":-0.2,"min_rate":21830.0,"max_rate":22000.0,"is_open":false,"enter_tag":null,"is_short":false,"open_timestamp":1658765700000,"close_timestamp":1658768400000,"orders":[{"amount":0.41058207,"safe_price":21920.1,"ft_order_side":"buy","order_filled_timestamp":1658765700000,"ft_is_entry":true},{"amount":0.41058207,"safe_price":21972.71876375275,"ft_order_side":"sell","order_filled_timestamp":1658768400000,"ft_is_entry":false}]},{"pair":"BTC/USDT","stake_amount":9000,"amount":0.41161109,"open_date":"2022-07-25 18:30:00+00:00","close_date":"2022-07-25 19:00:00+00:00","open_rate":21865.3,"close_rate":21790.972845430915,"fee_open":0.0002,"fee_close":0.0002,"trade_duration":30,"profit_ratio":0.0030006,"profit_abs":26.9999999,"exit_reason":"roi","initial_stop_loss_abs":26238.359999999997,"initial_stop_loss_ratio":-0.2,"stop_loss_abs":26238.359999999997,"stop_loss_ratio":-0.2,"min_rate":21605.7,"max_rate":21929.4,"is_open":false,"enter_tag":null,"is_short":true,"open_timestamp":1658773800000,"close_timestamp":1658775600000,"orders":[{"amount":0.41161109,"safe_price":21865.3,"ft_order_side":"sell","order_filled_timestamp":1658773800000,"ft_is_entry":true},{"amount":0.41161109,"safe_price":21790.972845430915,"ft_order_side":"buy","order_filled_timestamp":1658775600000,"ft_is_entry":false}]},{"pair":"BTC/USDT","stake_amount":9000,"amount":0.40625268,"open_date":"2022-07-25 20:15:00+00:00","close_date":"2022-07-25 20:30:00+00:00","open_rate":22153.7,"close_rate":22251.19577915583,"fee_open":0.0002,"fee_close":0.0002,"trade_duration":15,"profit_ratio":0.0039992,"profit_abs":35.99999999,"exit_reason":"roi","initial_stop_loss_abs":17722.960000000003,"initial_stop_loss_ratio":-0.2,"stop_loss_abs":17722.960000000003,"stop_loss_ratio":-0.2,"min_rate":22050.0,"max_rate":22252.6,"is_open":false,"enter_tag":null,"is_short":false,"open_timestamp":1658780100000,"close_timestamp":1658781000000,"orders":[{"amount":0.40625268,"safe_price":22153.7,"ft_order_side":"buy","order_filled_timestamp":1658780100000,"ft_is_entry":true},{"amount":0.40625268,"safe_price":22251.19577915583,"ft_order_side":"sell","order_filled_timestamp":1658781000000,"ft_is_entry":false}]},{"pair":"BTC/USDT","stake_amount":9000,"amount":0.41632936,"open_date":"2022-07-25 22:30:00+00:00","close_date":"2022-07-25 23:30:00+00:00","open_rate":21617.5,"close_rate":21587.241551689665,"fee_open":0.0002,"fee_close":0.0002,"trade_duration":60,"profit_ratio":0.0010002,"profit_abs":8.99999994,"exit_reason":"roi","initial_stop_loss_abs":25941.0,"initial_stop_loss_ratio":-0.2,"stop_loss_abs":25941.0,"stop_loss_ratio":-0.2,"min_rate":21501.0,"max_rate":21749.4,"is_open":false,"enter_tag":null,"is_short":true,"open_timestamp":1658788200000,"close_timestamp":1658791800000,"orders":[{"amount":0.41632936,"safe_price":21617.5,"ft_order_side":"sell","order_filled_timestamp":1658788200000,"ft_is_entry":true},{"amount":0.41632936,"safe_price":21587.241551689665,"ft_order_side":"buy","order_filled_timestamp":1658791800000,"ft_is_entry":false}]},{"pair":"BTC/USDT","stake_amount":9000,"amount":0.42706653,"open_date":"2022-07-26 03:45:00+00:00","close_date":"2022-07-26 04:15:00+00:00","open_rate":21074.0,"close_rate":21145.665933186636,"fee_open":0.0002,"fee_close":0.0002,"trade_duration":30,"profit_ratio":0.0029994,"profit_abs":27.00000016,"exit_reason":"roi","initial_stop_loss_abs":16859.2,"initial_stop_loss_ratio":-0.2,"stop_loss_abs":16859.2,"stop_loss_ratio":-0.2,"min_rate":21052.8,"max_rate":21250.0,"is_open":false,"enter_tag":null,"is_short":false,"open_timestamp":1658807100000,"close_timestamp":1658808900000,"orders":[{"amount":0.42706653,"safe_price":21074.0,"ft_order_side":"buy","order_filled_timestamp":1658807100000,"ft_is_entry":true},{"amount":0.42706653,"safe_price":21145.665933186636,"ft_order_side":"sell","order_filled_timestamp":1658808900000,"ft_is_entry":false}]},{"pair":"BTC/USDT","stake_amount":9000,"amount":0.42810255,"open_date":"2022-07-26 13:00:00+00:00","close_date":"2022-07-26 13:15:00+00:00","open_rate":21023.0,"close_rate":20890.7,"fee_open":0.0002,"fee_close":0.0002,"trade_duration":15,"profit_ratio":0.00589555,"profit_abs":53.049295,"exit_reason":"roi","initial_stop_loss_abs":25227.6,"initial_stop_loss_ratio":-0.2,"stop_loss_abs":25227.6,"stop_loss_ratio":-0.2,"min_rate":20760.0,"max_rate":21040.6,"is_open":false,"enter_tag":null,"is_short":true,"open_timestamp":1658840400000,"close_timestamp":1658841300000,"orders":[{"amount":0.42810255,"safe_price":21023.0,"ft_order_side":"sell","order_filled_timestamp":1658840400000,"ft_is_entry":true},{"amount":0.42810255,"safe_price":20890.7,"ft_order_side":"buy","order_filled_timestamp":1658841300000,"ft_is_entry":false}]},{"pair":"BTC/USDT","stake_amount":9000,"amount":0.42868574,"open_date":"2022-07-26 17:15:00+00:00","close_date":"2022-07-26 21:00:00+00:00","open_rate":20994.4,"close_rate":21023.798039607922,"fee_open":0.0002,"fee_close":0.0002,"trade_duration":225,"profit_ratio":0.0009998,"profit_abs":8.9999999,"exit_reason":"roi","initial_stop_loss_abs":16795.52,"initial_stop_loss_ratio":-0.2,"stop_loss_abs":16795.52,"stop_loss_ratio":-0.2,"min_rate":20801.0,"max_rate":21100.0,"is_open":false,"enter_tag":null,"is_short":false,"open_timestamp":1658855700000,"close_timestamp":1658869200000,"orders":[{"amount":0.42868574,"safe_price":20994.4,"ft_order_side":"buy","order_filled_timestamp":1658855700000,"ft_is_entry":true},{"amount":0.42868574,"safe_price":21023.798039607922,"ft_order_side":"sell","order_filled_timestamp":1658869200000,"ft_is_entry":false}]},{"pair":"BTC/USDT","stake_amount":9000,"amount":0.42621507,"open_date":"2022-07-27 02:15:00+00:00","close_date":"2022-07-27 03:30:00+00:00","open_rate":21116.1,"close_rate":21086.543371325733,"fee_open":0.0002,"fee_close":0.0002,"trade_duration":75,"profit_ratio":0.0010002,"profit_abs":9.00000004,"exit_reason":"roi","initial_stop_loss_abs":25339.319999999996,"initial_stop_loss_ratio":-0.2,"stop_loss_abs":25339.319999999996,"stop_loss_ratio":-0.2,"min_rate":21031.0,"max_rate":21190.0,"is_open":false,"enter_tag":null,"is_short":true,"open_timestamp":1658888100000,"close_timestamp":1658892600000,"orders":[{"amount":0.42621507,"safe_price":21116.1,"ft_order_side":"sell","order_filled_timestamp":1658888100000,"ft_is_entry":true},{"amount":0.42621507,"safe_price":21086.543371325733,"ft_order_side":"buy","order_filled_timestamp":1658892600000,"ft_is_entry":false}]},{"pair":"BTC/USDT","stake_amount":9000,"amount":0.4241022,"open_date":"2022-07-27 05:45:00+00:00","close_date":"2022-07-27 06:45:00+00:00","open_rate":21221.3,"close_rate":21251.01576315263,"fee_open":0.0002,"fee_close":0.0002,"trade_duration":60,"profit_ratio":0.0009998,"profit_abs":9.00000002,"exit_reason":"roi","initial_stop_loss_abs":16977.04,"initial_stop_loss_ratio":-0.2,"stop_loss_abs":16977.04,"stop_loss_ratio":-0.2,"min_rate":21152.6,"max_rate":21264.2,"is_open":false,"enter_tag":null,"is_short":false,"open_timestamp":1658900700000,"close_timestamp":1658904300000,"orders":[{"amount":0.4241022,"safe_price":21221.3,"ft_order_side":"buy","order_filled_timestamp":1658900700000,"ft_is_entry":true},{"amount":0.4241022,"safe_price":21251.01576315263,"ft_order_side":"sell","order_filled_timestamp":1658904300000,"ft_is_entry":false}]},{"pair":"BTC/USDT","stake_amount":9000,"amount":0.42284093,"open_date":"2022-07-27 10:00:00+00:00","close_date":"2022-07-27 11:00:00+00:00","open_rate":21284.6,"close_rate":21254.8075184963,"fee_open":0.0002,"fee_close":0.0002,"trade_duration":60,"profit_ratio":0.0010002,"profit_abs":9.00000006,"exit_reason":"roi","initial_stop_loss_abs":25541.519999999997,"initial_stop_loss_ratio":-0.2,"stop_loss_abs":25541.519999999997,"stop_loss_ratio":-0.2,"min_rate":21240.9,"max_rate":21325.0,"is_open":false,"enter_tag":null,"is_short":true,"open_timestamp":1658916000000,"close_timestamp":1658919600000,"orders":[{"amount":0.42284093,"safe_price":21284.6,"ft_order_side":"sell","order_filled_timestamp":1658916000000,"ft_is_entry":true},{"amount":0.42284093,"safe_price":21254.8075184963,"ft_order_side":"buy","order_filled_timestamp":1658919600000,"ft_is_entry":false}]},{"pair":"BTC/USDT","stake_amount":9000,"amount":0.42190137,"open_date":"2022-07-27 13:15:00+00:00","close_date":"2022-07-27 13:45:00+00:00","open_rate":21332.0,"close_rate":21404.54330866173,"fee_open":0.0002,"fee_close":0.0002,"trade_duration":30,"profit_ratio":0.0029994,"profit_abs":27.00000007,"exit_reason":"roi","initial_stop_loss_abs":17065.600000000002,"initial_stop_loss_ratio":-0.2,"stop_loss_abs":17065.600000000002,"stop_loss_ratio":-0.2,"min_rate":21274.2,"max_rate":21477.5,"is_open":false,"enter_tag":null,"is_short":false,"open_timestamp":1658927700000,"close_timestamp":1658929500000,"orders":[{"amount":0.42190137,"safe_price":21332.0,"ft_order_side":"buy","order_filled_timestamp":1658927700000,"ft_is_entry":true},{"amount":0.42190137,"safe_price":21404.54330866173,"ft_order_side":"sell","order_filled_timestamp":1658929500000,"ft_is_entry":false}]}],"locks":[],"best_pair":{"key":"BTC/USDT","trades":51,"profit_mean":0.002290027843137255,"profit_mean_pct":0.2290027843137255,"profit_sum":0.11679141999999999,"profit_sum_pct":11.68,"profit_total_abs":1051.1071499099999,"profit_total":0.10511071499099998,"profit_total_pct":10.51,"duration_avg":"7:43:00","wins":51,"draws":0,"losses":0},"worst_pair":{"key":"BTC/USDT","trades":51,"profit_mean":0.002290027843137255,"profit_mean_pct":0.2290027843137255,"profit_sum":0.11679141999999999,"profit_sum_pct":11.68,"profit_total_abs":1051.1071499099999,"profit_total":0.10511071499099998,"profit_total_pct":10.51,"duration_avg":"7:43:00","wins":51,"draws":0,"losses":0},"results_per_pair":[{"key":"BTC/USDT","trades":51,"profit_mean":0.002290027843137255,"profit_mean_pct":0.2290027843137255,"profit_sum":0.11679141999999999,"profit_sum_pct":11.68,"profit_total_abs":1051.1071499099999,"profit_total":0.10511071499099998,"profit_total_pct":10.51,"duration_avg":"7:43:00","wins":51,"draws":0,"losses":0},{"key":"TOTAL","trades":51,"profit_mean":0.002290027843137255,"profit_mean_pct":0.2290027843137255,"profit_sum":0.11679141999999999,"profit_sum_pct":11.68,"profit_total_abs":1051.1071499099999,"profit_total":0.10511071499099998,"profit_total_pct":10.51,"duration_avg":"7:43:00","wins":51,"draws":0,"losses":0}],"results_per_enter_tag":[{"key":"TOTAL","trades":51,"profit_mean":0.002290027843137255,"profit_mean_pct":0.2290027843137255,"profit_sum":0.11679141999999999,"profit_sum_pct":11.68,"profit_total_abs":1051.1071499099999,"profit_total":0.10511071499099998,"profit_total_pct":10.51,"duration_avg":"7:43:00","wins":51,"draws":0,"losses":0}],"exit_reason_summary":[{"exit_reason":"roi","trades":51,"wins":51,"draws":0,"losses":0,"profit_mean":0.002290027843137255,"profit_mean_pct":0.23,"profit_sum":0.11679141999999999,"profit_sum_pct":11.68,"profit_total_abs":1051.1071499099999,"profit_total":0.11679141999999999,"profit_total_pct":11.68}],"left_open_trades":[{"key":"TOTAL","trades":0,"profit_mean":0.0,"profit_mean_pct":0.0,"profit_sum":0.0,"profit_sum_pct":0.0,"profit_total_abs":0.0,"profit_total":0.0,"profit_total_pct":0.0,"duration_avg":"0:00","wins":0,"draws":0,"losses":0}],"total_trades":51,"trade_count_long":26,"trade_count_short":25,"total_volume":459000.0,"avg_stake_amount":9000.0,"profit_mean":0.002290027843137255,"profit_median":0.0020004,"profit_total":0.10511071499099998,"profit_total_long":0.048657555553000005,"profit_total_short":0.056453159438,"profit_total_abs":1051.1071499099999,"profit_total_long_abs":486.57555553000003,"profit_total_short_abs":564.53159438,"cagr":3.0677149392935137,"profit_factor":0.0,"backtest_start":"2022-07-01 05:00:00","backtest_start_ts":1656651600000,"backtest_end":"2022-07-27 20:30:00","backtest_end_ts":1658953800000,"backtest_days":26,"backtest_run_start_ts":1659144724,"backtest_run_end_ts":1659144748,"trades_per_day":1.96,"market_change":0.15417047184170476,"pairlist":["BTC/USDT"],"stake_amount":9000,"stake_currency":"USDT","stake_currency_decimals":3,"starting_balance":10000,"dry_run_wallet":10000,"final_balance":11051.10714991,"rejected_signals":0,"timedout_entry_orders":0,"timedout_exit_orders":0,"canceled_trade_entries":0,"canceled_entry_orders":0,"replaced_entry_orders":0,"max_open_trades":1,"max_open_trades_setting":10,"timeframe":"15m","timeframe_detail":"","timerange":"20220401-20220729","enable_protections":false,"strategy_name":"CoralTrendMix","stoploss":-0.2,"trailing_stop":false,"trailing_stop_positive":0.1,"trailing_stop_positive_offset":0.0,"trailing_only_offset_is_reached":false,"use_custom_stoploss":false,"minimal_roi":{"60":0.001,"45":0.002,"30":0.003,"15":0.004,"0":0.01},"use_exit_signal":true,"exit_profit_only":false,"exit_profit_offset":0.0,"ignore_roi_if_entry_signal":false,"backtest_best_day":0.01545757,"backtest_worst_day":0.0,"backtest_best_day_abs":139.10835307,"backtest_worst_day_abs":0.0,"winning_days":16,"draw_days":11,"losing_days":0,"daily_profit":[["2022-07-01",36.00000035],["2022-07-02",99.00000004],["2022-07-03",18.51334468],["2022-07-04",0.0],["2022-07-05",0.0],["2022-07-06",0.0],["2022-07-07",0.0],["2022-07-08",0.0],["2022-07-09",0.0],["2022-07-10",0.0],["2022-07-11",0.0],["2022-07-12",0.0],["2022-07-13",139.10835307],["2022-07-14",35.99999992],["2022-07-15",81.0000002],["2022-07-16",44.28739918],["2022-07-17",53.99999997],["2022-07-18",25.35628361],["2022-07-19",79.20992753],["2022-07-20",126.00000091],["2022-07-21",0.0],["2022-07-22",13.61338383],["2022-07-23",36.00000028],["2022-07-24",0.0],["2022-07-25",119.96916109],["2022-07-26",89.04929506],["2022-07-27",54.00000019]],"wins":51,"losses":0,"draws":0,"holding_avg":"7:43:00","holding_avg_s":27780.0,"winner_holding_avg":"7:43:00","winner_holding_avg_s":27780.0,"loser_holding_avg":"0:00:00","loser_holding_avg_s":0.0,"max_drawdown":0.0,"max_drawdown_account":0.0,"max_relative_drawdown":0.0,"max_drawdown_abs":0.0,"max_drawdown_low":0.0,"max_drawdown_high":0.0,"drawdown_start":"1970-01-01 00:00:00+00:00","drawdown_start_ts":0,"drawdown_end":"1970-01-01 00:00:00+00:00","drawdown_end_ts":0,"csum_min":0,"csum_max":0}},"strategy_comparison":[{"key":"CoralTrendMix","trades":51,"profit_mean":0.002290027843137255,"profit_mean_pct":0.2290027843137255,"profit_sum":0.11679141999999999,"profit_sum_pct":11.68,"profit_total_abs":1051.1071499099999,"profit_total":0.10511071499099998,"profit_total_pct":10.51,"duration_avg":"7:43:00","wins":51,"draws":0,"losses":0,"max_drawdown_account":0.0,"max_drawdown_abs":"0"}]}