{"strategy":{"CoralTrendMix":{"trades":[{"pair":"BTC/USDT","stake_amount":100,"amount":0.00519494,"open_date":"2022-07-03 04:45:00+00:00","close_date":"2022-07-03 05:00:00+00:00","open_rate":19249.5,"close_rate":19234.1,"fee_open":0.0002,"fee_close":0.0002,"trade_duration":15,"profit_ratio":0.00040026,"profit_abs":0.04001808,"exit_reason":"exit_signal","initial_stop_loss_abs":21174.45,"initial_stop_loss_ratio":-0.1,"stop_loss_abs":21174.45,"stop_loss_ratio":-0.1,"min_rate":18780.1,"max_rate":19392.6,"is_open":false,"enter_tag":null,"is_short":true,"open_timestamp":1656823500000,"close_timestamp":1656824400000,"orders":[{"amount":0.00519494,"safe_price":19249.5,"ft_order_side":"sell","order_filled_timestamp":1656823500000,"ft_is_entry":true},{"amount":0.00519494,"safe_price":19234.1,"ft_order_side":"buy","order_filled_timestamp":1656824400000,"ft_is_entry":false}]},{"pair":"BTC/USDT","stake_amount":100,"amount":0.00474273,"open_date":"2022-07-07 17:00:00+00:00","close_date":"2022-07-07 18:30:00+00:00","open_rate":21084.9,"close_rate":21304.226825365073,"fee_open":0.0002,"fee_close":0.0002,"trade_duration":90,"profit_ratio":0.009998,"profit_abs":0.99999988,"exit_reason":"roi","initial_stop_loss_abs":18976.410000000003,"initial_stop_loss_ratio":-0.1,"stop_loss_abs":18976.410000000003,"stop_loss_ratio":-0.1,"min_rate":20816.2,"max_rate":21322.0,"is_open":false,"enter_tag":null,"is_short":false,"open_timestamp":1657213200000,"close_timestamp":1657218600000,"orders":[{"amount":0.00474273,"safe_price":21084.9,"ft_order_side":"buy","order_filled_timestamp":1657213200000,"ft_is_entry":true},{"amount":0.00474273,"safe_price":21304.226825365073,"ft_order_side":"sell","order_filled_timestamp":1657218600000,"ft_is_entry":false}]},{"pair":"BTC/USDT","stake_amount":100,"amount":0.00464365,"open_date":"2022-07-09 05:30:00+00:00","close_date":"2022-07-09 11:45:00+00:00","open_rate":21534.8,"close_rate":21310.882863427316,"fee_open":0.0002,"fee_close":0.0002,"trade_duration":375,"profit_ratio":0.01010253,"profit_abs":1.01005178,"exit_reason":"roi","initial_stop_loss_abs":23688.280000000002,"initial_stop_loss_ratio":-0.1,"stop_loss_abs":23688.280000000002,"stop_loss_ratio":-0.1,"min_rate":21309.6,"max_rate":21785.0,"is_open":false,"enter_tag":null,"is_short":true,"open_timestamp":1657344600000,"close_timestamp":1657367100000,"orders":[{"amount":0.00464365,"safe_price":21534.8,"ft_order_side":"sell","order_filled_timestamp":1657344600000,"ft_is_entry":true},{"amount":0.00464365,"safe_price":21310.882863427316,"ft_order_side":"buy","order_filled_timestamp":1657367100000,"ft_is_entry":false}]},{"pair":"BTC/USDT","stake_amount":100,"amount":0.00457195,"open_date":"2022-07-09 18:00:00+00:00","close_date":"2022-07-10 05:00:00+00:00","open_rate":21872.5,"close_rate":21268.3,"fee_open":0.0002,"fee_close":0.0002,"trade_duration":660,"profit_ratio":-0.02811087,"profit_abs":-2.81164848,"exit_reason":"exit_signal","initial_stop_loss_abs":19685.25,"initial_stop_loss_ratio":-0.1,"stop_loss_abs":19685.25,"stop_loss_ratio":-0.1,"min_rate":21095.4,"max_rate":21908.0,"is_open":false,"enter_tag":null,"is_short":false,"open_timestamp":1657389600000,"close_timestamp":1657429200000,"orders":[{"amount":0.00457195,"safe_price":21872.5,"ft_order_side":"buy","order_filled_timestamp":1657389600000,"ft_is_entry":true},{"amount":0.00457195,"safe_price":21268.3,"ft_order_side":"sell","order_filled_timestamp":1657429200000,"ft_is_entry":false}]},{"pair":"BTC/USDT","stake_amount":100,"amount":0.00504238,"open_date":"2022-07-13 17:30:00+00:00","close_date":"2022-07-13 23:15:00+00:00","open_rate":19831.9,"close_rate":20038.19301860372,"fee_open":0.0002,"fee_close":0.0002,"trade_duration":345,"profit_ratio":0.009998,"profit_abs":0.99999976,"exit_reason":"roi","initial_stop_loss_abs":17848.710000000003,"initial_stop_loss_ratio":-0.1,"stop_loss_abs":17848.710000000003,"stop_loss_ratio":-0.1,"min_rate":19575.5,"max_rate":20401.6,"is_open":false,"enter_tag":null,"is_short":false,"open_timestamp":1657733400000,"close_timestamp":1657754100000,"orders":[{"amount":0.00504238,"safe_price":19831.9,"ft_order_side":"buy","order_filled_timestamp":1657733400000,"ft_is_entry":true},{"amount":0.00504238,"safe_price":20038.19301860372,"ft_order_side":"sell","order_filled_timestamp":1657754100000,"ft_is_entry":false}]},{"pair":"BTC/USDT","stake_amount":100,"amount":0.00477646,"open_date":"2022-07-17 18:15:00+00:00","close_date":"2022-07-18 08:45:00+00:00","open_rate":20936.0,"close_rate":22245.2,"fee_open":0.0002,"fee_close":0.0002,"trade_duration":870,"profit_ratio":-0.06275292,"profit_abs":-6.2740353,"exit_reason":"exit_signal","initial_stop_loss_abs":23029.600000000002,"initial_stop_loss_ratio":-0.1,"stop_loss_abs":23029.600000000002,"stop_loss_ratio":-0.1,"min_rate":20742.0,"max_rate":22524.3,"is_open":false,"enter_tag":null,"is_short":true,"open_timestamp":1658081700000,"close_timestamp":1658133900000,"orders":[{"amount":0.00477646,"safe_price":20936.0,"ft_order_side":"sell","order_filled_timestamp":1658081700000,"ft_is_entry":true},{"amount":0.00477646,"safe_price":22245.2,"ft_order_side":"buy","order_filled_timestamp":1658133900000,"ft_is_entry":false}]},{"pair":"BTC/USDT","stake_amount":100,"amount":0.00437886,"open_date":"2022-07-24 16:00:00+00:00","close_date":"2022-07-24 22:15:00+00:00","open_rate":22837.0,"close_rate":22843.9,"fee_open":0.0002,"fee_close":0.0002,"trade_duration":375,"profit_ratio":-0.00018081,"profit_abs":-0.01808492,"exit_reason":"exit_signal","initial_stop_loss_abs":20553.3,"initial_stop_loss_ratio":-0.1,"stop_loss_abs":20553.3,"stop_loss_ratio":-0.1,"min_rate":22626.0,"max_rate":22883.0,"is_open":false,"enter_tag":null,"is_short":false,"open_timestamp":1658678400000,"close_timestamp":1658700900000,"orders":[{"amount":0.00437886,"safe_price":22837.0,"ft_order_side":"buy","order_filled_timestamp":1658678400000,"ft_is_entry":true},{"amount":0.00437886,"safe_price":22843.9,"ft_order_side":"sell","order_filled_timestamp":1658700900000,"ft_is_entry":false}]},{"pair":"BTC/USDT","stake_amount":100,"amount":0.00443054,"open_date":"2022-07-25 00:00:00+00:00","close_date":"2022-07-25 01:00:00+00:00","open_rate":22570.6,"close_rate":22314.7,"fee_open":0.0002,"fee_close":0.0002,"trade_duration":60,"profit_ratio":0.01104223,"profit_abs":1.10400196,"exit_reason":"roi","initial_stop_loss_abs":24827.66,"initial_stop_loss_ratio":-0.1,"stop_loss_abs":24827.66,"stop_loss_ratio":-0.1,"min_rate":22225.3,"max_rate":22656.8,"is_open":false,"enter_tag":null,"is_short":true,"open_timestamp":1658707200000,"close_timestamp":1658710800000,"orders":[{"amount":0.00443054,"safe_price":22570.6,"ft_order_side":"sell","order_filled_timestamp":1658707200000,"ft_is_entry":true},{"amount":0.00443054,"safe_price":22314.7,"ft_order_side":"buy","order_filled_timestamp":1658710800000,"ft_is_entry":false}]},{"pair":"BTC/USDT","stake_amount":100,"amount":0.00468178,"open_date":"2022-07-27 08:15:00+00:00","close_date":"2022-07-27 12:00:00+00:00","open_rate":21359.4,"close_rate":21193.2,"fee_open":0.0002,"fee_close":0.0002,"trade_duration":225,"profit_ratio":-0.00817793,"profit_abs":-0.81795622,"exit_reason":"exit_signal","initial_stop_loss_abs":19223.460000000003,"initial_stop_loss_ratio":-0.1,"stop_loss_abs":19223.460000000003,"stop_loss_ratio":-0.1,"min_rate":21102.5,"max_rate":21431.6,"is_open":false,"enter_tag":null,"is_short":false,"open_timestamp":1658909700000,"close_timestamp":1658923200000,"orders":[{"amount":0.00468178,"safe_price":21359.4,"ft_order_side":"buy","order_filled_timestamp":1658909700000,"ft_is_entry":true},{"amount":0.00468178,"safe_price":21193.2,"ft_order_side":"sell","order_filled_timestamp":1658923200000,"ft_is_entry":false}]}],"locks":[],"best_pair":{"key":"BTC/USDT","trades":9,"profit_mean":-0.006409056666666666,"profit_mean_pct":-0.6409056666666666,"profit_sum":-0.05768151,"profit_sum_pct":-5.77,"profit_total_abs":-5.767653460000001,"profit_total":-0.005767653460000001,"profit_total_pct":-0.58,"duration_avg":"5:35:00","wins":5,"draws":0,"losses":4},"worst_pair":{"key":"BTC/USDT","trades":9,"profit_mean":-0.006409056666666666,"profit_mean_pct":-0.6409056666666666,"profit_sum":-0.05768151,"profit_sum_pct":-5.77,"profit_total_abs":-5.767653460000001,"profit_total":-0.005767653460000001,"profit_total_pct":-0.58,"duration_avg":"5:35:00","wins":5,"draws":0,"losses":4},"results_per_pair":[{"key":"BTC/USDT","trades":9,"profit_mean":-0.006409056666666666,"profit_mean_pct":-0.6409056666666666,"profit_sum":-0.05768151,"profit_sum_pct":-5.77,"profit_total_abs":-5.767653460000001,"profit_total":-0.005767653460000001,"profit_total_pct":-0.58,"duration_avg":"5:35:00","wins":5,"draws":0,"losses":4},{"key":"TOTAL","trades":9,"profit_mean":-0.006409056666666666,"profit_mean_pct":-0.6409056666666666,"profit_sum":-0.05768151,"profit_sum_pct":-5.77,"profit_total_abs":-5.767653460000001,"profit_total":-0.005767653460000001,"profit_total_pct":-0.58,"duration_avg":"5:35:00","wins":5,"draws":0,"losses":4}],"results_per_enter_tag":[{"key":"TOTAL","trades":9,"profit_mean":-0.006409056666666666,"profit_mean_pct":-0.6409056666666666,"profit_sum":-0.05768151,"profit_sum_pct":-5.77,"profit_total_abs":-5.767653460000001,"profit_total":-0.005767653460000001,"profit_total_pct":-0.58,"duration_avg":"5:35:00","wins":5,"draws":0,"losses":4}],"exit_reason_summary":[{"exit_reason":"exit_signal","trades":5,"wins":1,"draws":0,"losses":4,"profit_mean":-0.019764454,"profit_mean_pct":-1.98,"profit_sum":-0.09882227,"profit_sum_pct":-9.88,"profit_total_abs":-9.88170684,"profit_total":-0.09882227,"profit_total_pct":-9.88},{"exit_reason":"roi","trades":4,"wins":4,"draws":0,"losses":0,"profit_mean":0.01028519,"profit_mean_pct":1.03,"profit_sum":0.04114076,"profit_sum_pct":4.11,"profit_total_abs":4.11405338,"profit_total":0.04114076,"profit_total_pct":4.11}],"left_open_trades":[{"key":"TOTAL","trades":0,"profit_mean":0.0,"profit_mean_pct":0.0,"profit_sum":0.0,"profit_sum_pct":0.0,"profit_total_abs":0.0,"profit_total":0.0,"profit_total_pct":0.0,"duration_avg":"0:00","wins":0,"draws":0,"losses":0}],"total_trades":9,"trade_count_long":5,"trade_count_short":4,"total_volume":900.0,"avg_stake_amount":100.0,"profit_mean":-0.006409056666666666,"profit_median":0.00040026,"profit_total":-0.005767653460000001,"profit_total_long":-0.0016476899800000001,"profit_total_short":-0.004119963480000001,"profit_total_abs":-5.767653460000001,"profit_total_long_abs":-1.6476899800000002,"profit_total_short_abs":-4.119963480000001,"cagr":-0.07799384847613045,"profit_factor":0.41868440150223396,"backtest_start":"2022-07-01 07:30:00","backtest_start_ts":1656660600000,"backtest_end":"2022-07-27 20:30:00","backtest_end_ts":1658953800000,"backtest_days":26,"backtest_run_start_ts":1658960077,"backtest_run_end_ts":1658960089,"trades_per_day":0.35,"market_change":0.15417047184170476,"pairlist":["BTC/USDT"],"stake_amount":100,"stake_currency":"USDT","stake_currency_decimals":3,"starting_balance":1000,"dry_run_wallet":1000,"final_balance":994.23234654,"rejected_signals":0,"timedout_entry_orders":0,"timedout_exit_orders":0,"canceled_trade_entries":0,"canceled_entry_orders":0,"replaced_entry_orders":0,"max_open_trades":1,"max_open_trades_setting":3,"timeframe":"15m","timeframe_detail":"","timerange":"","enable_protections":false,"strategy_name":"CoralTrendMix","stoploss":-0.1,"trailing_stop":false,"trailing_stop_positive":null,"trailing_stop_positive_offset":0.0,"trailing_only_offset_is_reached":false,"use_custom_stoploss":false,"minimal_roi":{"60":0.01,"30":0.02,"0":0.04},"use_exit_signal":true,"exit_profit_only":false,"exit_profit_offset":0.0,"ignore_roi_if_entry_signal":false,"backtest_best_day":0.01104223,"backtest_worst_day":-0.06275292,"backtest_best_day_abs":1.10400196,"backtest_worst_day_abs":-6.2740353,"winning_days":5,"draw_days":16,"losing_days":4,"daily_profit":[["2022-07-03",0.04001808],["2022-07-04",0.0],["2022-07-05",0.0],["2022-07-06",0.0],["2022-07-07",0.99999988],["2022-07-08",0.0],["2022-07-09",1.01005178],["2022-07-10",-2.81164848],["2022-07-11",0.0],["2022-07-12",0.0],["2022-07-13",0.99999976],["2022-07-14",0.0],["2022-07-15",0.0],["2022-07-16",0.0],["2022-07-17",0.0],["2022-07-18",-6.2740353],["2022-07-19",0.0],["2022-07-20",0.0],["2022-07-21",0.0],["2022-07-22",0.0],["2022-07-23",0.0],["2022-07-24",-0.01808492],["2022-07-25",1.10400196],["2022-07-26",0.0],["2022-07-27",-0.81795622]],"wins":5,"losses":4,"draws":0,"holding_avg":"5:35:00","holding_avg_s":20100.0,"winner_holding_avg":"2:57:00","winner_holding_avg_s":10620.0,"loser_holding_avg":"8:52:00","loser_holding_avg_s":31920.0,"max_drawdown":0.0810466,"max_drawdown_account":0.008087189637243055,"max_relative_drawdown":0.008087189637243055,"max_drawdown_abs":8.10376894,"drawdown_start":"2022-07-09 11:45:00","drawdown_start_ts":1657367100000.0,"drawdown_end":"2022-07-24 22:15:00","drawdown_end_ts":1658700900000.0,"max_drawdown_low":-6.0536992000000005,"max_drawdown_high":2.0500697399999996,"csum_min":993.9463008,"csum_max":1002.05006974}},"strategy_comparison":[{"key":"CoralTrendMix","trades":9,"profit_mean":-0.006409056666666666,"profit_mean_pct":-0.6409056666666666,"profit_sum":-0.05768151,"profit_sum_pct":-5.77,"profit_total_abs":-5.767653460000001,"profit_total":-0.005767653460000001,"profit_total_pct":-0.58,"duration_avg":"5:35:00","wins":5,"draws":0,"losses":4,"max_drawdown_account":0.008087189637243055,"max_drawdown_abs":"8.104"}]}