{"strategy":{"CoralTrendMix":{"trades":[{"pair":"BTC/USDT","stake_amount":9000,"amount":0.46901871,"open_date":"2022-07-02 05:00:00+00:00","close_date":"2022-07-02 12:30:00+00:00","open_rate":19189.0,"close_rate":19388.605521104222,"fee_open":0.0002,"fee_close":0.0002,"trade_duration":450,"profit_ratio":0.00994602,"profit_abs":89.53206892,"exit_reason":"roi","initial_stop_loss_abs":18229.55,"initial_stop_loss_ratio":-0.05,"stop_loss_abs":18483.2,"stop_loss_ratio":-0.05,"min_rate":18959.0,"max_rate":19456.0,"is_open":false,"enter_tag":null,"is_short":false,"open_timestamp":1656738000000,"close_timestamp":1656765000000,"orders":[{"amount":0.46901871,"safe_price":19189.0,"ft_order_side":"buy","order_filled_timestamp":1656738000000,"ft_is_entry":true},{"amount":0.46901871,"safe_price":19388.605521104222,"ft_order_side":"sell","order_filled_timestamp":1656765000000,"ft_is_entry":false}]},{"pair":"BTC/USDT","stake_amount":9000,"amount":0.46907982,"open_date":"2022-07-02 15:30:00+00:00","close_date":"2022-07-03 04:45:00+00:00","open_rate":19186.5,"close_rate":18987.000299940013,"fee_open":0.0002,"fee_close":0.0002,"trade_duration":795,"profit_ratio":0.01005905,"profit_abs":90.51334447,"exit_reason":"roi","initial_stop_loss_abs":20145.825,"initial_stop_loss_ratio":-0.05,"stop_loss_abs":19719.105,"stop_loss_ratio":-0.05,"min_rate":18780.1,"max_rate":19400.0,"is_open":false,"enter_tag":null,"is_short":true,"open_timestamp":1656775800000,"close_timestamp":1656823500000,"orders":[{"amount":0.46907982,"safe_price":19186.5,"ft_order_side":"sell","order_filled_timestamp":1656775800000,"ft_is_entry":true},{"amount":0.46907982,"safe_price":18987.000299940013,"ft_order_side":"buy","order_filled_timestamp":1656823500000,"ft_is_entry":false}]},{"pair":"BTC/USDT","stake_amount":9000,"amount":0.47373408,"open_date":"2022-07-03 13:45:00+00:00","close_date":"2022-07-04 15:00:00+00:00","open_rate":18998.0,"close_rate":19906.95,"fee_open":0.0002,"fee_close":0.0002,"trade_duration":1515,"profit_ratio":-0.04806527,"profit_abs":-432.5009231,"exit_reason":"trailing_stop_loss","initial_stop_loss_abs":19947.9,"initial_stop_loss_ratio":-0.05,"stop_loss_abs":19906.95,"stop_loss_ratio":-0.05,"min_rate":18959.0,"max_rate":20123.0,"is_open":false,"enter_tag":null,"is_short":true,"open_timestamp":1656855900000,"close_timestamp":1656946800000,"orders":[{"amount":0.47373408,"safe_price":18998.0,"ft_order_side":"sell","order_filled_timestamp":1656855900000,"ft_is_entry":true},{"amount":0.47373408,"safe_price":19906.95,"ft_order_side":"buy","order_filled_timestamp":1656946800000,"ft_is_entry":false}]},{"pair":"BTC/USDT","stake_amount":9000,"amount":0.45519606,"open_date":"2022-07-04 15:30:00+00:00","close_date":"2022-07-04 17:15:00+00:00","open_rate":19771.7,"close_rate":19977.366813362674,"fee_open":0.0002,"fee_close":0.0002,"trade_duration":105,"profit_ratio":0.0099755,"profit_abs":89.79746758,"exit_reason":"roi","initial_stop_loss_abs":18783.115,"initial_stop_loss_ratio":-0.05,"stop_loss_abs":19058.805,"stop_loss_ratio":-0.05,"min_rate":19666.3,"max_rate":20061.9,"is_open":false,"enter_tag":null,"is_short":false,"open_timestamp":1656948600000,"close_timestamp":1656954900000,"orders":[{"amount":0.45519606,"safe_price":19771.7,"ft_order_side":"buy","order_filled_timestamp":1656948600000,"ft_is_entry":true},{"amount":0.45519606,"safe_price":19977.366813362674,"ft_order_side":"sell","order_filled_timestamp":1656954900000,"ft_is_entry":false}]},{"pair":"BTC/USDT","stake_amount":9000,"amount":0.45065345,"open_date":"2022-07-04 17:30:00+00:00","close_date":"2022-07-04 22:45:00+00:00","open_rate":19971.0,"close_rate":20178.739947989598,"fee_open":0.0002,"fee_close":0.0002,"trade_duration":315,"profit_ratio":0.009998,"profit_abs":90.0000005,"exit_reason":"roi","initial_stop_loss_abs":18972.45,"initial_stop_loss_ratio":-0.05,"stop_loss_abs":19254.6,"stop_loss_ratio":-0.05,"min_rate":19719.5,"max_rate":20268.0,"is_open":false,"enter_tag":null,"is_short":false,"open_timestamp":1656955800000,"close_timestamp":1656974700000,"orders":[{"amount":0.45065345,"safe_price":19971.0,"ft_order_side":"buy","order_filled_timestamp":1656955800000,"ft_is_entry":true},{"amount":0.45065345,"safe_price":20178.739947989598,"ft_order_side":"sell","order_filled_timestamp":1656974700000,"ft_is_entry":false}]},{"pair":"BTC/USDT","stake_amount":9000,"amount":0.44508185,"open_date":"2022-07-05 02:30:00+00:00","close_date":"2022-07-05 08:15:00+00:00","open_rate":20221.0,"close_rate":20010.743651269746,"fee_open":0.0002,"fee_close":0.0002,"trade_duration":345,"profit_ratio":0.01010196,"profit_abs":90.89941339,"exit_reason":"roi","initial_stop_loss_abs":21232.05,"initial_stop_loss_ratio":-0.05,"stop_loss_abs":20929.65,"stop_loss_ratio":-0.05,"min_rate":19933.0,"max_rate":20448.6,"is_open":false,"enter_tag":null,"is_short":true,"open_timestamp":1656988200000,"close_timestamp":1657008900000,"orders":[{"amount":0.44508185,"safe_price":20221.0,"ft_order_side":"sell","order_filled_timestamp":1656988200000,"ft_is_entry":true},{"amount":0.44508185,"safe_price":20010.743651269746,"ft_order_side":"buy","order_filled_timestamp":1657008900000,"ft_is_entry":false}]},{"pair":"BTC/USDT","stake_amount":9000,"amount":0.44411547,"open_date":"2022-07-05 22:30:00+00:00","close_date":"2022-07-06 01:30:00+00:00","open_rate":20265.0,"close_rate":20054.286142771445,"fee_open":0.0002,"fee_close":0.0002,"trade_duration":180,"profit_ratio":0.01010155,"profit_abs":90.89578534,"exit_reason":"roi","initial_stop_loss_abs":21278.25,"initial_stop_loss_ratio":-0.05,"stop_loss_abs":20910.015,"stop_loss_ratio":-0.05,"min_rate":19914.3,"max_rate":20438.0,"is_open":false,"enter_tag":null,"is_short":true,"open_timestamp":1657060200000,"close_timestamp":1657071000000,"orders":[{"amount":0.44411547,"safe_price":20265.0,"ft_order_side":"sell","order_filled_timestamp":1657060200000,"ft_is_entry":true},{"amount":0.44411547,"safe_price":20054.286142771445,"ft_order_side":"buy","order_filled_timestamp":1657071000000,"ft_is_entry":false}]},{"pair":"BTC/USDT","stake_amount":9000,"amount":0.44560853,"open_date":"2022-07-06 04:30:00+00:00","close_date":"2022-07-06 18:30:00+00:00","open_rate":20197.1,"close_rate":20407.191858371676,"fee_open":0.0002,"fee_close":0.0002,"trade_duration":840,"profit_ratio":0.00981477,"profit_abs":88.35061138,"exit_reason":"roi","initial_stop_loss_abs":19187.245,"initial_stop_loss_ratio":-0.05,"stop_loss_abs":19418.95,"stop_loss_ratio":-0.05,"min_rate":19850.0,"max_rate":20441.0,"is_open":false,"enter_tag":null,"is_short":false,"open_timestamp":1657081800000,"close_timestamp":1657132200000,"orders":[{"amount":0.44560853,"safe_price":20197.1,"ft_order_side":"buy","order_filled_timestamp":1657081800000,"ft_is_entry":true},{"amount":0.44560853,"safe_price":20407.191858371676,"ft_order_side":"sell","order_filled_timestamp":1657132200000,"ft_is_entry":false}]},{"pair":"BTC/USDT","stake_amount":9000,"amount":0.44355514,"open_date":"2022-07-06 20:30:00+00:00","close_date":"2022-07-07 18:30:00+00:00","open_rate":20290.6,"close_rate":21257.145000000004,"fee_open":0.0002,"fee_close":0.0002,"trade_duration":1320,"profit_ratio":-0.04779716,"profit_abs":-430.08838035,"exit_reason":"trailing_stop_loss","initial_stop_loss_abs":21305.13,"initial_stop_loss_ratio":-0.05,"stop_loss_abs":21257.145000000004,"stop_loss_ratio":-0.05,"min_rate":20244.9,"max_rate":21322.0,"is_open":false,"enter_tag":null,"is_short":true,"open_timestamp":1657139400000,"close_timestamp":1657218600000,"orders":[{"amount":0.44355514,"safe_price":20290.6,"ft_order_side":"sell","order_filled_timestamp":1657139400000,"ft_is_entry":true},{"amount":0.44355514,"safe_price":21257.145000000004,"ft_order_side":"buy","order_filled_timestamp":1657218600000,"ft_is_entry":false}]},{"pair":"BTC/USDT","stake_amount":9000,"amount":0.41637944,"open_date":"2022-07-07 22:30:00+00:00","close_date":"2022-07-08 09:00:00+00:00","open_rate":21614.9,"close_rate":21390.149990002,"fee_open":0.0002,"fee_close":0.0002,"trade_duration":630,"profit_ratio":0.01010496,"profit_abs":90.92642415,"exit_reason":"roi","initial_stop_loss_abs":22695.645000000004,"initial_stop_loss_ratio":-0.05,"stop_loss_abs":22374.45,"stop_loss_ratio":-0.05,"min_rate":21309.0,"max_rate":22579.9,"is_open":false,"enter_tag":null,"is_short":true,"open_timestamp":1657233000000,"close_timestamp":1657270800000,"orders":[{"amount":0.41637944,"safe_price":21614.9,"ft_order_side":"sell","order_filled_timestamp":1657233000000,"ft_is_entry":true},{"amount":0.41637944,"safe_price":21390.149990002,"ft_order_side":"buy","order_filled_timestamp":1657270800000,"ft_is_entry":false}]},{"pair":"BTC/USDT","stake_amount":9000,"amount":0.41651626,"open_date":"2022-07-08 11:45:00+00:00","close_date":"2022-07-08 14:45:00+00:00","open_rate":21607.8,"close_rate":21832.566073214643,"fee_open":0.0002,"fee_close":0.0002,"trade_duration":180,"profit_ratio":0.009998,"profit_abs":90.00000043,"exit_reason":"roi","initial_stop_loss_abs":20527.41,"initial_stop_loss_ratio":-0.05,"stop_loss_abs":20757.5,"stop_loss_ratio":-0.05,"min_rate":21175.2,"max_rate":21850.0,"is_open":false,"enter_tag":null,"is_short":false,"open_timestamp":1657280700000,"close_timestamp":1657291500000,"orders":[{"amount":0.41651626,"safe_price":21607.8,"ft_order_side":"buy","order_filled_timestamp":1657280700000,"ft_is_entry":true},{"amount":0.41651626,"safe_price":21832.566073214643,"ft_order_side":"sell","order_filled_timestamp":1657291500000,"ft_is_entry":false}]},{"pair":"BTC/USDT","stake_amount":9000,"amount":0.41359534,"open_date":"2022-07-08 19:15:00+00:00","close_date":"2022-07-09 00:00:00+00:00","open_rate":21760.4,"close_rate":21534.137092581484,"fee_open":0.0002,"fee_close":0.0002,"trade_duration":285,"profit_ratio":0.01010123,"profit_abs":90.89286171,"exit_reason":"roi","initial_stop_loss_abs":22848.420000000002,"initial_stop_loss_ratio":-0.05,"stop_loss_abs":22488.165,"stop_loss_ratio":-0.05,"min_rate":21417.3,"max_rate":22048.0,"is_open":false,"enter_tag":null,"is_short":true,"open_timestamp":1657307700000,"close_timestamp":1657324800000,"orders":[{"amount":0.41359534,"safe_price":21760.4,"ft_order_side":"sell","order_filled_timestamp":1657307700000,"ft_is_entry":true},{"amount":0.41359534,"safe_price":21534.137092581484,"ft_order_side":"buy","order_filled_timestamp":1657324800000,"ft_is_entry":false}]},{"pair":"BTC/USDT","stake_amount":9000,"amount":0.41655096,"open_date":"2022-07-09 04:00:00+00:00","close_date":"2022-07-09 17:30:00+00:00","open_rate":21606.0,"close_rate":21830.747349469893,"fee_open":0.0002,"fee_close":0.0002,"trade_duration":810,"profit_ratio":0.00983662,"profit_abs":88.54724304,"exit_reason":"roi","initial_stop_loss_abs":20525.7,"initial_stop_loss_ratio":-0.05,"stop_loss_abs":20900.0,"stop_loss_ratio":-0.05,"min_rate":21309.6,"max_rate":22000.0,"is_open":false,"enter_tag":null,"is_short":false,"open_timestamp":1657339200000,"close_timestamp":1657387800000,"orders":[{"amount":0.41655096,"safe_price":21606.0,"ft_order_side":"buy","order_filled_timestamp":1657339200000,"ft_is_entry":true},{"amount":0.41655096,"safe_price":21830.747349469893,"ft_order_side":"sell","order_filled_timestamp":1657387800000,"ft_is_entry":false}]},{"pair":"BTC/USDT","stake_amount":9000,"amount":0.41685773,"open_date":"2022-07-09 19:30:00+00:00","close_date":"2022-07-10 00:45:00+00:00","open_rate":21590.1,"close_rate":21365.607858428313,"fee_open":0.0002,"fee_close":0.0002,"trade_duration":315,"profit_ratio":0.01010159,"profit_abs":90.89616135,"exit_reason":"roi","initial_stop_loss_abs":22669.605,"initial_stop_loss_ratio":-0.05,"stop_loss_abs":22428.0,"stop_loss_ratio":-0.05,"min_rate":21360.0,"max_rate":21746.4,"is_open":false,"enter_tag":null,"is_short":true,"open_timestamp":1657395000000,"close_timestamp":1657413900000,"orders":[{"amount":0.41685773,"safe_price":21590.1,"ft_order_side":"sell","order_filled_timestamp":1657395000000,"ft_is_entry":true},{"amount":0.41685773,"safe_price":21365.607858428313,"ft_order_side":"buy","order_filled_timestamp":1657413900000,"ft_is_entry":false}]},{"pair":"BTC/USDT","stake_amount":9000,"amount":0.42248761,"open_date":"2022-07-10 05:30:00+00:00","close_date":"2022-07-11 06:00:00+00:00","open_rate":21302.4,"close_rate":20361.635,"fee_open":0.0002,"fee_close":0.0002,"trade_duration":1470,"profit_ratio":-0.04478728,"profit_abs":-403.16616797,"exit_reason":"trailing_stop_loss","initial_stop_loss_abs":20237.28,"initial_stop_loss_ratio":-0.05,"stop_loss_abs":20361.635,"stop_loss_ratio":-0.05,"min_rate":20350.0,"max_rate":21433.3,"is_open":false,"enter_tag":null,"is_short":false,"open_timestamp":1657431000000,"close_timestamp":1657519200000,"orders":[{"amount":0.42248761,"safe_price":21302.4,"ft_order_side":"buy","order_filled_timestamp":1657431000000,"ft_is_entry":true},{"amount":0.42248761,"safe_price":20361.635,"ft_order_side":"sell","order_filled_timestamp":1657519200000,"ft_is_entry":false}]},{"pair":"BTC/USDT","stake_amount":9000,"amount":0.44179585,"open_date":"2022-07-11 06:15:00+00:00","close_date":"2022-07-11 21:45:00+00:00","open_rate":20371.4,"close_rate":20159.579804039193,"fee_open":0.0002,"fee_close":0.0002,"trade_duration":930,"profit_ratio":0.01015984,"profit_abs":91.42029885,"exit_reason":"roi","initial_stop_loss_abs":21389.97,"initial_stop_loss_ratio":-0.05,"stop_loss_abs":21140.175,"stop_loss_ratio":-0.05,"min_rate":20133.5,"max_rate":20778.1,"is_open":false,"enter_tag":null,"is_short":true,"open_timestamp":1657520100000,"close_timestamp":1657575900000,"orders":[{"amount":0.44179585,"safe_price":20371.4,"ft_order_side":"sell","order_filled_timestamp":1657520100000,"ft_is_entry":true},{"amount":0.44179585,"safe_price":20159.579804039193,"ft_order_side":"buy","order_filled_timestamp":1657575900000,"ft_is_entry":false}]},{"pair":"BTC/USDT","stake_amount":9000,"amount":0.45134954,"open_date":"2022-07-12 02:30:00+00:00","close_date":"2022-07-13 12:15:00+00:00","open_rate":19940.2,"close_rate":20147.61956391278,"fee_open":0.0002,"fee_close":0.0002,"trade_duration":2025,"profit_ratio":0.00991337,"profit_abs":89.23821722,"exit_reason":"roi","initial_stop_loss_abs":18943.19,"initial_stop_loss_ratio":-0.05,"stop_loss_abs":19142.5,"stop_loss_ratio":-0.05,"min_rate":19228.3,"max_rate":20150.0,"is_open":false,"enter_tag":null,"is_short":false,"open_timestamp":1657593000000,"close_timestamp":1657714500000,"orders":[{"amount":0.45134954,"safe_price":19940.2,"ft_order_side":"buy","order_filled_timestamp":1657593000000,"ft_is_entry":true},{"amount":0.45134954,"safe_price":20147.61956391278,"ft_order_side":"sell","order_filled_timestamp":1657714500000,"ft_is_entry":false}]},{"pair":"BTC/USDT","stake_amount":9000,"amount":0.44901889,"open_date":"2022-07-13 12:30:00+00:00","close_date":"2022-07-13 12:30:00+00:00","open_rate":20043.7,"close_rate":19041.515,"fee_open":0.0002,"fee_close":0.0002,"trade_duration":0,"profit_ratio":-0.05037992,"profit_abs":-453.50999625,"exit_reason":"stop_loss","initial_stop_loss_abs":19041.515,"initial_stop_loss_ratio":-0.05,"stop_loss_abs":19041.515,"stop_loss_ratio":-0.05,"min_rate":18901.0,"max_rate":20067.0,"is_open":false,"enter_tag":null,"is_short":false,"open_timestamp":1657715400000,"close_timestamp":1657715400000,"orders":[{"amount":0.44901889,"safe_price":20043.7,"ft_order_side":"buy","order_filled_timestamp":1657715400000,"ft_is_entry":true},{"amount":0.44901889,"safe_price":19041.515,"ft_order_side":"sell","order_filled_timestamp":1657715400000,"ft_is_entry":false}]},{"pair":"BTC/USDT","stake_amount":9000,"amount":0.47022189,"open_date":"2022-07-13 12:45:00+00:00","close_date":"2022-07-13 17:00:00+00:00","open_rate":19139.9,"close_rate":19862.64,"fee_open":0.0002,"fee_close":0.0002,"trade_duration":255,"profit_ratio":-0.03818847,"profit_abs":-343.62750637,"exit_reason":"trailing_stop_loss","initial_stop_loss_abs":20096.895000000004,"initial_stop_loss_ratio":-0.05,"stop_loss_abs":19862.64,"stop_loss_ratio":-0.05,"min_rate":18916.8,"max_rate":20106.6,"is_open":false,"enter_tag":null,"is_short":true,"open_timestamp":1657716300000,"close_timestamp":1657731600000,"orders":[{"amount":0.47022189,"safe_price":19139.9,"ft_order_side":"sell","order_filled_timestamp":1657716300000,"ft_is_entry":true},{"amount":0.47022189,"safe_price":19862.64,"ft_order_side":"buy","order_filled_timestamp":1657731600000,"ft_is_entry":false}]},{"pair":"BTC/USDT","stake_amount":9000,"amount":0.45691078,"open_date":"2022-07-13 20:15:00+00:00","close_date":"2022-07-14 17:15:00+00:00","open_rate":19697.5,"close_rate":20554.275,"fee_open":0.0002,"fee_close":0.0002,"trade_duration":1260,"profit_ratio":-0.04377636,"profit_abs":-393.90845208,"exit_reason":"trailing_stop_loss","initial_stop_loss_abs":20682.375,"initial_stop_loss_ratio":-0.05,"stop_loss_abs":20554.275,"stop_loss_ratio":-0.05,"min_rate":19575.5,"max_rate":20603.3,"is_open":false,"enter_tag":null,"is_short":true,"open_timestamp":1657743300000,"close_timestamp":1657818900000,"orders":[{"amount":0.45691078,"safe_price":19697.5,"ft_order_side":"sell","order_filled_timestamp":1657743300000,"ft_is_entry":true},{"amount":0.45691078,"safe_price":20554.275,"ft_order_side":"buy","order_filled_timestamp":1657818900000,"ft_is_entry":false}]}],"locks":[],"best_pair":{"key":"BTC/USDT","trades":20,"profit_mean":-0.0066391,"profit_mean_pct":-0.66391,"profit_sum":-0.132782,"profit_sum_pct":-13.28,"profit_total_abs":-1194.89152779,"profit_total":-0.119489152779,"profit_total_pct":-11.95,"duration_avg":"11:41:00","wins":14,"draws":0,"losses":6},"worst_pair":{"key":"BTC/USDT","trades":20,"profit_mean":-0.0066391,"profit_mean_pct":-0.66391,"profit_sum":-0.132782,"profit_sum_pct":-13.28,"profit_total_abs":-1194.89152779,"profit_total":-0.119489152779,"profit_total_pct":-11.95,"duration_avg":"11:41:00","wins":14,"draws":0,"losses":6},"results_per_pair":[{"key":"BTC/USDT","trades":20,"profit_mean":-0.0066391,"profit_mean_pct":-0.66391,"profit_sum":-0.132782,"profit_sum_pct":-13.28,"profit_total_abs":-1194.89152779,"profit_total":-0.119489152779,"profit_total_pct":-11.95,"duration_avg":"11:41:00","wins":14,"draws":0,"losses":6},{"key":"TOTAL","trades":20,"profit_mean":-0.0066391,"profit_mean_pct":-0.66391,"profit_sum":-0.132782,"profit_sum_pct":-13.28,"profit_total_abs":-1194.89152779,"profit_total":-0.119489152779,"profit_total_pct":-11.95,"duration_avg":"11:41:00","wins":14,"draws":0,"losses":6}],"results_per_enter_tag":[{"key":"TOTAL","trades":20,"profit_mean":-0.0066391,"profit_mean_pct":-0.66391,"profit_sum":-0.132782,"profit_sum_pct":-13.28,"profit_total_abs":-1194.89152779,"profit_total":-0.119489152779,"profit_total_pct":-11.95,"duration_avg":"11:41:00","wins":14,"draws":0,"losses":6}],"exit_reason_summary":[{"exit_reason":"roi","trades":14,"wins":14,"draws":0,"losses":0,"profit_mean":0.010015175714285715,"profit_mean_pct":1.0,"profit_sum":0.14021246,"profit_sum_pct":14.02,"profit_total_abs":1261.90989833,"profit_total":0.14021246,"profit_total_pct":14.02},{"exit_reason":"trailing_stop_loss","trades":5,"wins":0,"draws":0,"losses":5,"profit_mean":-0.04452290799999999,"profit_mean_pct":-4.45,"profit_sum":-0.22261453999999997,"profit_sum_pct":-22.26,"profit_total_abs":-2003.29142987,"profit_total":-0.22261453999999997,"profit_total_pct":-22.26},{"exit_reason":"stop_loss","trades":1,"wins":0,"draws":0,"losses":1,"profit_mean":-0.05037992,"profit_mean_pct":-5.04,"profit_sum":-0.05037992,"profit_sum_pct":-5.04,"profit_total_abs":-453.50999625,"profit_total":-0.05037992,"profit_total_pct":-5.04}],"left_open_trades":[{"key":"TOTAL","trades":0,"profit_mean":0.0,"profit_mean_pct":0.0,"profit_sum":0.0,"profit_sum_pct":0.0,"profit_total_abs":0.0,"profit_total":0.0,"profit_total_pct":0.0,"duration_avg":"0:00","wins":0,"draws":0,"losses":0}],"total_trades":20,"trade_count_long":9,"trade_count_short":11,"total_volume":180000.0,"avg_stake_amount":9000.0,"profit_mean":-0.0066391,"profit_median":0.009960759999999999,"profit_total":-0.119489152779,"profit_total_long":-0.023121055515,"profit_total_short":-0.09636809726399999,"profit_total_abs":-1194.89152779,"profit_total_long_abs":-231.21055515,"profit_total_short_abs":-963.6809726399999,"cagr":-0.8439992186849145,"profit_factor":0.5136393543709883,"backtest_start":"2022-07-02 01:00:00","backtest_start_ts":1656723600000,"backtest_end":"2022-07-27 20:30:00","backtest_end_ts":1658953800000,"backtest_days":25,"backtest_run_start_ts":1659133163,"backtest_run_end_ts":1659133180,"trades_per_day":0.8,"market_change":0.15417047184170476,"pairlist":["BTC/USDT"],"stake_amount":9000,"stake_currency":"USDT","stake_currency_decimals":3,"starting_balance":10000,"dry_run_wallet":10000,"final_balance":8805.10847221,"rejected_signals":0,"timedout_entry_orders":0,"timedout_exit_orders":0,"canceled_trade_entries":0,"canceled_entry_orders":0,"replaced_entry_orders":0,"max_open_trades":1,"max_open_trades_setting":10,"timeframe":"15m","timeframe_detail":"","timerange":"20220101-20220729","enable_protections":false,"strategy_name":"CoralTrendMix","stoploss":-0.05,"trailing_stop":true,"trailing_stop_positive":0.05,"trailing_stop_positive_offset":0.0,"trailing_only_offset_is_reached":false,"use_custom_stoploss":true,"minimal_roi":{"60":0.01,"45":0.02,"30":0.03,"15":0.04,"0":0.05},"use_exit_signal":true,"exit_profit_only":false,"exit_profit_offset":0.0,"ignore_roi_if_entry_signal":false,"backtest_best_day":0.02010296,"backtest_worst_day":-0.07865502,"backtest_best_day_abs":180.92642458,"backtest_worst_day_abs":-707.8992854,"winning_days":7,"draw_days":1,"losing_days":5,"daily_profit":[["2022-07-02",89.53206892],["2022-07-03",90.51334447],["2022-07-04",-252.70345502],["2022-07-05",90.89941339],["2022-07-06",179.24639672],["2022-07-07",-430.08838035],["2022-07-08",180.92642458],["2022-07-09",179.44010475],["2022-07-10",90.89616135],["2022-07-11",-311.74586912],["2022-07-12",0.0],["2022-07-13",-707.8992854],["2022-07-14",-393.90845208]],"wins":14,"losses":6,"draws":0,"holding_avg":"11:41:00","holding_avg_s":42060.0,"winner_holding_avg":"9:46:00","winner_holding_avg_s":35160.0,"loser_holding_avg":"16:10:00","loser_holding_avg_s":58200.0,"max_drawdown":0.15705882000000002,"max_drawdown_account":0.13833059511100046,"max_relative_drawdown":0.13833059511100046,"max_drawdown_abs":1413.5536066,"drawdown_start":"2022-07-10 00:45:00","drawdown_start_ts":1657413900000.0,"drawdown_end":"2022-07-14 17:15:00","drawdown_end_ts":1657818900000.0,"max_drawdown_low":-1194.89152779,"max_drawdown_high":218.66207880999997,"csum_min":8805.10847221,"csum_max":10218.66207881}},"strategy_comparison":[{"key":"CoralTrendMix","trades":20,"profit_mean":-0.0066391,"profit_mean_pct":-0.66391,"profit_sum":-0.132782,"profit_sum_pct":-13.28,"profit_total_abs":-1194.89152779,"profit_total":-0.119489152779,"profit_total_pct":-11.95,"duration_avg":"11:41:00","wins":14,"draws":0,"losses":6,"max_drawdown_account":0.13833059511100046,"max_drawdown_abs":"1413.554"}]}