{"strategy":{"CoralTrendMix":{"trades":[{"pair":"BTC/USDT","stake_amount":100,"amount":0.00259075,"open_date":"2022-05-02 03:00:00+00:00","close_date":"2022-05-02 11:00:00+00:00","open_rate":38598.9,"close_rate":38702.2,"fee_open":0.0002,"fee_close":0.0002,"trade_duration":480,"profit_ratio":0.00218464,"profit_abs":0.21850778,"exit_reason":"roi","initial_stop_loss_abs":25861.263,"initial_stop_loss_ratio":-0.33,"stop_loss_abs":33156.969999999994,"stop_loss_ratio":-0.15,"min_rate":38572.8,"max_rate":39155.0,"is_open":false,"enter_tag":null,"is_short":false,"open_timestamp":1651460400000,"close_timestamp":1651489200000,"orders":[{"amount":0.00259075,"safe_price":38598.9,"ft_order_side":"buy","order_filled_timestamp":1651460400000,"ft_is_entry":true},{"amount":0.00259075,"safe_price":38702.2,"ft_order_side":"sell","order_filled_timestamp":1651489200000,"ft_is_entry":false}]},{"pair":"BTC/USDT","stake_amount":100,"amount":0.00259,"open_date":"2022-05-03 08:15:00+00:00","close_date":"2022-05-04 07:45:00+00:00","open_rate":38610.1,"close_rate":38625.54712942588,"fee_open":0.0002,"fee_close":0.0002,"trade_duration":1410,"profit_ratio":-0.0001969,"profit_abs":-0.01969441,"exit_reason":"roi","initial_stop_loss_abs":25868.766999999996,"initial_stop_loss_ratio":-0.33,"stop_loss_abs":25868.766999999996,"stop_loss_ratio":-0.33,"min_rate":37500.1,"max_rate":38770.0,"is_open":false,"enter_tag":null,"is_short":false,"open_timestamp":1651565700000,"close_timestamp":1651650300000,"orders":[{"amount":0.00259,"safe_price":38610.1,"ft_order_side":"buy","order_filled_timestamp":1651565700000,"ft_is_entry":true},{"amount":0.00259,"safe_price":38625.54712942588,"ft_order_side":"sell","order_filled_timestamp":1651650300000,"ft_is_entry":false}]},{"pair":"BTC/USDT","stake_amount":100,"amount":0.00256727,"open_date":"2022-05-04 12:15:00+00:00","close_date":"2022-05-04 20:15:00+00:00","open_rate":38951.9,"close_rate":39803.3,"fee_open":0.0002,"fee_close":0.0002,"trade_duration":480,"profit_ratio":0.02134904,"profit_abs":2.13533209,"exit_reason":"roi","initial_stop_loss_abs":26097.772999999997,"initial_stop_loss_ratio":-0.33,"stop_loss_abs":33901.315,"stop_loss_ratio":-0.15,"min_rate":38600.0,"max_rate":40071.7,"is_open":false,"enter_tag":null,"is_short":false,"open_timestamp":1651666500000,"close_timestamp":1651695300000,"orders":[{"amount":0.00256727,"safe_price":38951.9,"ft_order_side":"buy","order_filled_timestamp":1651666500000,"ft_is_entry":true},{"amount":0.00256727,"safe_price":39803.3,"ft_order_side":"sell","order_filled_timestamp":1651695300000,"ft_is_entry":false}]},{"pair":"BTC/USDT","stake_amount":100,"amount":0.00276591,"open_date":"2022-05-05 18:30:00+00:00","close_date":"2022-05-06 07:30:00+00:00","open_rate":36154.5,"close_rate":36140.04109178164,"fee_open":0.0002,"fee_close":0.0002,"trade_duration":780,"profit_ratio":-0.00013604,"profit_abs":-0.01360119,"exit_reason":"roi","initial_stop_loss_abs":48085.485,"initial_stop_loss_ratio":-0.33,"stop_loss_abs":48085.485,"stop_loss_ratio":-0.33,"min_rate":35388.0,"max_rate":36679.3,"is_open":false,"enter_tag":null,"is_short":true,"open_timestamp":1651775400000,"close_timestamp":1651822200000,"orders":[{"amount":0.00276591,"safe_price":36154.5,"ft_order_side":"sell","order_filled_timestamp":1651775400000,"ft_is_entry":true},{"amount":0.00276591,"safe_price":36140.04109178164,"ft_order_side":"buy","order_filled_timestamp":1651822200000,"ft_is_entry":false}]},{"pair":"BTC/USDT","stake_amount":100,"amount":0.0027714,"open_date":"2022-05-06 10:45:00+00:00","close_date":"2022-05-06 18:45:00+00:00","open_rate":36082.8,"close_rate":35937.4,"fee_open":0.0002,"fee_close":0.0002,"trade_duration":480,"profit_ratio":0.00367302,"profit_abs":0.3672283,"exit_reason":"roi","initial_stop_loss_abs":47990.124,"initial_stop_loss_ratio":-0.33,"stop_loss_abs":40805.104999999996,"stop_loss_ratio":-0.15,"min_rate":35200.0,"max_rate":36426.4,"is_open":false,"enter_tag":null,"is_short":true,"open_timestamp":1651833900000,"close_timestamp":1651862700000,"orders":[{"amount":0.0027714,"safe_price":36082.8,"ft_order_side":"sell","order_filled_timestamp":1651833900000,"ft_is_entry":true},{"amount":0.0027714,"safe_price":35937.4,"ft_order_side":"buy","order_filled_timestamp":1651862700000,"ft_is_entry":false}]},{"pair":"BTC/USDT","stake_amount":100,"amount":0.00278237,"open_date":"2022-05-07 01:30:00+00:00","close_date":"2022-05-07 13:00:00+00:00","open_rate":35940.6,"close_rate":35926.22663467307,"fee_open":0.0002,"fee_close":0.0002,"trade_duration":690,"profit_ratio":5.992e-05,"profit_abs":0.00599123,"exit_reason":"roi","initial_stop_loss_abs":47800.998,"initial_stop_loss_ratio":-0.33,"stop_loss_abs":47800.998,"stop_loss_ratio":-0.33,"min_rate":35702.9,"max_rate":36138.0,"is_open":false,"enter_tag":null,"is_short":true,"open_timestamp":1651887000000,"close_timestamp":1651928400000,"orders":[{"amount":0.00278237,"safe_price":35940.6,"ft_order_side":"sell","order_filled_timestamp":1651887000000,"ft_is_entry":true},{"amount":0.00278237,"safe_price":35926.22663467307,"ft_order_side":"buy","order_filled_timestamp":1651928400000,"ft_is_entry":false}]},{"pair":"BTC/USDT","stake_amount":100,"amount":0.00278209,"open_date":"2022-05-07 16:30:00+00:00","close_date":"2022-05-08 00:30:00+00:00","open_rate":35944.2,"close_rate":35332.4,"fee_open":0.0002,"fee_close":0.0002,"trade_duration":480,"profit_ratio":0.01660131,"profit_abs":1.6597994,"exit_reason":"roi","initial_stop_loss_abs":47805.786,"initial_stop_loss_ratio":-0.33,"stop_loss_abs":40218.02999999999,"stop_loss_ratio":-0.15,"min_rate":34700.0,"max_rate":35986.9,"is_open":false,"enter_tag":null,"is_short":true,"open_timestamp":1651941000000,"close_timestamp":1651969800000,"orders":[{"amount":0.00278209,"safe_price":35944.2,"ft_order_side":"sell","order_filled_timestamp":1651941000000,"ft_is_entry":true},{"amount":0.00278209,"safe_price":35332.4,"ft_order_side":"buy","order_filled_timestamp":1651969800000,"ft_is_entry":false}]},{"pair":"BTC/USDT","stake_amount":100,"amount":0.00284874,"open_date":"2022-05-08 01:00:00+00:00","close_date":"2022-05-08 09:00:00+00:00","open_rate":35103.3,"close_rate":34660.0,"fee_open":0.0002,"fee_close":0.0002,"trade_duration":480,"profit_ratio":0.01233198,"profit_abs":1.23295356,"exit_reason":"roi","initial_stop_loss_abs":46687.389,"initial_stop_loss_ratio":-0.33,"stop_loss_abs":39502.385,"stop_loss_ratio":-0.15,"min_rate":34150.0,"max_rate":35240.2,"is_open":false,"enter_tag":null,"is_short":true,"open_timestamp":1651971600000,"close_timestamp":1652000400000,"orders":[{"amount":0.00284874,"safe_price":35103.3,"ft_order_side":"sell","order_filled_timestamp":1651971600000,"ft_is_entry":true},{"amount":0.00284874,"safe_price":34660.0,"ft_order_side":"buy","order_filled_timestamp":1652000400000,"ft_is_entry":false}]},{"pair":"BTC/USDT","stake_amount":100,"amount":0.00290683,"open_date":"2022-05-08 16:15:00+00:00","close_date":"2022-05-09 00:15:00+00:00","open_rate":34401.7,"close_rate":34090.5,"fee_open":0.0002,"fee_close":0.0002,"trade_duration":480,"profit_ratio":0.00874855,"profit_abs":0.87467901,"exit_reason":"roi","initial_stop_loss_abs":45754.261,"initial_stop_loss_ratio":-0.33,"stop_loss_abs":39004.09,"stop_loss_ratio":-0.15,"min_rate":33665.0,"max_rate":34765.0,"is_open":false,"enter_tag":null,"is_short":true,"open_timestamp":1652026500000,"close_timestamp":1652055300000,"orders":[{"amount":0.00290683,"safe_price":34401.7,"ft_order_side":"sell","order_filled_timestamp":1652026500000,"ft_is_entry":true},{"amount":0.00290683,"safe_price":34090.5,"ft_order_side":"buy","order_filled_timestamp":1652055300000,"ft_is_entry":false}]},{"pair":"BTC/USDT","stake_amount":100,"amount":0.00294867,"open_date":"2022-05-09 02:15:00+00:00","close_date":"2022-05-09 10:15:00+00:00","open_rate":33913.6,"close_rate":33352.5,"fee_open":0.0002,"fee_close":0.0002,"trade_duration":480,"profit_ratio":0.01625035,"profit_abs":1.62471054,"exit_reason":"roi","initial_stop_loss_abs":45105.088,"initial_stop_loss_ratio":-0.33,"stop_loss_abs":38323.06,"stop_loss_ratio":-0.15,"min_rate":33100.0,"max_rate":33913.7,"is_open":false,"enter_tag":null,"is_short":true,"open_timestamp":1652062500000,"close_timestamp":1652091300000,"orders":[{"amount":0.00294867,"safe_price":33913.6,"ft_order_side":"sell","order_filled_timestamp":1652062500000,"ft_is_entry":true},{"amount":0.00294867,"safe_price":33352.5,"ft_order_side":"buy","order_filled_timestamp":1652091300000,"ft_is_entry":false}]},{"pair":"BTC/USDT","stake_amount":100,"amount":0.00300746,"open_date":"2022-05-09 10:30:00+00:00","close_date":"2022-05-09 17:00:00+00:00","open_rate":33250.6,"close_rate":31309.15324935013,"fee_open":0.0002,"fee_close":0.0002,"trade_duration":390,"profit_ratio":0.05810888,"profit_abs":5.8097174,"exit_reason":"roi","initial_stop_loss_abs":44223.298,"initial_stop_loss_ratio":-0.33,"stop_loss_abs":36445.11,"stop_loss_ratio":-0.15,"min_rate":30867.7,"max_rate":33435.3,"is_open":false,"enter_tag":null,"is_short":true,"open_timestamp":1652092200000,"close_timestamp":1652115600000,"orders":[{"amount":0.00300746,"safe_price":33250.6,"ft_order_side":"sell","order_filled_timestamp":1652092200000,"ft_is_entry":true},{"amount":0.00300746,"safe_price":31309.15324935013,"ft_order_side":"buy","order_filled_timestamp":1652115600000,"ft_is_entry":false}]},{"pair":"BTC/USDT","stake_amount":100,"amount":0.00322727,"open_date":"2022-05-09 18:30:00+00:00","close_date":"2022-05-10 03:00:00+00:00","open_rate":30985.9,"close_rate":30973.50811837633,"fee_open":0.0002,"fee_close":0.0002,"trade_duration":510,"profit_ratio":9.702e-05,"profit_abs":0.00969988,"exit_reason":"roi","initial_stop_loss_abs":41211.247,"initial_stop_loss_ratio":-0.33,"stop_loss_abs":34383.965,"stop_loss_ratio":-0.15,"min_rate":29701.4,"max_rate":31888.5,"is_open":false,"enter_tag":null,"is_short":true,"open_timestamp":1652121000000,"close_timestamp":1652151600000,"orders":[{"amount":0.00322727,"safe_price":30985.9,"ft_order_side":"sell","order_filled_timestamp":1652121000000,"ft_is_entry":true},{"amount":0.00322727,"safe_price":30973.50811837633,"ft_order_side":"buy","order_filled_timestamp":1652151600000,"ft_is_entry":false}]},{"pair":"BTC/USDT","stake_amount":100,"amount":0.0034133,"open_date":"2022-05-11 19:45:00+00:00","close_date":"2022-05-12 03:45:00+00:00","open_rate":29297.2,"close_rate":28848.1,"fee_open":0.0002,"fee_close":0.0002,"trade_duration":480,"profit_ratio":0.0147488,"profit_abs":1.47458706,"exit_reason":"roi","initial_stop_loss_abs":38965.276000000005,"initial_stop_loss_ratio":-0.33,"stop_loss_abs":32366.635,"stop_loss_ratio":-0.15,"min_rate":27651.0,"max_rate":30257.0,"is_open":false,"enter_tag":null,"is_short":true,"open_timestamp":1652298300000,"close_timestamp":1652327100000,"orders":[{"amount":0.0034133,"safe_price":29297.2,"ft_order_side":"sell","order_filled_timestamp":1652298300000,"ft_is_entry":true},{"amount":0.0034133,"safe_price":28848.1,"ft_order_side":"buy","order_filled_timestamp":1652327100000,"ft_is_entry":false}]},{"pair":"BTC/USDT","stake_amount":100,"amount":0.0035764,"open_date":"2022-05-12 04:15:00+00:00","close_date":"2022-05-12 12:15:00+00:00","open_rate":27961.1,"close_rate":27949.917796440714,"fee_open":0.0002,"fee_close":0.0002,"trade_duration":480,"profit_ratio":-0.00042289,"profit_abs":-0.04228085,"exit_reason":"roi","initial_stop_loss_abs":37188.263,"initial_stop_loss_ratio":-0.33,"stop_loss_abs":30977.204999999998,"stop_loss_ratio":-0.15,"min_rate":26631.0,"max_rate":29269.0,"is_open":false,"enter_tag":null,"is_short":true,"open_timestamp":1652328900000,"close_timestamp":1652357700000,"orders":[{"amount":0.0035764,"safe_price":27961.1,"ft_order_side":"sell","order_filled_timestamp":1652328900000,"ft_is_entry":true},{"amount":0.0035764,"safe_price":27949.917796440714,"ft_order_side":"buy","order_filled_timestamp":1652357700000,"ft_is_entry":false}]},{"pair":"BTC/USDT","stake_amount":100,"amount":0.00353771,"open_date":"2022-05-12 21:30:00+00:00","close_date":"2022-05-26 13:15:00+00:00","open_rate":28266.9,"close_rate":28255.59550089982,"fee_open":0.0002,"fee_close":0.0002,"trade_duration":19665,"profit_ratio":0.00208581,"profit_abs":0.20853993,"exit_reason":"roi","initial_stop_loss_abs":37594.977000000006,"initial_stop_loss_ratio":-0.33,"stop_loss_abs":37594.977000000006,"stop_loss_ratio":-0.33,"min_rate":27952.1,"max_rate":31462.0,"is_open":false,"enter_tag":null,"is_short":true,"open_timestamp":1652391000000,"close_timestamp":1653570900000,"orders":[{"amount":0.00353771,"safe_price":28266.9,"ft_order_side":"sell","order_filled_timestamp":1652391000000,"ft_is_entry":true},{"amount":0.00353771,"safe_price":28255.59550089982,"ft_order_side":"buy","order_filled_timestamp":1653570900000,"ft_is_entry":false}]},{"pair":"BTC/USDT","stake_amount":100,"amount":0.00340137,"open_date":"2022-05-26 23:15:00+00:00","close_date":"2022-05-27 07:15:00+00:00","open_rate":29399.9,"close_rate":28917.0,"fee_open":0.0002,"fee_close":0.0002,"trade_duration":480,"profit_ratio":0.01613104,"profit_abs":1.61278006,"exit_reason":"roi","initial_stop_loss_abs":39101.867000000006,"initial_stop_loss_ratio":-0.33,"stop_loss_abs":33021.33,"stop_loss_ratio":-0.15,"min_rate":28617.8,"max_rate":29463.4,"is_open":false,"enter_tag":null,"is_short":true,"open_timestamp":1653606900000,"close_timestamp":1653635700000,"orders":[{"amount":0.00340137,"safe_price":29399.9,"ft_order_side":"sell","order_filled_timestamp":1653606900000,"ft_is_entry":true},{"amount":0.00340137,"safe_price":28917.0,"ft_order_side":"buy","order_filled_timestamp":1653635700000,"ft_is_entry":false}]},{"pair":"BTC/USDT","stake_amount":100,"amount":0.00350172,"open_date":"2022-05-27 17:30:00+00:00","close_date":"2022-05-28 01:45:00+00:00","open_rate":28557.4,"close_rate":28545.979324135176,"fee_open":0.0002,"fee_close":0.0002,"trade_duration":495,"profit_ratio":0.00010025,"profit_abs":0.01002308,"exit_reason":"roi","initial_stop_loss_abs":37981.342000000004,"initial_stop_loss_ratio":-0.33,"stop_loss_abs":37981.342000000004,"stop_loss_ratio":-0.33,"min_rate":28259.6,"max_rate":29043.5,"is_open":false,"enter_tag":null,"is_short":true,"open_timestamp":1653672600000,"close_timestamp":1653702300000,"orders":[{"amount":0.00350172,"safe_price":28557.4,"ft_order_side":"sell","order_filled_timestamp":1653672600000,"ft_is_entry":true},{"amount":0.00350172,"safe_price":28545.979324135176,"ft_order_side":"buy","order_filled_timestamp":1653702300000,"ft_is_entry":false}]},{"pair":"BTC/USDT","stake_amount":100,"amount":0.00346258,"open_date":"2022-05-28 08:45:00+00:00","close_date":"2022-05-28 17:15:00+00:00","open_rate":28880.2,"close_rate":28868.65022995401,"fee_open":0.0002,"fee_close":0.0002,"trade_duration":510,"profit_ratio":0.00010035,"profit_abs":0.01003272,"exit_reason":"roi","initial_stop_loss_abs":38410.666000000005,"initial_stop_loss_ratio":-0.33,"stop_loss_abs":38410.666000000005,"stop_loss_ratio":-0.33,"min_rate":28755.0,"max_rate":29265.7,"is_open":false,"enter_tag":null,"is_short":true,"open_timestamp":1653727500000,"close_timestamp":1653758100000,"orders":[{"amount":0.00346258,"safe_price":28880.2,"ft_order_side":"sell","order_filled_timestamp":1653727500000,"ft_is_entry":true},{"amount":0.00346258,"safe_price":28868.65022995401,"ft_order_side":"buy","order_filled_timestamp":1653758100000,"ft_is_entry":false}]},{"pair":"BTC/USDT","stake_amount":100,"amount":0.00346229,"open_date":"2022-05-28 17:30:00+00:00","close_date":"2022-05-29 02:00:00+00:00","open_rate":28882.6,"close_rate":28871.04927014597,"fee_open":0.0002,"fee_close":0.0002,"trade_duration":510,"profit_ratio":0.00010049,"profit_abs":0.01004715,"exit_reason":"roi","initial_stop_loss_abs":38413.858,"initial_stop_loss_ratio":-0.33,"stop_loss_abs":38413.858,"stop_loss_ratio":-0.33,"min_rate":28825.0,"max_rate":29150.0,"is_open":false,"enter_tag":null,"is_short":true,"open_timestamp":1653759000000,"close_timestamp":1653789600000,"orders":[{"amount":0.00346229,"safe_price":28882.6,"ft_order_side":"sell","order_filled_timestamp":1653759000000,"ft_is_entry":true},{"amount":0.00346229,"safe_price":28871.04927014597,"ft_order_side":"buy","order_filled_timestamp":1653789600000,"ft_is_entry":false}]},{"pair":"BTC/USDT","stake_amount":100,"amount":0.00337156,"open_date":"2022-05-30 01:45:00+00:00","close_date":"2022-05-30 09:45:00+00:00","open_rate":29659.9,"close_rate":30657.6,"fee_open":0.0002,"fee_close":0.0002,"trade_duration":480,"profit_ratio":0.0331214,"profit_abs":3.31280709,"exit_reason":"roi","initial_stop_loss_abs":19872.132999999998,"initial_stop_loss_ratio":-0.33,"stop_loss_abs":26111.829999999998,"stop_loss_ratio":-0.15,"min_rate":29612.0,"max_rate":30983.0,"is_open":false,"enter_tag":null,"is_short":false,"open_timestamp":1653875100000,"close_timestamp":1653903900000,"orders":[{"amount":0.00337156,"safe_price":29659.9,"ft_order_side":"buy","order_filled_timestamp":1653875100000,"ft_is_entry":true},{"amount":0.00337156,"safe_price":30657.6,"ft_order_side":"sell","order_filled_timestamp":1653903900000,"ft_is_entry":false}]},{"pair":"BTC/USDT","stake_amount":100,"amount":0.003196,"open_date":"2022-05-30 20:30:00+00:00","close_date":"2022-05-31 04:30:00+00:00","open_rate":31289.1,"close_rate":31741.6,"fee_open":0.0002,"fee_close":0.0002,"trade_duration":480,"profit_ratio":0.01395482,"profit_abs":1.39576099,"exit_reason":"roi","initial_stop_loss_abs":20963.696999999996,"initial_stop_loss_ratio":-0.33,"stop_loss_abs":27074.54,"stop_loss_ratio":-0.15,"min_rate":31078.0,"max_rate":32307.6,"is_open":false,"enter_tag":null,"is_short":false,"open_timestamp":1653942600000,"close_timestamp":1653971400000,"orders":[{"amount":0.003196,"safe_price":31289.1,"ft_order_side":"buy","order_filled_timestamp":1653942600000,"ft_is_entry":true},{"amount":0.003196,"safe_price":31741.6,"ft_order_side":"sell","order_filled_timestamp":1653971400000,"ft_is_entry":false}]},{"pair":"BTC/USDT","stake_amount":100,"amount":0.00315831,"open_date":"2022-05-31 10:45:00+00:00","close_date":"2022-05-31 18:45:00+00:00","open_rate":31662.5,"close_rate":31807.7,"fee_open":0.0002,"fee_close":0.0002,"trade_duration":480,"profit_ratio":0.00408292,"profit_abs":0.40837381,"exit_reason":"roi","initial_stop_loss_abs":21213.874999999996,"initial_stop_loss_ratio":-0.33,"stop_loss_abs":27445.395,"stop_loss_ratio":-0.15,"min_rate":31222.0,"max_rate":32427.5,"is_open":false,"enter_tag":null,"is_short":false,"open_timestamp":1653993900000,"close_timestamp":1654022700000,"orders":[{"amount":0.00315831,"safe_price":31662.5,"ft_order_side":"buy","order_filled_timestamp":1653993900000,"ft_is_entry":true},{"amount":0.00315831,"safe_price":31807.7,"ft_order_side":"sell","order_filled_timestamp":1654022700000,"ft_is_entry":false}]},{"pair":"BTC/USDT","stake_amount":100,"amount":0.0031312,"open_date":"2022-06-01 00:45:00+00:00","close_date":"2022-06-14 01:15:00+00:00","open_rate":31936.6,"close_rate":21397.521999999997,"fee_open":0.0002,"fee_close":0.0002,"trade_duration":18750,"profit_ratio":-0.33193785,"profit_abs":-33.20038438,"exit_reason":"stop_loss","initial_stop_loss_abs":21397.521999999997,"initial_stop_loss_ratio":-0.33,"stop_loss_abs":21397.521999999997,"stop_loss_ratio":-0.33,"min_rate":21131.0,"max_rate":31970.0,"is_open":false,"enter_tag":null,"is_short":false,"open_timestamp":1654044300000,"close_timestamp":1655169300000,"orders":[{"amount":0.0031312,"safe_price":31936.6,"ft_order_side":"buy","order_filled_timestamp":1654044300000,"ft_is_entry":true},{"amount":0.0031312,"safe_price":21397.521999999997,"ft_order_side":"sell","order_filled_timestamp":1655169300000,"ft_is_entry":false}]},{"pair":"BTC/USDT","stake_amount":100,"amount":0.00446255,"open_date":"2022-06-14 09:45:00+00:00","close_date":"2022-06-14 17:45:00+00:00","open_rate":22408.7,"close_rate":22399.3,"fee_open":0.0002,"fee_close":0.0002,"trade_duration":480,"profit_ratio":-3.291e-05,"profit_abs":-0.00329069,"exit_reason":"roi","initial_stop_loss_abs":29803.571000000004,"initial_stop_loss_ratio":-0.33,"stop_loss_abs":25024.344999999998,"stop_loss_ratio":-0.15,"min_rate":21712.0,"max_rate":22793.0,"is_open":false,"enter_tag":null,"is_short":true,"open_timestamp":1655199900000,"close_timestamp":1655228700000,"orders":[{"amount":0.00446255,"safe_price":22408.7,"ft_order_side":"sell","order_filled_timestamp":1655199900000,"ft_is_entry":true},{"amount":0.00446255,"safe_price":22399.3,"ft_order_side":"buy","order_filled_timestamp":1655228700000,"ft_is_entry":false}]},{"pair":"BTC/USDT","stake_amount":100,"amount":0.00474041,"open_date":"2022-06-15 07:45:00+00:00","close_date":"2022-06-15 16:30:00+00:00","open_rate":21095.2,"close_rate":21086.763607278546,"fee_open":0.0002,"fee_close":0.0002,"trade_duration":525,"profit_ratio":-7.784e-05,"profit_abs":-0.00778283,"exit_reason":"roi","initial_stop_loss_abs":28056.616,"initial_stop_loss_ratio":-0.33,"stop_loss_abs":23194.235,"stop_loss_ratio":-0.15,"min_rate":20100.2,"max_rate":21794.7,"is_open":false,"enter_tag":null,"is_short":true,"open_timestamp":1655279100000,"close_timestamp":1655310600000,"orders":[{"amount":0.00474041,"safe_price":21095.2,"ft_order_side":"sell","order_filled_timestamp":1655279100000,"ft_is_entry":true},{"amount":0.00474041,"safe_price":21086.763607278546,"ft_order_side":"buy","order_filled_timestamp":1655310600000,"ft_is_entry":false}]},{"pair":"BTC/USDT","stake_amount":100,"amount":0.00480462,"open_date":"2022-06-15 16:45:00+00:00","close_date":"2022-06-16 14:00:00+00:00","open_rate":20813.3,"close_rate":20804.976344731054,"fee_open":0.0002,"fee_close":0.0002,"trade_duration":1275,"profit_ratio":2.15e-06,"profit_abs":0.00021542,"exit_reason":"roi","initial_stop_loss_abs":27681.689000000002,"initial_stop_loss_ratio":-0.33,"stop_loss_abs":23546.135,"stop_loss_ratio":-0.15,"min_rate":20179.9,"max_rate":23000.0,"is_open":false,"enter_tag":null,"is_short":true,"open_timestamp":1655311500000,"close_timestamp":1655388000000,"orders":[{"amount":0.00480462,"safe_price":20813.3,"ft_order_side":"sell","order_filled_timestamp":1655311500000,"ft_is_entry":true},{"amount":0.00480462,"safe_price":20804.976344731054,"ft_order_side":"buy","order_filled_timestamp":1655388000000,"ft_is_entry":false}]},{"pair":"BTC/USDT","stake_amount":100,"amount":0.00487417,"open_date":"2022-06-16 22:15:00+00:00","close_date":"2022-06-17 14:15:00+00:00","open_rate":20516.3,"close_rate":20508.095120975806,"fee_open":0.0002,"fee_close":0.0002,"trade_duration":960,"profit_ratio":-0.00011961,"profit_abs":-0.01195832,"exit_reason":"roi","initial_stop_loss_abs":27286.679,"initial_stop_loss_ratio":-0.33,"stop_loss_abs":23297.735,"stop_loss_ratio":-0.15,"min_rate":20222.0,"max_rate":21388.0,"is_open":false,"enter_tag":null,"is_short":true,"open_timestamp":1655417700000,"close_timestamp":1655475300000,"orders":[{"amount":0.00487417,"safe_price":20516.3,"ft_order_side":"sell","order_filled_timestamp":1655417700000,"ft_is_entry":true},{"amount":0.00487417,"safe_price":20508.095120975806,"ft_order_side":"buy","order_filled_timestamp":1655475300000,"ft_is_entry":false}]},{"pair":"BTC/USDT","stake_amount":100,"amount":0.00488405,"open_date":"2022-06-17 14:30:00+00:00","close_date":"2022-06-17 22:30:00+00:00","open_rate":20474.8,"close_rate":20403.9,"fee_open":0.0002,"fee_close":0.0002,"trade_duration":480,"profit_ratio":0.00311548,"profit_abs":0.31148548,"exit_reason":"roi","initial_stop_loss_abs":27231.484,"initial_stop_loss_ratio":-0.33,"stop_loss_abs":27231.484,"stop_loss_ratio":-0.33,"min_rate":20350.0,"max_rate":20785.5,"is_open":false,"enter_tag":null,"is_short":true,"open_timestamp":1655476200000,"close_timestamp":1655505000000,"orders":[{"amount":0.00488405,"safe_price":20474.8,"ft_order_side":"sell","order_filled_timestamp":1655476200000,"ft_is_entry":true},{"amount":0.00488405,"safe_price":20403.9,"ft_order_side":"buy","order_filled_timestamp":1655505000000,"ft_is_entry":false}]},{"pair":"BTC/USDT","stake_amount":100,"amount":0.004898,"open_date":"2022-06-18 06:00:00+00:00","close_date":"2022-06-18 11:00:00+00:00","open_rate":20416.5,"close_rate":19224.414817036595,"fee_open":0.0002,"fee_close":0.0002,"trade_duration":300,"profit_ratio":0.05805474,"profit_abs":5.80431347,"exit_reason":"roi","initial_stop_loss_abs":27153.945,"initial_stop_loss_ratio":-0.33,"stop_loss_abs":21847.125,"stop_loss_ratio":-0.15,"min_rate":18690.0,"max_rate":20440.0,"is_open":false,"enter_tag":null,"is_short":true,"open_timestamp":1655532000000,"close_timestamp":1655550000000,"orders":[{"amount":0.004898,"safe_price":20416.5,"ft_order_side":"sell","order_filled_timestamp":1655532000000,"ft_is_entry":true},{"amount":0.004898,"safe_price":19224.414817036595,"ft_order_side":"buy","order_filled_timestamp":1655550000000,"ft_is_entry":false}]},{"pair":"BTC/USDT","stake_amount":100,"amount":0.00530048,"open_date":"2022-06-18 17:00:00+00:00","close_date":"2022-06-19 01:15:00+00:00","open_rate":18866.2,"close_rate":18858.655028994202,"fee_open":0.0002,"fee_close":0.0002,"trade_duration":495,"profit_ratio":4.265e-05,"profit_abs":0.00426402,"exit_reason":"roi","initial_stop_loss_abs":25092.046000000002,"initial_stop_loss_ratio":-0.33,"stop_loss_abs":20367.189999999995,"stop_loss_ratio":-0.15,"min_rate":17593.2,"max_rate":19500.0,"is_open":false,"enter_tag":null,"is_short":true,"open_timestamp":1655571600000,"close_timestamp":1655601300000,"orders":[{"amount":0.00530048,"safe_price":18866.2,"ft_order_side":"sell","order_filled_timestamp":1655571600000,"ft_is_entry":true},{"amount":0.00530048,"safe_price":18858.655028994202,"ft_order_side":"buy","order_filled_timestamp":1655601300000,"ft_is_entry":false}]},{"pair":"BTC/USDT","stake_amount":100,"amount":0.00546454,"open_date":"2022-06-19 04:00:00+00:00","close_date":"2022-06-19 22:15:00+00:00","open_rate":18299.8,"close_rate":20755.43,"fee_open":0.0002,"fee_close":0.0002,"trade_duration":1095,"profit_ratio":-0.13460985,"profit_abs":-13.45829157,"exit_reason":"trailing_stop_loss","initial_stop_loss_abs":24338.734,"initial_stop_loss_ratio":-0.33,"stop_loss_abs":20755.43,"stop_loss_ratio":-0.15,"min_rate":17935.9,"max_rate":20821.0,"is_open":false,"enter_tag":null,"is_short":true,"open_timestamp":1655611200000,"close_timestamp":1655676900000,"orders":[{"amount":0.00546454,"safe_price":18299.8,"ft_order_side":"sell","order_filled_timestamp":1655611200000,"ft_is_entry":true},{"amount":0.00546454,"safe_price":20755.43,"ft_order_side":"buy","order_filled_timestamp":1655676900000,"ft_is_entry":false}]},{"pair":"BTC/USDT","stake_amount":100,"amount":0.00484015,"open_date":"2022-06-19 22:30:00+00:00","close_date":"2022-06-20 09:00:00+00:00","open_rate":20660.5,"close_rate":20668.765853170633,"fee_open":0.0002,"fee_close":0.0002,"trade_duration":630,"profit_ratio":-3.44e-06,"profit_abs":-0.00034419,"exit_reason":"roi","initial_stop_loss_abs":13842.534999999998,"initial_stop_loss_ratio":-0.33,"stop_loss_abs":13842.534999999998,"stop_loss_ratio":-0.33,"min_rate":19630.0,"max_rate":20760.0,"is_open":false,"enter_tag":null,"is_short":false,"open_timestamp":1655677800000,"close_timestamp":1655715600000,"orders":[{"amount":0.00484015,"safe_price":20660.5,"ft_order_side":"buy","order_filled_timestamp":1655677800000,"ft_is_entry":true},{"amount":0.00484015,"safe_price":20668.765853170633,"ft_order_side":"sell","order_filled_timestamp":1655715600000,"ft_is_entry":false}]},{"pair":"BTC/USDT","stake_amount":100,"amount":0.00479014,"open_date":"2022-06-20 11:00:00+00:00","close_date":"2022-06-21 05:15:00+00:00","open_rate":20876.2,"close_rate":20884.552150430085,"fee_open":0.0002,"fee_close":0.0002,"trade_duration":1095,"profit_ratio":-0.00015912,"profit_abs":-0.01591561,"exit_reason":"roi","initial_stop_loss_abs":13987.053999999998,"initial_stop_loss_ratio":-0.33,"stop_loss_abs":13987.053999999998,"stop_loss_ratio":-0.33,"min_rate":19814.8,"max_rate":21099.9,"is_open":false,"enter_tag":null,"is_short":false,"open_timestamp":1655722800000,"close_timestamp":1655788500000,"orders":[{"amount":0.00479014,"safe_price":20876.2,"ft_order_side":"buy","order_filled_timestamp":1655722800000,"ft_is_entry":true},{"amount":0.00479014,"safe_price":20884.552150430085,"ft_order_side":"sell","order_filled_timestamp":1655788500000,"ft_is_entry":false}]},{"pair":"BTC/USDT","stake_amount":100,"amount":0.00469371,"open_date":"2022-06-21 08:45:00+00:00","close_date":"2022-06-21 16:45:00+00:00","open_rate":21305.1,"close_rate":21471.7,"fee_open":0.0002,"fee_close":0.0002,"trade_duration":480,"profit_ratio":0.00739633,"profit_abs":0.7397803,"exit_reason":"roi","initial_stop_loss_abs":14274.416999999998,"initial_stop_loss_ratio":-0.33,"stop_loss_abs":18363.825,"stop_loss_ratio":-0.15,"min_rate":20841.3,"max_rate":21740.0,"is_open":false,"enter_tag":null,"is_short":false,"open_timestamp":1655801100000,"close_timestamp":1655829900000,"orders":[{"amount":0.00469371,"safe_price":21305.1,"ft_order_side":"buy","order_filled_timestamp":1655801100000,"ft_is_entry":true},{"amount":0.00469371,"safe_price":21471.7,"ft_order_side":"sell","order_filled_timestamp":1655829900000,"ft_is_entry":false}]},{"pair":"BTC/USDT","stake_amount":100,"amount":0.00486112,"open_date":"2022-06-21 23:30:00+00:00","close_date":"2022-06-22 07:30:00+00:00","open_rate":20571.4,"close_rate":20193.6,"fee_open":0.0002,"fee_close":0.0002,"trade_duration":480,"profit_ratio":0.01797436,"profit_abs":1.79707765,"exit_reason":"roi","initial_stop_loss_abs":27359.962000000003,"initial_stop_loss_ratio":-0.33,"stop_loss_abs":23013.8,"stop_loss_ratio":-0.15,"min_rate":19920.0,"max_rate":20750.0,"is_open":false,"enter_tag":null,"is_short":true,"open_timestamp":1655854200000,"close_timestamp":1655883000000,"orders":[{"amount":0.00486112,"safe_price":20571.4,"ft_order_side":"sell","order_filled_timestamp":1655854200000,"ft_is_entry":true},{"amount":0.00486112,"safe_price":20193.6,"ft_order_side":"buy","order_filled_timestamp":1655883000000,"ft_is_entry":false}]},{"pair":"BTC/USDT","stake_amount":100,"amount":0.00497532,"open_date":"2022-06-22 19:30:00+00:00","close_date":"2022-06-29 05:45:00+00:00","open_rate":20099.2,"close_rate":20091.161927614477,"fee_open":0.0002,"fee_close":0.0002,"trade_duration":9255,"profit_ratio":0.00084336,"profit_abs":0.08431934,"exit_reason":"roi","initial_stop_loss_abs":26731.936,"initial_stop_loss_ratio":-0.33,"stop_loss_abs":22814.274999999998,"stop_loss_ratio":-0.15,"min_rate":19745.7,"max_rate":21888.0,"is_open":false,"enter_tag":null,"is_short":true,"open_timestamp":1655926200000,"close_timestamp":1656481500000,"orders":[{"amount":0.00497532,"safe_price":20099.2,"ft_order_side":"sell","order_filled_timestamp":1655926200000,"ft_is_entry":true},{"amount":0.00497532,"safe_price":20091.161927614477,"ft_order_side":"buy","order_filled_timestamp":1656481500000,"ft_is_entry":false}]},{"pair":"BTC/USDT","stake_amount":100,"amount":0.00500355,"open_date":"2022-06-29 09:00:00+00:00","close_date":"2022-06-29 17:00:00+00:00","open_rate":19985.8,"close_rate":19977.807278544293,"fee_open":0.0002,"fee_close":0.0002,"trade_duration":480,"profit_ratio":5.344e-05,"profit_abs":0.00534308,"exit_reason":"roi","initial_stop_loss_abs":26581.114,"initial_stop_loss_ratio":-0.33,"stop_loss_abs":26581.114,"stop_loss_ratio":-0.33,"min_rate":19817.2,"max_rate":20235.6,"is_open":false,"enter_tag":null,"is_short":true,"open_timestamp":1656493200000,"close_timestamp":1656522000000,"orders":[{"amount":0.00500355,"safe_price":19985.8,"ft_order_side":"sell","order_filled_timestamp":1656493200000,"ft_is_entry":true},{"amount":0.00500355,"safe_price":19977.807278544293,"ft_order_side":"buy","order_filled_timestamp":1656522000000,"ft_is_entry":false}]},{"pair":"BTC/USDT","stake_amount":100,"amount":0.00499012,"open_date":"2022-06-30 05:00:00+00:00","close_date":"2022-06-30 13:00:00+00:00","open_rate":20039.6,"close_rate":19193.0,"fee_open":0.0002,"fee_close":0.0002,"trade_duration":480,"profit_ratio":0.04181316,"profit_abs":4.18048023,"exit_reason":"roi","initial_stop_loss_abs":26652.667999999998,"initial_stop_loss_ratio":-0.33,"stop_loss_abs":21790.43,"stop_loss_ratio":-0.15,"min_rate":18902.0,"max_rate":20059.0,"is_open":false,"enter_tag":null,"is_short":true,"open_timestamp":1656565200000,"close_timestamp":1656594000000,"orders":[{"amount":0.00499012,"safe_price":20039.6,"ft_order_side":"sell","order_filled_timestamp":1656565200000,"ft_is_entry":true},{"amount":0.00499012,"safe_price":19193.0,"ft_order_side":"buy","order_filled_timestamp":1656594000000,"ft_is_entry":false}]},{"pair":"BTC/USDT","stake_amount":100,"amount":0.00530929,"open_date":"2022-06-30 20:45:00+00:00","close_date":"2022-07-03 04:45:00+00:00","open_rate":18834.9,"close_rate":18827.367546490703,"fee_open":0.0002,"fee_close":0.0002,"trade_duration":3360,"profit_ratio":-6.193e-05,"profit_abs":-0.00619168,"exit_reason":"roi","initial_stop_loss_abs":25050.417000000005,"initial_stop_loss_ratio":-0.33,"stop_loss_abs":25050.417000000005,"stop_loss_ratio":-0.33,"min_rate":18563.0,"max_rate":20926.4,"is_open":false,"enter_tag":null,"is_short":true,"open_timestamp":1656621900000,"close_timestamp":1656823500000,"orders":[{"amount":0.00530929,"safe_price":18834.9,"ft_order_side":"sell","order_filled_timestamp":1656621900000,"ft_is_entry":true},{"amount":0.00530929,"safe_price":18827.367546490703,"ft_order_side":"buy","order_filled_timestamp":1656823500000,"ft_is_entry":false}]},{"pair":"BTC/USDT","stake_amount":100,"amount":0.00526108,"open_date":"2022-07-03 09:00:00+00:00","close_date":"2022-07-13 12:30:00+00:00","open_rate":19007.5,"close_rate":18999.89852029594,"fee_open":0.0002,"fee_close":0.0002,"trade_duration":14610,"profit_ratio":0.00221788,"profit_abs":0.22174346,"exit_reason":"roi","initial_stop_loss_abs":25279.975000000002,"initial_stop_loss_ratio":-0.33,"stop_loss_abs":25279.975000000002,"stop_loss_ratio":-0.33,"min_rate":18901.0,"max_rate":22579.9,"is_open":false,"enter_tag":null,"is_short":true,"open_timestamp":1656838800000,"close_timestamp":1657715400000,"orders":[{"amount":0.00526108,"safe_price":19007.5,"ft_order_side":"sell","order_filled_timestamp":1656838800000,"ft_is_entry":true},{"amount":0.00526108,"safe_price":18999.89852029594,"ft_order_side":"buy","order_filled_timestamp":1657715400000,"ft_is_entry":false}]},{"pair":"BTC/USDT","stake_amount":100,"amount":0.00522469,"open_date":"2022-07-13 12:45:00+00:00","close_date":"2022-08-01 21:30:00+00:00","open_rate":19139.9,"close_rate":23041.8,"fee_open":0.0002,"fee_close":0.0002,"trade_duration":27885,"profit_ratio":-0.19932257,"profit_abs":-19.92827888,"exit_reason":"force_exit","initial_stop_loss_abs":25456.067000000003,"initial_stop_loss_ratio":-0.33,"stop_loss_abs":25456.067000000003,"stop_loss_ratio":-0.33,"min_rate":18916.8,"max_rate":24700.0,"is_open":true,"enter_tag":null,"is_short":true,"open_timestamp":1657716300000,"close_timestamp":1659389400000,"orders":[{"amount":0.00522469,"safe_price":19139.9,"ft_order_side":"sell","order_filled_timestamp":1657716300000,"ft_is_entry":true}]}],"locks":[],"best_pair":{"key":"BTC/USDT","trades":41,"profit_mean":-0.007603336829268292,"profit_mean_pct":-0.7603336829268291,"profit_sum":-0.31173681,"profit_sum_pct":-31.17,"profit_total_abs":-31.17742107000001,"profit_total":-0.03117742107000001,"profit_total_pct":-3.12,"duration_avg":"1 day, 22:28:00","wins":29,"draws":0,"losses":12},"worst_pair":{"key":"BTC/USDT","trades":41,"profit_mean":-0.007603336829268292,"profit_mean_pct":-0.7603336829268291,"profit_sum":-0.31173681,"profit_sum_pct":-31.17,"profit_total_abs":-31.17742107000001,"profit_total":-0.03117742107000001,"profit_total_pct":-3.12,"duration_avg":"1 day, 22:28:00","wins":29,"draws":0,"losses":12},"results_per_pair":[{"key":"BTC/USDT","trades":41,"profit_mean":-0.007603336829268292,"profit_mean_pct":-0.7603336829268291,"profit_sum":-0.31173681,"profit_sum_pct":-31.17,"profit_total_abs":-31.17742107000001,"profit_total":-0.03117742107000001,"profit_total_pct":-3.12,"duration_avg":"1 day, 22:28:00","wins":29,"draws":0,"losses":12},{"key":"TOTAL","trades":41,"profit_mean":-0.007603336829268292,"profit_mean_pct":-0.7603336829268291,"profit_sum":-0.31173681,"profit_sum_pct":-31.17,"profit_total_abs":-31.17742107000001,"profit_total":-0.03117742107000001,"profit_total_pct":-3.12,"duration_avg":"1 day, 22:28:00","wins":29,"draws":0,"losses":12}],"results_per_enter_tag":[{"key":"TOTAL","trades":41,"profit_mean":-0.007603336829268292,"profit_mean_pct":-0.7603336829268291,"profit_sum":-0.31173681,"profit_sum_pct":-31.17,"profit_total_abs":-31.17742107000001,"profit_total":-0.03117742107000001,"profit_total_pct":-3.12,"duration_avg":"1 day, 22:28:00","wins":29,"draws":0,"losses":12}],"exit_reason_summary":[{"exit_reason":"roi","trades":38,"wins":29,"draws":0,"losses":9,"profit_mean":0.00931930157894737,"profit_mean_pct":0.93,"profit_sum":0.35413346000000007,"profit_sum_pct":35.41,"profit_total_abs":35.409533759999995,"profit_total":0.35413346000000007,"profit_total_pct":35.41},{"exit_reason":"stop_loss","trades":1,"wins":0,"draws":0,"losses":1,"profit_mean":-0.33193785,"profit_mean_pct":-33.19,"profit_sum":-0.33193785,"profit_sum_pct":-33.19,"profit_total_abs":-33.20038438,"profit_total":-0.33193785,"profit_total_pct":-33.19},{"exit_reason":"trailing_stop_loss","trades":1,"wins":0,"draws":0,"losses":1,"profit_mean":-0.13460985,"profit_mean_pct":-13.46,"profit_sum":-0.13460985,"profit_sum_pct":-13.46,"profit_total_abs":-13.45829157,"profit_total":-0.13460985,"profit_total_pct":-13.46},{"exit_reason":"force_exit","trades":1,"wins":0,"draws":0,"losses":1,"profit_mean":-0.19932257,"profit_mean_pct":-19.93,"profit_sum":-0.19932257,"profit_sum_pct":-19.93,"profit_total_abs":-19.92827888,"profit_total":-0.19932257,"profit_total_pct":-19.93}],"left_open_trades":[{"key":"BTC/USDT","trades":1,"profit_mean":-0.19932257,"profit_mean_pct":-19.932257,"profit_sum":-0.19932257,"profit_sum_pct":-19.93,"profit_total_abs":-19.92827888,"profit_total":-0.01992827888,"profit_total_pct":-1.99,"duration_avg":"19 days, 8:45:00","wins":0,"draws":0,"losses":1},{"key":"TOTAL","trades":1,"profit_mean":-0.19932257,"profit_mean_pct":-19.932257,"profit_sum":-0.19932257,"profit_sum_pct":-19.93,"profit_total_abs":-19.92827888,"profit_total":-0.01992827888,"profit_total_pct":-1.99,"duration_avg":"19 days, 8:45:00","wins":0,"draws":0,"losses":1}],"total_trades":41,"trade_count_long":10,"trade_count_short":31,"total_volume":4100.0,"avg_stake_amount":100.0,"profit_mean":-0.007603336829268292,"profit_median":0.00084336,"profit_total":-0.03117742107000001,"profit_total_long":-0.025025776530000002,"profit_total_short":-0.006151644540000002,"profit_total_abs":-31.17742107000001,"profit_total_long_abs":-25.02577653,"profit_total_short_abs":-6.151644540000001,"cagr":-0.1180873666654979,"profit_factor":0.5326285565992545,"backtest_start":"2022-05-01 00:00:00","backtest_start_ts":1651363200000,"backtest_end":"2022-08-01 21:30:00","backtest_end_ts":1659389400000,"backtest_days":92,"backtest_run_start_ts":1659442551,"backtest_run_end_ts":1659442769,"trades_per_day":0.45,"market_change":-0.3999713074665798,"pairlist":["BTC/USDT"],"stake_amount":100,"stake_currency":"USDT","stake_currency_decimals":3,"starting_balance":1000,"dry_run_wallet":1000,"final_balance":968.82257893,"rejected_signals":0,"timedout_entry_orders":0,"timedout_exit_orders":0,"canceled_trade_entries":0,"canceled_entry_orders":0,"replaced_entry_orders":0,"max_open_trades":1,"max_open_trades_setting":3,"timeframe":"15m","timeframe_detail":"","timerange":"20220501-20220802","enable_protections":false,"strategy_name":"CoralTrendMix","stoploss":-0.33,"trailing_stop":false,"trailing_stop_positive":0.01,"trailing_stop_positive_offset":0.0,"trailing_only_offset_is_reached":false,"use_custom_stoploss":true,"minimal_roi":{"0":0.164,"111":0.117,"263":0.058,"480":0},"use_exit_signal":false,"exit_profit_only":false,"exit_profit_offset":0.0,"ignore_roi_if_entry_signal":true,"backtest_best_day":0.08310778,"backtest_worst_day":-0.33197076,"backtest_best_day_abs":8.30910695,"backtest_worst_day_abs":-33.20367507,"winning_days":22,"draw_days":64,"losing_days":6,"daily_profit":[["2022-05-02",0.21850778],["2022-05-03",0.0],["2022-05-04",2.11563768],["2022-05-05",0.0],["2022-05-06",0.35362711],["2022-05-07",0.00599123],["2022-05-08",2.89275296],["2022-05-09",8.30910695],["2022-05-10",0.00969988],["2022-05-11",0.0],["2022-05-12",1.43230621],["2022-05-13",0.0],["2022-05-14",0.0],["2022-05-15",0.0],["2022-05-16",0.0],["2022-05-17",0.0],["2022-05-18",0.0],["2022-05-19",0.0],["2022-05-20",0.0],["2022-05-21",0.0],["2022-05-22",0.0],["2022-05-23",0.0],["2022-05-24",0.0],["2022-05-25",0.0],["2022-05-26",0.20853993],["2022-05-27",1.61278006],["2022-05-28",0.0200558],["2022-05-29",0.01004715],["2022-05-30",3.31280709],["2022-05-31",1.8041348],["2022-06-01",0.0],["2022-06-02",0.0],["2022-06-03",0.0],["2022-06-04",0.0],["2022-06-05",0.0],["2022-06-06",0.0],["2022-06-07",0.0],["2022-06-08",0.0],["2022-06-09",0.0],["2022-06-10",0.0],["2022-06-11",0.0],["2022-06-12",0.0],["2022-06-13",0.0],["2022-06-14",-33.20367507],["2022-06-15",-0.00778283],["2022-06-16",0.00021542],["2022-06-17",0.29952716],["2022-06-18",5.80431347],["2022-06-19",-13.45402755],["2022-06-20",-0.00034419],["2022-06-21",0.72386469],["2022-06-22",1.79707765],["2022-06-23",0.0],["2022-06-24",0.0],["2022-06-25",0.0],["2022-06-26",0.0],["2022-06-27",0.0],["2022-06-28",0.0],["2022-06-29",0.08966242],["2022-06-30",4.18048023],["2022-07-01",0.0],["2022-07-02",0.0],["2022-07-03",-0.00619168],["2022-07-04",0.0],["2022-07-05",0.0],["2022-07-06",0.0],["2022-07-07",0.0],["2022-07-08",0.0],["2022-07-09",0.0],["2022-07-10",0.0],["2022-07-11",0.0],["2022-07-12",0.0],["2022-07-13",0.22174346],["2022-07-14",0.0],["2022-07-15",0.0],["2022-07-16",0.0],["2022-07-17",0.0],["2022-07-18",0.0],["2022-07-19",0.0],["2022-07-20",0.0],["2022-07-21",0.0],["2022-07-22",0.0],["2022-07-23",0.0],["2022-07-24",0.0],["2022-07-25",0.0],["2022-07-26",0.0],["2022-07-27",0.0],["2022-07-28",0.0],["2022-07-29",0.0],["2022-07-30",0.0],["2022-07-31",0.0],["2022-08-01",-19.92827888]],"wins":29,"losses":12,"draws":0,"holding_avg":"1 day, 22:28:00","holding_avg_s":167280.0,"winner_holding_avg":"1 day, 8:41:00","winner_holding_avg_s":117660.0,"loser_holding_avg":"3 days, 7:48:00","loser_holding_avg_s":287280.0,"max_drawdown":0.53481157,"max_drawdown_account":0.05231644535094124,"max_relative_drawdown":0.05231644535094124,"max_drawdown_abs":53.48341570000001,"drawdown_start":"2022-05-31 18:45:00","drawdown_start_ts":1654022700000.0,"drawdown_end":"2022-08-01 21:30:00","drawdown_end_ts":1659389400000.0,"max_drawdown_low":-31.17742107000001,"max_drawdown_high":22.305994629999997,"csum_min":968.82257893,"csum_max":1022.30599463}},"strategy_comparison":[{"key":"CoralTrendMix","trades":41,"profit_mean":-0.007603336829268292,"profit_mean_pct":-0.7603336829268291,"profit_sum":-0.31173681,"profit_sum_pct":-31.17,"profit_total_abs":-31.17742107000001,"profit_total":-0.03117742107000001,"profit_total_pct":-3.12,"duration_avg":"1 day, 22:28:00","wins":29,"draws":0,"losses":12,"max_drawdown_account":0.05231644535094124,"max_drawdown_abs":"53.483"}]}