{"strategy":{"CoralTrendMix":{"trades":[{"pair":"BTC/USDT","stake_amount":9000,"amount":0.28180833,"open_date":"2022-06-01 00:45:00+00:00","close_date":"2022-06-13 07:45:00+00:00","open_rate":31936.6,"close_rate":24655.0552,"fee_open":0.0002,"fee_close":0.0002,"trade_duration":17700,"profit_ratio":-0.22997881,"profit_abs":-2070.22323026,"exit_reason":"stop_loss","initial_stop_loss_abs":24655.0552,"initial_stop_loss_ratio":-0.228,"stop_loss_abs":24655.0552,"stop_loss_ratio":-0.228,"min_rate":24552.0,"max_rate":31970.0,"is_open":false,"enter_tag":null,"is_short":false,"open_timestamp":1654044300000,"close_timestamp":1655106300000,"orders":[{"amount":0.28180833,"safe_price":31936.6,"ft_order_side":"buy","order_filled_timestamp":1654044300000,"ft_is_entry":true},{"amount":0.28180833,"safe_price":24655.0552,"ft_order_side":"sell","order_filled_timestamp":1655106300000,"ft_is_entry":false}]}],"locks":[],"best_pair":{"key":"BTC/USDT","trades":1,"profit_mean":-0.22997881,"profit_mean_pct":-22.997881,"profit_sum":-0.22997881,"profit_sum_pct":-23.0,"profit_total_abs":-2070.22323026,"profit_total":-0.20702232302600002,"profit_total_pct":-20.7,"duration_avg":"12 days, 7:00:00","wins":0,"draws":0,"losses":1},"worst_pair":{"key":"BTC/USDT","trades":1,"profit_mean":-0.22997881,"profit_mean_pct":-22.997881,"profit_sum":-0.22997881,"profit_sum_pct":-23.0,"profit_total_abs":-2070.22323026,"profit_total":-0.20702232302600002,"profit_total_pct":-20.7,"duration_avg":"12 days, 7:00:00","wins":0,"draws":0,"losses":1},"results_per_pair":[{"key":"BTC/USDT","trades":1,"profit_mean":-0.22997881,"profit_mean_pct":-22.997881,"profit_sum":-0.22997881,"profit_sum_pct":-23.0,"profit_total_abs":-2070.22323026,"profit_total":-0.20702232302600002,"profit_total_pct":-20.7,"duration_avg":"12 days, 7:00:00","wins":0,"draws":0,"losses":1},{"key":"TOTAL","trades":1,"profit_mean":-0.22997881,"profit_mean_pct":-22.997881,"profit_sum":-0.22997881,"profit_sum_pct":-23.0,"profit_total_abs":-2070.22323026,"profit_total":-0.20702232302600002,"profit_total_pct":-20.7,"duration_avg":"12 days, 7:00:00","wins":0,"draws":0,"losses":1}],"results_per_enter_tag":[{"key":"TOTAL","trades":1,"profit_mean":-0.22997881,"profit_mean_pct":-22.997881,"profit_sum":-0.22997881,"profit_sum_pct":-23.0,"profit_total_abs":-2070.22323026,"profit_total":-0.20702232302600002,"profit_total_pct":-20.7,"duration_avg":"12 days, 7:00:00","wins":0,"draws":0,"losses":1}],"exit_reason_summary":[{"exit_reason":"stop_loss","trades":1,"wins":0,"draws":0,"losses":1,"profit_mean":-0.22997881,"profit_mean_pct":-23.0,"profit_sum":-0.22997881,"profit_sum_pct":-23.0,"profit_total_abs":-2070.22323026,"profit_total":-0.22997881,"profit_total_pct":-23.0}],"left_open_trades":[{"key":"TOTAL","trades":0,"profit_mean":0.0,"profit_mean_pct":0.0,"profit_sum":0.0,"profit_sum_pct":0.0,"profit_total_abs":0.0,"profit_total":0.0,"profit_total_pct":0.0,"duration_avg":"0:00","wins":0,"draws":0,"losses":0}],"total_trades":1,"trade_count_long":1,"trade_count_short":0,"total_volume":9000.0,"avg_stake_amount":9000.0,"profit_mean":-0.22997881,"profit_median":-0.22997881,"profit_total":-0.20702232302600002,"profit_total_long":-0.20702232302600002,"profit_total_short":0.0,"profit_total_abs":-2070.22323026,"profit_total_long_abs":-2070.22323026,"profit_total_short_abs":0.0,"cagr":-0.7735790101588275,"profit_factor":0.0,"backtest_start":"2022-06-01 00:00:00","backtest_start_ts":1654041600000,"backtest_end":"2022-07-28 00:00:00","backtest_end_ts":1658966400000,"backtest_days":57,"backtest_run_start_ts":1659270962,"backtest_run_end_ts":1659271011,"trades_per_day":0.02,"market_change":-0.2789155771444793,"pairlist":["BTC/USDT"],"stake_amount":9000,"stake_currency":"USDT","stake_currency_decimals":3,"starting_balance":10000,"dry_run_wallet":10000,"final_balance":7929.7767697399995,"rejected_signals":0,"timedout_entry_orders":0,"timedout_exit_orders":0,"canceled_trade_entries":0,"canceled_entry_orders":0,"replaced_entry_orders":0,"max_open_trades":1,"max_open_trades_setting":10,"timeframe":"15m","timeframe_detail":"","timerange":"20220601-20220728","enable_protections":false,"strategy_name":"CoralTrendMix","stoploss":-0.228,"trailing_stop":false,"trailing_stop_positive":null,"trailing_stop_positive_offset":0.0,"trailing_only_offset_is_reached":false,"use_custom_stoploss":false,"minimal_roi":{"0":0.435,"46":0.147,"196":0.052,"525":0},"use_exit_signal":true,"exit_profit_only":false,"exit_profit_offset":0.0,"ignore_roi_if_entry_signal":false,"backtest_best_day":-0.22997881,"backtest_worst_day":-0.22997881,"backtest_best_day_abs":-2070.22323026,"backtest_worst_day_abs":-2070.22323026,"winning_days":0,"draw_days":0,"losing_days":1,"daily_profit":[["2022-06-13",-2070.22323026]],"wins":0,"losses":1,"draws":0,"holding_avg":"12 days, 7:00:00","holding_avg_s":1062000.0,"winner_holding_avg":"0:00:00","winner_holding_avg_s":0.0,"loser_holding_avg":"12 days, 7:00:00","loser_holding_avg_s":1062000.0,"max_drawdown":0.0,"max_drawdown_account":0.0,"max_relative_drawdown":0.0,"max_drawdown_abs":0.0,"max_drawdown_low":0.0,"max_drawdown_high":0.0,"drawdown_start":"1970-01-01 00:00:00+00:00","drawdown_start_ts":0,"drawdown_end":"1970-01-01 00:00:00+00:00","drawdown_end_ts":0,"csum_min":0,"csum_max":0}},"strategy_comparison":[{"key":"CoralTrendMix","trades":1,"profit_mean":-0.22997881,"profit_mean_pct":-22.997881,"profit_sum":-0.22997881,"profit_sum_pct":-23.0,"profit_total_abs":-2070.22323026,"profit_total":-0.20702232302600002,"profit_total_pct":-20.7,"duration_avg":"12 days, 7:00:00","wins":0,"draws":0,"losses":1,"max_drawdown_account":0.0,"max_drawdown_abs":"0"}]}