{"strategy":{"CombinedBinHAndCluc":{"trades":[{"pair":"BTC/USDT","stake_amount":100,"amount":0.00273398,"open_date":"2022-01-21 21:50:00+00:00","close_date":"2022-01-21 23:25:00+00:00","open_rate":36576.73,"close_rate":36689.38,"fee_open":0.0002,"fee_close":0.0002,"trade_duration":95,"profit_ratio":0.00267868,"profit_abs":0.26792123,"exit_reason":"exit_signal","initial_stop_loss_abs":32919.057,"initial_stop_loss_ratio":-0.1,"stop_loss_abs":32919.057,"stop_loss_ratio":-0.1,"min_rate":35380.92,"max_rate":37130.0,"is_open":false,"enter_tag":null,"is_short":false,"open_timestamp":1642801800000,"close_timestamp":1642807500000,"orders":[{"amount":0.00273398,"safe_price":36576.73,"ft_order_side":"buy","order_filled_timestamp":1642801800000,"ft_is_entry":true},{"amount":0.00273398,"safe_price":36689.38,"ft_order_side":"sell","order_filled_timestamp":1642807500000,"ft_is_entry":false}]},{"pair":"BTC/USDT","stake_amount":100,"amount":0.00278635,"open_date":"2022-02-24 03:00:00+00:00","close_date":"2022-02-24 15:55:00+00:00","open_rate":35889.2,"close_rate":35934.1,"fee_open":0.0002,"fee_close":0.0002,"trade_duration":775,"profit_ratio":0.00100836,"profit_abs":0.1008558,"exit_reason":"exit_signal","initial_stop_loss_abs":32300.28,"initial_stop_loss_ratio":-0.1,"stop_loss_abs":32300.28,"stop_loss_ratio":-0.1,"min_rate":34303.7,"max_rate":36126.1,"is_open":false,"enter_tag":null,"is_short":false,"open_timestamp":1645671600000,"close_timestamp":1645718100000,"orders":[{"amount":0.00278635,"safe_price":35889.2,"ft_order_side":"buy","order_filled_timestamp":1645671600000,"ft_is_entry":true},{"amount":0.00278635,"safe_price":35934.1,"ft_order_side":"sell","order_filled_timestamp":1645718100000,"ft_is_entry":false}]},{"pair":"BTC/USDT","stake_amount":100,"amount":0.00259559,"open_date":"2022-03-10 13:45:00+00:00","close_date":"2022-03-10 14:45:00+00:00","open_rate":38526.9,"close_rate":39132.4,"fee_open":0.0002,"fee_close":0.0002,"trade_duration":60,"profit_ratio":0.01531009,"profit_abs":1.5313154,"exit_reason":"exit_signal","initial_stop_loss_abs":34674.21,"initial_stop_loss_ratio":-0.1,"stop_loss_abs":34674.21,"stop_loss_ratio":-0.1,"min_rate":38526.0,"max_rate":39234.6,"is_open":false,"enter_tag":null,"is_short":false,"open_timestamp":1646919900000,"close_timestamp":1646923500000,"orders":[{"amount":0.00259559,"safe_price":38526.9,"ft_order_side":"buy","order_filled_timestamp":1646919900000,"ft_is_entry":true},{"amount":0.00259559,"safe_price":39132.4,"ft_order_side":"sell","order_filled_timestamp":1646923500000,"ft_is_entry":false}]},{"pair":"BTC/USDT","stake_amount":100,"amount":0.00271038,"open_date":"2022-05-05 15:10:00+00:00","close_date":"2022-05-05 16:55:00+00:00","open_rate":36895.2,"close_rate":37006.5,"fee_open":0.0002,"fee_close":0.0002,"trade_duration":105,"profit_ratio":0.00251557,"profit_abs":0.25160731,"exit_reason":"exit_signal","initial_stop_loss_abs":33205.68,"initial_stop_loss_ratio":-0.1,"stop_loss_abs":33205.68,"stop_loss_ratio":-0.1,"min_rate":36530.0,"max_rate":37444.0,"is_open":false,"enter_tag":null,"is_short":false,"open_timestamp":1651763400000,"close_timestamp":1651769700000,"orders":[{"amount":0.00271038,"safe_price":36895.2,"ft_order_side":"buy","order_filled_timestamp":1651763400000,"ft_is_entry":true},{"amount":0.00271038,"safe_price":37006.5,"ft_order_side":"sell","order_filled_timestamp":1651769700000,"ft_is_entry":false}]},{"pair":"BTC/USDT","stake_amount":100,"amount":0.00326911,"open_date":"2022-05-11 12:35:00+00:00","close_date":"2022-05-11 13:45:00+00:00","open_rate":30589.4,"close_rate":30610.1,"fee_open":0.0002,"fee_close":0.0002,"trade_duration":70,"profit_ratio":0.00027651,"profit_abs":0.027657,"exit_reason":"exit_signal","initial_stop_loss_abs":27530.460000000003,"initial_stop_loss_ratio":-0.1,"stop_loss_abs":27530.460000000003,"stop_loss_ratio":-0.1,"min_rate":29000.0,"max_rate":31815.7,"is_open":false,"enter_tag":null,"is_short":false,"open_timestamp":1652272500000,"close_timestamp":1652276700000,"orders":[{"amount":0.00326911,"safe_price":30589.4,"ft_order_side":"buy","order_filled_timestamp":1652272500000,"ft_is_entry":true},{"amount":0.00326911,"safe_price":30610.1,"ft_order_side":"sell","order_filled_timestamp":1652276700000,"ft_is_entry":false}]},{"pair":"BTC/USDT","stake_amount":100,"amount":0.00351781,"open_date":"2022-05-11 20:55:00+00:00","close_date":"2022-05-11 21:55:00+00:00","open_rate":28426.8,"close_rate":28916.7,"fee_open":0.0002,"fee_close":0.0002,"trade_duration":60,"profit_ratio":0.01682693,"profit_abs":1.68303041,"exit_reason":"exit_signal","initial_stop_loss_abs":25584.12,"initial_stop_loss_ratio":-0.1,"stop_loss_abs":25584.12,"stop_loss_ratio":-0.1,"min_rate":27651.0,"max_rate":29290.5,"is_open":false,"enter_tag":null,"is_short":false,"open_timestamp":1652302500000,"close_timestamp":1652306100000,"orders":[{"amount":0.00351781,"safe_price":28426.8,"ft_order_side":"buy","order_filled_timestamp":1652302500000,"ft_is_entry":true},{"amount":0.00351781,"safe_price":28916.7,"ft_order_side":"sell","order_filled_timestamp":1652306100000,"ft_is_entry":false}]},{"pair":"BTC/USDT","stake_amount":100,"amount":0.00367055,"open_date":"2022-05-12 04:25:00+00:00","close_date":"2022-05-12 06:30:00+00:00","open_rate":27243.9,"close_rate":27473.0,"fee_open":0.0002,"fee_close":0.0002,"trade_duration":125,"profit_ratio":0.00800594,"profit_abs":0.80075478,"exit_reason":"exit_signal","initial_stop_loss_abs":24519.510000000002,"initial_stop_loss_ratio":-0.1,"stop_loss_abs":24519.510000000002,"stop_loss_ratio":-0.1,"min_rate":26700.0,"max_rate":28171.5,"is_open":false,"enter_tag":null,"is_short":false,"open_timestamp":1652329500000,"close_timestamp":1652337000000,"orders":[{"amount":0.00367055,"safe_price":27243.9,"ft_order_side":"buy","order_filled_timestamp":1652329500000,"ft_is_entry":true},{"amount":0.00367055,"safe_price":27473.0,"ft_order_side":"sell","order_filled_timestamp":1652337000000,"ft_is_entry":false}]},{"pair":"BTC/USDT","stake_amount":100,"amount":0.00329437,"open_date":"2022-06-07 22:50:00+00:00","close_date":"2022-06-07 22:55:00+00:00","open_rate":30354.8,"close_rate":31500.0,"fee_open":0.0002,"fee_close":0.0002,"trade_duration":5,"profit_ratio":0.03731214,"profit_abs":3.731958,"exit_reason":"exit_signal","initial_stop_loss_abs":27319.32,"initial_stop_loss_ratio":-0.1,"stop_loss_abs":27319.32,"stop_loss_ratio":-0.1,"min_rate":30303.3,"max_rate":31598.9,"is_open":false,"enter_tag":null,"is_short":false,"open_timestamp":1654642200000,"close_timestamp":1654642500000,"orders":[{"amount":0.00329437,"safe_price":30354.8,"ft_order_side":"buy","order_filled_timestamp":1654642200000,"ft_is_entry":true},{"amount":0.00329437,"safe_price":31500.0,"ft_order_side":"sell","order_filled_timestamp":1654642500000,"ft_is_entry":false}]},{"pair":"BTC/USDT","stake_amount":100,"amount":0.00464526,"open_date":"2022-06-14 21:25:00+00:00","close_date":"2022-06-14 22:50:00+00:00","open_rate":21527.3,"close_rate":21615.7,"fee_open":0.0002,"fee_close":0.0002,"trade_duration":85,"profit_ratio":0.00370485,"profit_abs":0.37055889,"exit_reason":"exit_signal","initial_stop_loss_abs":19374.57,"initial_stop_loss_ratio":-0.1,"stop_loss_abs":19374.57,"stop_loss_ratio":-0.1,"min_rate":21350.0,"max_rate":21647.3,"is_open":false,"enter_tag":null,"is_short":false,"open_timestamp":1655241900000,"close_timestamp":1655247000000,"orders":[{"amount":0.00464526,"safe_price":21527.3,"ft_order_side":"buy","order_filled_timestamp":1655241900000,"ft_is_entry":true},{"amount":0.00464526,"safe_price":21615.7,"ft_order_side":"sell","order_filled_timestamp":1655247000000,"ft_is_entry":false}]},{"pair":"BTC/USDT","stake_amount":100,"amount":0.00514952,"open_date":"2022-06-18 07:00:00+00:00","close_date":"2022-06-18 10:30:00+00:00","open_rate":19419.3,"close_rate":19434.2,"fee_open":0.0002,"fee_close":0.0002,"trade_duration":210,"profit_ratio":0.00032172,"profit_abs":0.03217853,"exit_reason":"exit_signal","initial_stop_loss_abs":17477.37,"initial_stop_loss_ratio":-0.1,"stop_loss_abs":17477.37,"stop_loss_ratio":-0.1,"min_rate":18690.0,"max_rate":19587.0,"is_open":false,"enter_tag":null,"is_short":false,"open_timestamp":1655535600000,"close_timestamp":1655548200000,"orders":[{"amount":0.00514952,"safe_price":19419.3,"ft_order_side":"buy","order_filled_timestamp":1655535600000,"ft_is_entry":true},{"amount":0.00514952,"safe_price":19434.2,"ft_order_side":"sell","order_filled_timestamp":1655548200000,"ft_is_entry":false}]},{"pair":"BTC/USDT","stake_amount":100,"amount":0.00524835,"open_date":"2022-07-13 12:40:00+00:00","close_date":"2022-07-13 13:55:00+00:00","open_rate":19053.6,"close_rate":19279.5,"fee_open":0.0002,"fee_close":0.0002,"trade_duration":75,"profit_ratio":0.01145137,"profit_abs":1.14536516,"exit_reason":"exit_signal","initial_stop_loss_abs":17148.239999999998,"initial_stop_loss_ratio":-0.1,"stop_loss_abs":17148.239999999998,"stop_loss_ratio":-0.1,"min_rate":18901.0,"max_rate":19347.6,"is_open":false,"enter_tag":null,"is_short":false,"open_timestamp":1657716000000,"close_timestamp":1657720500000,"orders":[{"amount":0.00524835,"safe_price":19053.6,"ft_order_side":"buy","order_filled_timestamp":1657716000000,"ft_is_entry":true},{"amount":0.00524835,"safe_price":19279.5,"ft_order_side":"sell","order_filled_timestamp":1657720500000,"ft_is_entry":false}]}],"locks":[],"best_pair":{"key":"BTC/USDT","trades":11,"profit_mean":0.00903746909090909,"profit_mean_pct":0.903746909090909,"profit_sum":0.09941215999999999,"profit_sum_pct":9.94,"profit_total_abs":9.94320251,"profit_total":0.00994320251,"profit_total_pct":0.99,"duration_avg":"2:31:00","wins":11,"draws":0,"losses":0},"worst_pair":{"key":"BTC/USDT","trades":11,"profit_mean":0.00903746909090909,"profit_mean_pct":0.903746909090909,"profit_sum":0.09941215999999999,"profit_sum_pct":9.94,"profit_total_abs":9.94320251,"profit_total":0.00994320251,"profit_total_pct":0.99,"duration_avg":"2:31:00","wins":11,"draws":0,"losses":0},"results_per_pair":[{"key":"BTC/USDT","trades":11,"profit_mean":0.00903746909090909,"profit_mean_pct":0.903746909090909,"profit_sum":0.09941215999999999,"profit_sum_pct":9.94,"profit_total_abs":9.94320251,"profit_total":0.00994320251,"profit_total_pct":0.99,"duration_avg":"2:31:00","wins":11,"draws":0,"losses":0},{"key":"TOTAL","trades":11,"profit_mean":0.00903746909090909,"profit_mean_pct":0.903746909090909,"profit_sum":0.09941215999999999,"profit_sum_pct":9.94,"profit_total_abs":9.94320251,"profit_total":0.00994320251,"profit_total_pct":0.99,"duration_avg":"2:31:00","wins":11,"draws":0,"losses":0}],"results_per_enter_tag":[{"key":"TOTAL","trades":11,"profit_mean":0.00903746909090909,"profit_mean_pct":0.903746909090909,"profit_sum":0.09941215999999999,"profit_sum_pct":9.94,"profit_total_abs":9.94320251,"profit_total":0.00994320251,"profit_total_pct":0.99,"duration_avg":"2:31:00","wins":11,"draws":0,"losses":0}],"exit_reason_summary":[{"exit_reason":"exit_signal","trades":11,"wins":11,"draws":0,"losses":0,"profit_mean":0.00903746909090909,"profit_mean_pct":0.9,"profit_sum":0.09941215999999999,"profit_sum_pct":9.94,"profit_total_abs":9.94320251,"profit_total":0.09941215999999999,"profit_total_pct":9.94}],"left_open_trades":[{"key":"TOTAL","trades":0,"profit_mean":0.0,"profit_mean_pct":0.0,"profit_sum":0.0,"profit_sum_pct":0.0,"profit_total_abs":0.0,"profit_total":0.0,"profit_total_pct":0.0,"duration_avg":"0:00","wins":0,"draws":0,"losses":0}],"total_trades":11,"trade_count_long":11,"trade_count_short":0,"total_volume":1100.0,"avg_stake_amount":100.0,"profit_mean":0.00903746909090909,"profit_median":0.00370485,"profit_total":0.00994320251,"profit_total_long":0.00994320251,"profit_total_short":0.0,"profit_total_abs":9.94320251,"profit_total_long_abs":9.94320251,"profit_total_short_abs":0.0,"cagr":0.017772396388526124,"profit_factor":0.0,"backtest_start":"2022-01-01 00:00:00","backtest_start_ts":1640995200000,"backtest_end":"2022-07-25 00:05:00","backtest_end_ts":1658707500000,"backtest_days":205,"backtest_run_start_ts":1658708724,"backtest_run_end_ts":1658708726,"trades_per_day":0.05,"market_change":-0.5120062820392964,"pairlist":["BTC/USDT"],"stake_amount":100,"stake_currency":"USDT","stake_currency_decimals":3,"starting_balance":1000,"dry_run_wallet":1000,"final_balance":1009.94320251,"rejected_signals":0,"timedout_entry_orders":0,"timedout_exit_orders":0,"canceled_trade_entries":0,"canceled_entry_orders":0,"replaced_entry_orders":0,"max_open_trades":1,"max_open_trades_setting":3,"timeframe":"5m","timeframe_detail":"","timerange":"","enable_protections":false,"strategy_name":"CombinedBinHAndCluc","stoploss":-0.1,"trailing_stop":false,"trailing_stop_positive":null,"trailing_stop_positive_offset":0.0,"trailing_only_offset_is_reached":false,"use_custom_stoploss":false,"minimal_roi":{"0":0.1},"use_exit_signal":true,"exit_profit_only":true,"exit_profit_offset":0.0,"ignore_roi_if_entry_signal":false,"backtest_best_day":0.03731214,"backtest_worst_day":0.0,"backtest_best_day_abs":3.731958,"backtest_worst_day_abs":0.0,"winning_days":10,"draw_days":164,"losing_days":0,"daily_profit":[["2022-01-21",0.26792123],["2022-01-22",0.0],["2022-01-23",0.0],["2022-01-24",0.0],["2022-01-25",0.0],["2022-01-26",0.0],["2022-01-27",0.0],["2022-01-28",0.0],["2022-01-29",0.0],["2022-01-30",0.0],["2022-01-31",0.0],["2022-02-01",0.0],["2022-02-02",0.0],["2022-02-03",0.0],["2022-02-04",0.0],["2022-02-05",0.0],["2022-02-06",0.0],["2022-02-07",0.0],["2022-02-08",0.0],["2022-02-09",0.0],["2022-02-10",0.0],["2022-02-11",0.0],["2022-02-12",0.0],["2022-02-13",0.0],["2022-02-14",0.0],["2022-02-15",0.0],["2022-02-16",0.0],["2022-02-17",0.0],["2022-02-18",0.0],["2022-02-19",0.0],["2022-02-20",0.0],["2022-02-21",0.0],["2022-02-22",0.0],["2022-02-23",0.0],["2022-02-24",0.1008558],["2022-02-25",0.0],["2022-02-26",0.0],["2022-02-27",0.0],["2022-02-28",0.0],["2022-03-01",0.0],["2022-03-02",0.0],["2022-03-03",0.0],["2022-03-04",0.0],["2022-03-05",0.0],["2022-03-06",0.0],["2022-03-07",0.0],["2022-03-08",0.0],["2022-03-09",0.0],["2022-03-10",1.5313154],["2022-03-11",0.0],["2022-03-12",0.0],["2022-03-13",0.0],["2022-03-14",0.0],["2022-03-15",0.0],["2022-03-16",0.0],["2022-03-17",0.0],["2022-03-18",0.0],["2022-03-19",0.0],["2022-03-20",0.0],["2022-03-21",0.0],["2022-03-22",0.0],["2022-03-23",0.0],["2022-03-24",0.0],["2022-03-25",0.0],["2022-03-26",0.0],["2022-03-27",0.0],["2022-03-28",0.0],["2022-03-29",0.0],["2022-03-30",0.0],["2022-03-31",0.0],["2022-04-01",0.0],["2022-04-02",0.0],["2022-04-03",0.0],["2022-04-04",0.0],["2022-04-05",0.0],["2022-04-06",0.0],["2022-04-07",0.0],["2022-04-08",0.0],["2022-04-09",0.0],["2022-04-10",0.0],["2022-04-11",0.0],["2022-04-12",0.0],["2022-04-13",0.0],["2022-04-14",0.0],["2022-04-15",0.0],["2022-04-16",0.0],["2022-04-17",0.0],["2022-04-18",0.0],["2022-04-19",0.0],["2022-04-20",0.0],["2022-04-21",0.0],["2022-04-22",0.0],["2022-04-23",0.0],["2022-04-24",0.0],["2022-04-25",0.0],["2022-04-26",0.0],["2022-04-27",0.0],["2022-04-28",0.0],["2022-04-29",0.0],["2022-04-30",0.0],["2022-05-01",0.0],["2022-05-02",0.0],["2022-05-03",0.0],["2022-05-04",0.0],["2022-05-05",0.25160731],["2022-05-06",0.0],["2022-05-07",0.0],["2022-05-08",0.0],["2022-05-09",0.0],["2022-05-10",0.0],["2022-05-11",1.71068741],["2022-05-12",0.80075478],["2022-05-13",0.0],["2022-05-14",0.0],["2022-05-15",0.0],["2022-05-16",0.0],["2022-05-17",0.0],["2022-05-18",0.0],["2022-05-19",0.0],["2022-05-20",0.0],["2022-05-21",0.0],["2022-05-22",0.0],["2022-05-23",0.0],["2022-05-24",0.0],["2022-05-25",0.0],["2022-05-26",0.0],["2022-05-27",0.0],["2022-05-28",0.0],["2022-05-29",0.0],["2022-05-30",0.0],["2022-05-31",0.0],["2022-06-01",0.0],["2022-06-02",0.0],["2022-06-03",0.0],["2022-06-04",0.0],["2022-06-05",0.0],["2022-06-06",0.0],["2022-06-07",3.731958],["2022-06-08",0.0],["2022-06-09",0.0],["2022-06-10",0.0],["2022-06-11",0.0],["2022-06-12",0.0],["2022-06-13",0.0],["2022-06-14",0.37055889],["2022-06-15",0.0],["2022-06-16",0.0],["2022-06-17",0.0],["2022-06-18",0.03217853],["2022-06-19",0.0],["2022-06-20",0.0],["2022-06-21",0.0],["2022-06-22",0.0],["2022-06-23",0.0],["2022-06-24",0.0],["2022-06-25",0.0],["2022-06-26",0.0],["2022-06-27",0.0],["2022-06-28",0.0],["2022-06-29",0.0],["2022-06-30",0.0],["2022-07-01",0.0],["2022-07-02",0.0],["2022-07-03",0.0],["2022-07-04",0.0],["2022-07-05",0.0],["2022-07-06",0.0],["2022-07-07",0.0],["2022-07-08",0.0],["2022-07-09",0.0],["2022-07-10",0.0],["2022-07-11",0.0],["2022-07-12",0.0],["2022-07-13",1.14536516]],"wins":11,"losses":0,"draws":0,"holding_avg":"2:31:00","holding_avg_s":9060.0,"winner_holding_avg":"2:31:00","winner_holding_avg_s":9060.0,"loser_holding_avg":"0:00:00","loser_holding_avg_s":0.0,"max_drawdown":0.0,"max_drawdown_account":0.0,"max_relative_drawdown":0.0,"max_drawdown_abs":0.0,"max_drawdown_low":0.0,"max_drawdown_high":0.0,"drawdown_start":"1970-01-01 00:00:00+00:00","drawdown_start_ts":0,"drawdown_end":"1970-01-01 00:00:00+00:00","drawdown_end_ts":0,"csum_min":0,"csum_max":0}},"strategy_comparison":[{"key":"CombinedBinHAndCluc","trades":11,"profit_mean":0.00903746909090909,"profit_mean_pct":0.903746909090909,"profit_sum":0.09941215999999999,"profit_sum_pct":9.94,"profit_total_abs":9.94320251,"profit_total":0.00994320251,"profit_total_pct":0.99,"duration_avg":"2:31:00","wins":11,"draws":0,"losses":0,"max_drawdown_account":0.0,"max_drawdown_abs":"0"}]}